"model","reference_date","horizon","target_end_date","target_group","output_type","output_type_id","value"
"Regular Baseline","2026-06-27",-3,"2026-06-06","Adults","quantile","0.01",206
"Regular Baseline","2026-06-27",-3,"2026-06-06","Adults","quantile","0.025",225
"Regular Baseline","2026-06-27",-3,"2026-06-06","Adults","quantile","0.05",247
"Regular Baseline","2026-06-27",-3,"2026-06-06","Adults","quantile","0.1",266
"Regular Baseline","2026-06-27",-3,"2026-06-06","Adults","quantile","0.15",274
"Regular Baseline","2026-06-27",-3,"2026-06-06","Adults","quantile","0.2",285
"Regular Baseline","2026-06-27",-3,"2026-06-06","Adults","quantile","0.25",293
"Regular Baseline","2026-06-27",-3,"2026-06-06","Adults","quantile","0.3",298
"Regular Baseline","2026-06-27",-3,"2026-06-06","Adults","quantile","0.35",304
"Regular Baseline","2026-06-27",-3,"2026-06-06","Adults","quantile","0.4",310
"Regular Baseline","2026-06-27",-3,"2026-06-06","Adults","quantile","0.45",314
"Regular Baseline","2026-06-27",-3,"2026-06-06","Adults","quantile","0.5",320
"Regular Baseline","2026-06-27",-3,"2026-06-06","Adults","quantile","0.55",326
"Regular Baseline","2026-06-27",-3,"2026-06-06","Adults","quantile","0.6",330
"Regular Baseline","2026-06-27",-3,"2026-06-06","Adults","quantile","0.65",337
"Regular Baseline","2026-06-27",-3,"2026-06-06","Adults","quantile","0.7",342
"Regular Baseline","2026-06-27",-3,"2026-06-06","Adults","quantile","0.75",348
"Regular Baseline","2026-06-27",-3,"2026-06-06","Adults","quantile","0.8",357
"Regular Baseline","2026-06-27",-3,"2026-06-06","Adults","quantile","0.85",370
"Regular Baseline","2026-06-27",-3,"2026-06-06","Adults","quantile","0.9",379
"Regular Baseline","2026-06-27",-3,"2026-06-06","Adults","quantile","0.95",402
"Regular Baseline","2026-06-27",-3,"2026-06-06","Adults","quantile","0.975",432
"Regular Baseline","2026-06-27",-3,"2026-06-06","Adults","quantile","0.99",459
"Regular Baseline","2026-06-27",-2,"2026-06-13","Adults","quantile","0.01",174
"Regular Baseline","2026-06-27",-2,"2026-06-13","Adults","quantile","0.025",197
"Regular Baseline","2026-06-27",-2,"2026-06-13","Adults","quantile","0.05",217
"Regular Baseline","2026-06-27",-2,"2026-06-13","Adults","quantile","0.1",240
"Regular Baseline","2026-06-27",-2,"2026-06-13","Adults","quantile","0.15",256
"Regular Baseline","2026-06-27",-2,"2026-06-13","Adults","quantile","0.2",268
"Regular Baseline","2026-06-27",-2,"2026-06-13","Adults","quantile","0.25",279
"Regular Baseline","2026-06-27",-2,"2026-06-13","Adults","quantile","0.3",288
"Regular Baseline","2026-06-27",-2,"2026-06-13","Adults","quantile","0.35",296
"Regular Baseline","2026-06-27",-2,"2026-06-13","Adults","quantile","0.4",304
"Regular Baseline","2026-06-27",-2,"2026-06-13","Adults","quantile","0.45",312
"Regular Baseline","2026-06-27",-2,"2026-06-13","Adults","quantile","0.5",320
"Regular Baseline","2026-06-27",-2,"2026-06-13","Adults","quantile","0.55",328
"Regular Baseline","2026-06-27",-2,"2026-06-13","Adults","quantile","0.6",336
"Regular Baseline","2026-06-27",-2,"2026-06-13","Adults","quantile","0.65",345
"Regular Baseline","2026-06-27",-2,"2026-06-13","Adults","quantile","0.7",354
"Regular Baseline","2026-06-27",-2,"2026-06-13","Adults","quantile","0.75",364
"Regular Baseline","2026-06-27",-2,"2026-06-13","Adults","quantile","0.8",377
"Regular Baseline","2026-06-27",-2,"2026-06-13","Adults","quantile","0.85",392
"Regular Baseline","2026-06-27",-2,"2026-06-13","Adults","quantile","0.9",410
"Regular Baseline","2026-06-27",-2,"2026-06-13","Adults","quantile","0.95",444
"Regular Baseline","2026-06-27",-2,"2026-06-13","Adults","quantile","0.975",477
"Regular Baseline","2026-06-27",-2,"2026-06-13","Adults","quantile","0.99",509
"Regular Baseline","2026-06-27",-1,"2026-06-20","Adults","quantile","0.01",145
"Regular Baseline","2026-06-27",-1,"2026-06-20","Adults","quantile","0.025",174
"Regular Baseline","2026-06-27",-1,"2026-06-20","Adults","quantile","0.05",194
"Regular Baseline","2026-06-27",-1,"2026-06-20","Adults","quantile","0.1",223
"Regular Baseline","2026-06-27",-1,"2026-06-20","Adults","quantile","0.15",241
"Regular Baseline","2026-06-27",-1,"2026-06-20","Adults","quantile","0.2",255
"Regular Baseline","2026-06-27",-1,"2026-06-20","Adults","quantile","0.25",269
"Regular Baseline","2026-06-27",-1,"2026-06-20","Adults","quantile","0.3",280
"Regular Baseline","2026-06-27",-1,"2026-06-20","Adults","quantile","0.35",290
"Regular Baseline","2026-06-27",-1,"2026-06-20","Adults","quantile","0.4",300
"Regular Baseline","2026-06-27",-1,"2026-06-20","Adults","quantile","0.45",310
"Regular Baseline","2026-06-27",-1,"2026-06-20","Adults","quantile","0.5",320
"Regular Baseline","2026-06-27",-1,"2026-06-20","Adults","quantile","0.55",330
"Regular Baseline","2026-06-27",-1,"2026-06-20","Adults","quantile","0.6",340
"Regular Baseline","2026-06-27",-1,"2026-06-20","Adults","quantile","0.65",351
"Regular Baseline","2026-06-27",-1,"2026-06-20","Adults","quantile","0.7",363
"Regular Baseline","2026-06-27",-1,"2026-06-20","Adults","quantile","0.75",376
"Regular Baseline","2026-06-27",-1,"2026-06-20","Adults","quantile","0.8",392
"Regular Baseline","2026-06-27",-1,"2026-06-20","Adults","quantile","0.85",410
"Regular Baseline","2026-06-27",-1,"2026-06-20","Adults","quantile","0.9",433
"Regular Baseline","2026-06-27",-1,"2026-06-20","Adults","quantile","0.95",475
"Regular Baseline","2026-06-27",-1,"2026-06-20","Adults","quantile","0.975",508
"Regular Baseline","2026-06-27",-1,"2026-06-20","Adults","quantile","0.99",555
"Regular Baseline","2026-06-27",0,"2026-06-27","Adults","quantile","0.01",125
"Regular Baseline","2026-06-27",0,"2026-06-27","Adults","quantile","0.025",153
"Regular Baseline","2026-06-27",0,"2026-06-27","Adults","quantile","0.05",177
"Regular Baseline","2026-06-27",0,"2026-06-27","Adults","quantile","0.1",208
"Regular Baseline","2026-06-27",0,"2026-06-27","Adults","quantile","0.15",228
"Regular Baseline","2026-06-27",0,"2026-06-27","Adults","quantile","0.2",245
"Regular Baseline","2026-06-27",0,"2026-06-27","Adults","quantile","0.25",260
"Regular Baseline","2026-06-27",0,"2026-06-27","Adults","quantile","0.3",273
"Regular Baseline","2026-06-27",0,"2026-06-27","Adults","quantile","0.35",285
"Regular Baseline","2026-06-27",0,"2026-06-27","Adults","quantile","0.4",296
"Regular Baseline","2026-06-27",0,"2026-06-27","Adults","quantile","0.45",307
"Regular Baseline","2026-06-27",0,"2026-06-27","Adults","quantile","0.5",320
"Regular Baseline","2026-06-27",0,"2026-06-27","Adults","quantile","0.55",331
"Regular Baseline","2026-06-27",0,"2026-06-27","Adults","quantile","0.6",344
"Regular Baseline","2026-06-27",0,"2026-06-27","Adults","quantile","0.65",356
"Regular Baseline","2026-06-27",0,"2026-06-27","Adults","quantile","0.7",370
"Regular Baseline","2026-06-27",0,"2026-06-27","Adults","quantile","0.75",386
"Regular Baseline","2026-06-27",0,"2026-06-27","Adults","quantile","0.8",405
"Regular Baseline","2026-06-27",0,"2026-06-27","Adults","quantile","0.85",427
"Regular Baseline","2026-06-27",0,"2026-06-27","Adults","quantile","0.9",454
"Regular Baseline","2026-06-27",0,"2026-06-27","Adults","quantile","0.95",499
"Regular Baseline","2026-06-27",0,"2026-06-27","Adults","quantile","0.975",543
"Regular Baseline","2026-06-27",0,"2026-06-27","Adults","quantile","0.99",599
"Regular Baseline","2026-06-27",1,"2026-07-04","Adults","quantile","0.01",111
"Regular Baseline","2026-06-27",1,"2026-07-04","Adults","quantile","0.025",138
"Regular Baseline","2026-06-27",1,"2026-07-04","Adults","quantile","0.05",162
"Regular Baseline","2026-06-27",1,"2026-07-04","Adults","quantile","0.1",195
"Regular Baseline","2026-06-27",1,"2026-07-04","Adults","quantile","0.15",217
"Regular Baseline","2026-06-27",1,"2026-07-04","Adults","quantile","0.2",235
"Regular Baseline","2026-06-27",1,"2026-07-04","Adults","quantile","0.25",252
"Regular Baseline","2026-06-27",1,"2026-07-04","Adults","quantile","0.3",266
"Regular Baseline","2026-06-27",1,"2026-07-04","Adults","quantile","0.35",280
"Regular Baseline","2026-06-27",1,"2026-07-04","Adults","quantile","0.4",293
"Regular Baseline","2026-06-27",1,"2026-07-04","Adults","quantile","0.45",307
"Regular Baseline","2026-06-27",1,"2026-07-04","Adults","quantile","0.5",320
"Regular Baseline","2026-06-27",1,"2026-07-04","Adults","quantile","0.55",332
"Regular Baseline","2026-06-27",1,"2026-07-04","Adults","quantile","0.6",346
"Regular Baseline","2026-06-27",1,"2026-07-04","Adults","quantile","0.65",361
"Regular Baseline","2026-06-27",1,"2026-07-04","Adults","quantile","0.7",377
"Regular Baseline","2026-06-27",1,"2026-07-04","Adults","quantile","0.75",394
"Regular Baseline","2026-06-27",1,"2026-07-04","Adults","quantile","0.8",415
"Regular Baseline","2026-06-27",1,"2026-07-04","Adults","quantile","0.85",439
"Regular Baseline","2026-06-27",1,"2026-07-04","Adults","quantile","0.9",471
"Regular Baseline","2026-06-27",1,"2026-07-04","Adults","quantile","0.95",522
"Regular Baseline","2026-06-27",1,"2026-07-04","Adults","quantile","0.975",569
"Regular Baseline","2026-06-27",1,"2026-07-04","Adults","quantile","0.99",629
"Regular Baseline","2026-06-27",2,"2026-07-11","Adults","quantile","0.01",98
"Regular Baseline","2026-06-27",2,"2026-07-11","Adults","quantile","0.025",126
"Regular Baseline","2026-06-27",2,"2026-07-11","Adults","quantile","0.05",152
"Regular Baseline","2026-06-27",2,"2026-07-11","Adults","quantile","0.1",186
"Regular Baseline","2026-06-27",2,"2026-07-11","Adults","quantile","0.15",210
"Regular Baseline","2026-06-27",2,"2026-07-11","Adults","quantile","0.2",229
"Regular Baseline","2026-06-27",2,"2026-07-11","Adults","quantile","0.25",247
"Regular Baseline","2026-06-27",2,"2026-07-11","Adults","quantile","0.3",263
"Regular Baseline","2026-06-27",2,"2026-07-11","Adults","quantile","0.35",277
"Regular Baseline","2026-06-27",2,"2026-07-11","Adults","quantile","0.4",292
"Regular Baseline","2026-06-27",2,"2026-07-11","Adults","quantile","0.45",307
"Regular Baseline","2026-06-27",2,"2026-07-11","Adults","quantile","0.5",320
"Regular Baseline","2026-06-27",2,"2026-07-11","Adults","quantile","0.55",335
"Regular Baseline","2026-06-27",2,"2026-07-11","Adults","quantile","0.6",349
"Regular Baseline","2026-06-27",2,"2026-07-11","Adults","quantile","0.65",366
"Regular Baseline","2026-06-27",2,"2026-07-11","Adults","quantile","0.7",384
"Regular Baseline","2026-06-27",2,"2026-07-11","Adults","quantile","0.75",404
"Regular Baseline","2026-06-27",2,"2026-07-11","Adults","quantile","0.8",425
"Regular Baseline","2026-06-27",2,"2026-07-11","Adults","quantile","0.85",452
"Regular Baseline","2026-06-27",2,"2026-07-11","Adults","quantile","0.9",487
"Regular Baseline","2026-06-27",2,"2026-07-11","Adults","quantile","0.95",545
"Regular Baseline","2026-06-27",2,"2026-07-11","Adults","quantile","0.975",597
"Regular Baseline","2026-06-27",2,"2026-07-11","Adults","quantile","0.99",661
"Regular Baseline","2026-06-27",3,"2026-07-18","Adults","quantile","0.01",89
"Regular Baseline","2026-06-27",3,"2026-07-18","Adults","quantile","0.025",114
"Regular Baseline","2026-06-27",3,"2026-07-18","Adults","quantile","0.05",141
"Regular Baseline","2026-06-27",3,"2026-07-18","Adults","quantile","0.1",177
"Regular Baseline","2026-06-27",3,"2026-07-18","Adults","quantile","0.15",200
"Regular Baseline","2026-06-27",3,"2026-07-18","Adults","quantile","0.2",223
"Regular Baseline","2026-06-27",3,"2026-07-18","Adults","quantile","0.25",241
"Regular Baseline","2026-06-27",3,"2026-07-18","Adults","quantile","0.3",258
"Regular Baseline","2026-06-27",3,"2026-07-18","Adults","quantile","0.35",274
"Regular Baseline","2026-06-27",3,"2026-07-18","Adults","quantile","0.4",290
"Regular Baseline","2026-06-27",3,"2026-07-18","Adults","quantile","0.45",305
"Regular Baseline","2026-06-27",3,"2026-07-18","Adults","quantile","0.5",320
"Regular Baseline","2026-06-27",3,"2026-07-18","Adults","quantile","0.55",335
"Regular Baseline","2026-06-27",3,"2026-07-18","Adults","quantile","0.6",351
"Regular Baseline","2026-06-27",3,"2026-07-18","Adults","quantile","0.65",368
"Regular Baseline","2026-06-27",3,"2026-07-18","Adults","quantile","0.7",388
"Regular Baseline","2026-06-27",3,"2026-07-18","Adults","quantile","0.75",411
"Regular Baseline","2026-06-27",3,"2026-07-18","Adults","quantile","0.8",437
"Regular Baseline","2026-06-27",3,"2026-07-18","Adults","quantile","0.85",465
"Regular Baseline","2026-06-27",3,"2026-07-18","Adults","quantile","0.9",506
"Regular Baseline","2026-06-27",3,"2026-07-18","Adults","quantile","0.95",566
"Regular Baseline","2026-06-27",3,"2026-07-18","Adults","quantile","0.975",627
"Regular Baseline","2026-06-27",3,"2026-07-18","Adults","quantile","0.99",695
"Regular Baseline","2026-06-27",-3,"2026-06-06","Overall","quantile","0.01",526
"Regular Baseline","2026-06-27",-3,"2026-06-06","Overall","quantile","0.025",560
"Regular Baseline","2026-06-27",-3,"2026-06-06","Overall","quantile","0.05",588
"Regular Baseline","2026-06-27",-3,"2026-06-06","Overall","quantile","0.1",622
"Regular Baseline","2026-06-27",-3,"2026-06-06","Overall","quantile","0.15",641
"Regular Baseline","2026-06-27",-3,"2026-06-06","Overall","quantile","0.2",655
"Regular Baseline","2026-06-27",-3,"2026-06-06","Overall","quantile","0.25",670
"Regular Baseline","2026-06-27",-3,"2026-06-06","Overall","quantile","0.3",682
"Regular Baseline","2026-06-27",-3,"2026-06-06","Overall","quantile","0.35",694
"Regular Baseline","2026-06-27",-3,"2026-06-06","Overall","quantile","0.4",705
"Regular Baseline","2026-06-27",-3,"2026-06-06","Overall","quantile","0.45",717
"Regular Baseline","2026-06-27",-3,"2026-06-06","Overall","quantile","0.5",725
"Regular Baseline","2026-06-27",-3,"2026-06-06","Overall","quantile","0.55",733
"Regular Baseline","2026-06-27",-3,"2026-06-06","Overall","quantile","0.6",745
"Regular Baseline","2026-06-27",-3,"2026-06-06","Overall","quantile","0.65",757
"Regular Baseline","2026-06-27",-3,"2026-06-06","Overall","quantile","0.7",769
"Regular Baseline","2026-06-27",-3,"2026-06-06","Overall","quantile","0.75",782
"Regular Baseline","2026-06-27",-3,"2026-06-06","Overall","quantile","0.8",798
"Regular Baseline","2026-06-27",-3,"2026-06-06","Overall","quantile","0.85",814
"Regular Baseline","2026-06-27",-3,"2026-06-06","Overall","quantile","0.9",836
"Regular Baseline","2026-06-27",-3,"2026-06-06","Overall","quantile","0.95",876
"Regular Baseline","2026-06-27",-3,"2026-06-06","Overall","quantile","0.975",911
"Regular Baseline","2026-06-27",-3,"2026-06-06","Overall","quantile","0.99",956
"Regular Baseline","2026-06-27",-2,"2026-06-13","Overall","quantile","0.01",451
"Regular Baseline","2026-06-27",-2,"2026-06-13","Overall","quantile","0.025",498
"Regular Baseline","2026-06-27",-2,"2026-06-13","Overall","quantile","0.05",533
"Regular Baseline","2026-06-27",-2,"2026-06-13","Overall","quantile","0.1",575
"Regular Baseline","2026-06-27",-2,"2026-06-13","Overall","quantile","0.15",604
"Regular Baseline","2026-06-27",-2,"2026-06-13","Overall","quantile","0.2",627
"Regular Baseline","2026-06-27",-2,"2026-06-13","Overall","quantile","0.25",646
"Regular Baseline","2026-06-27",-2,"2026-06-13","Overall","quantile","0.3",664
"Regular Baseline","2026-06-27",-2,"2026-06-13","Overall","quantile","0.35",681
"Regular Baseline","2026-06-27",-2,"2026-06-13","Overall","quantile","0.4",695
"Regular Baseline","2026-06-27",-2,"2026-06-13","Overall","quantile","0.45",710
"Regular Baseline","2026-06-27",-2,"2026-06-13","Overall","quantile","0.5",725
"Regular Baseline","2026-06-27",-2,"2026-06-13","Overall","quantile","0.55",741
"Regular Baseline","2026-06-27",-2,"2026-06-13","Overall","quantile","0.6",756
"Regular Baseline","2026-06-27",-2,"2026-06-13","Overall","quantile","0.65",772
"Regular Baseline","2026-06-27",-2,"2026-06-13","Overall","quantile","0.7",790
"Regular Baseline","2026-06-27",-2,"2026-06-13","Overall","quantile","0.75",808
"Regular Baseline","2026-06-27",-2,"2026-06-13","Overall","quantile","0.8",828
"Regular Baseline","2026-06-27",-2,"2026-06-13","Overall","quantile","0.85",855
"Regular Baseline","2026-06-27",-2,"2026-06-13","Overall","quantile","0.9",888
"Regular Baseline","2026-06-27",-2,"2026-06-13","Overall","quantile","0.95",942
"Regular Baseline","2026-06-27",-2,"2026-06-13","Overall","quantile","0.975",995
"Regular Baseline","2026-06-27",-2,"2026-06-13","Overall","quantile","0.99",1066
"Regular Baseline","2026-06-27",-1,"2026-06-20","Overall","quantile","0.01",403
"Regular Baseline","2026-06-27",-1,"2026-06-20","Overall","quantile","0.025",453
"Regular Baseline","2026-06-27",-1,"2026-06-20","Overall","quantile","0.05",497
"Regular Baseline","2026-06-27",-1,"2026-06-20","Overall","quantile","0.1",545
"Regular Baseline","2026-06-27",-1,"2026-06-20","Overall","quantile","0.15",577
"Regular Baseline","2026-06-27",-1,"2026-06-20","Overall","quantile","0.2",605
"Regular Baseline","2026-06-27",-1,"2026-06-20","Overall","quantile","0.25",627
"Regular Baseline","2026-06-27",-1,"2026-06-20","Overall","quantile","0.3",649
"Regular Baseline","2026-06-27",-1,"2026-06-20","Overall","quantile","0.35",671
"Regular Baseline","2026-06-27",-1,"2026-06-20","Overall","quantile","0.4",689
"Regular Baseline","2026-06-27",-1,"2026-06-20","Overall","quantile","0.45",707
"Regular Baseline","2026-06-27",-1,"2026-06-20","Overall","quantile","0.5",725
"Regular Baseline","2026-06-27",-1,"2026-06-20","Overall","quantile","0.55",744
"Regular Baseline","2026-06-27",-1,"2026-06-20","Overall","quantile","0.6",763
"Regular Baseline","2026-06-27",-1,"2026-06-20","Overall","quantile","0.65",782
"Regular Baseline","2026-06-27",-1,"2026-06-20","Overall","quantile","0.7",805
"Regular Baseline","2026-06-27",-1,"2026-06-20","Overall","quantile","0.75",829
"Regular Baseline","2026-06-27",-1,"2026-06-20","Overall","quantile","0.8",858
"Regular Baseline","2026-06-27",-1,"2026-06-20","Overall","quantile","0.85",890
"Regular Baseline","2026-06-27",-1,"2026-06-20","Overall","quantile","0.9",933
"Regular Baseline","2026-06-27",-1,"2026-06-20","Overall","quantile","0.95",996
"Regular Baseline","2026-06-27",-1,"2026-06-20","Overall","quantile","0.975",1057
"Regular Baseline","2026-06-27",-1,"2026-06-20","Overall","quantile","0.99",1137
"Regular Baseline","2026-06-27",0,"2026-06-27","Overall","quantile","0.01",369
"Regular Baseline","2026-06-27",0,"2026-06-27","Overall","quantile","0.025",419
"Regular Baseline","2026-06-27",0,"2026-06-27","Overall","quantile","0.05",463
"Regular Baseline","2026-06-27",0,"2026-06-27","Overall","quantile","0.1",518
"Regular Baseline","2026-06-27",0,"2026-06-27","Overall","quantile","0.15",555
"Regular Baseline","2026-06-27",0,"2026-06-27","Overall","quantile","0.2",587
"Regular Baseline","2026-06-27",0,"2026-06-27","Overall","quantile","0.25",611
"Regular Baseline","2026-06-27",0,"2026-06-27","Overall","quantile","0.3",635
"Regular Baseline","2026-06-27",0,"2026-06-27","Overall","quantile","0.35",659
"Regular Baseline","2026-06-27",0,"2026-06-27","Overall","quantile","0.4",681
"Regular Baseline","2026-06-27",0,"2026-06-27","Overall","quantile","0.45",701
"Regular Baseline","2026-06-27",0,"2026-06-27","Overall","quantile","0.5",725
"Regular Baseline","2026-06-27",0,"2026-06-27","Overall","quantile","0.55",748
"Regular Baseline","2026-06-27",0,"2026-06-27","Overall","quantile","0.6",770
"Regular Baseline","2026-06-27",0,"2026-06-27","Overall","quantile","0.65",796
"Regular Baseline","2026-06-27",0,"2026-06-27","Overall","quantile","0.7",822
"Regular Baseline","2026-06-27",0,"2026-06-27","Overall","quantile","0.75",850
"Regular Baseline","2026-06-27",0,"2026-06-27","Overall","quantile","0.8",881
"Regular Baseline","2026-06-27",0,"2026-06-27","Overall","quantile","0.85",920
"Regular Baseline","2026-06-27",0,"2026-06-27","Overall","quantile","0.9",967
"Regular Baseline","2026-06-27",0,"2026-06-27","Overall","quantile","0.95",1046
"Regular Baseline","2026-06-27",0,"2026-06-27","Overall","quantile","0.975",1115
"Regular Baseline","2026-06-27",0,"2026-06-27","Overall","quantile","0.99",1194
"Regular Baseline","2026-06-27",1,"2026-07-04","Overall","quantile","0.01",329
"Regular Baseline","2026-06-27",1,"2026-07-04","Overall","quantile","0.025",386
"Regular Baseline","2026-06-27",1,"2026-07-04","Overall","quantile","0.05",438
"Regular Baseline","2026-06-27",1,"2026-07-04","Overall","quantile","0.1",497
"Regular Baseline","2026-06-27",1,"2026-07-04","Overall","quantile","0.15",539
"Regular Baseline","2026-06-27",1,"2026-07-04","Overall","quantile","0.2",571
"Regular Baseline","2026-06-27",1,"2026-07-04","Overall","quantile","0.25",598
"Regular Baseline","2026-06-27",1,"2026-07-04","Overall","quantile","0.3",627
"Regular Baseline","2026-06-27",1,"2026-07-04","Overall","quantile","0.35",653
"Regular Baseline","2026-06-27",1,"2026-07-04","Overall","quantile","0.4",677
"Regular Baseline","2026-06-27",1,"2026-07-04","Overall","quantile","0.45",700
"Regular Baseline","2026-06-27",1,"2026-07-04","Overall","quantile","0.5",725
"Regular Baseline","2026-06-27",1,"2026-07-04","Overall","quantile","0.55",750
"Regular Baseline","2026-06-27",1,"2026-07-04","Overall","quantile","0.6",777
"Regular Baseline","2026-06-27",1,"2026-07-04","Overall","quantile","0.65",804
"Regular Baseline","2026-06-27",1,"2026-07-04","Overall","quantile","0.7",834
"Regular Baseline","2026-06-27",1,"2026-07-04","Overall","quantile","0.75",867
"Regular Baseline","2026-06-27",1,"2026-07-04","Overall","quantile","0.8",903
"Regular Baseline","2026-06-27",1,"2026-07-04","Overall","quantile","0.85",945
"Regular Baseline","2026-06-27",1,"2026-07-04","Overall","quantile","0.9",999
"Regular Baseline","2026-06-27",1,"2026-07-04","Overall","quantile","0.95",1089
"Regular Baseline","2026-06-27",1,"2026-07-04","Overall","quantile","0.975",1168
"Regular Baseline","2026-06-27",1,"2026-07-04","Overall","quantile","0.99",1261
"Regular Baseline","2026-06-27",2,"2026-07-11","Overall","quantile","0.01",294
"Regular Baseline","2026-06-27",2,"2026-07-11","Overall","quantile","0.025",359
"Regular Baseline","2026-06-27",2,"2026-07-11","Overall","quantile","0.05",410
"Regular Baseline","2026-06-27",2,"2026-07-11","Overall","quantile","0.1",471
"Regular Baseline","2026-06-27",2,"2026-07-11","Overall","quantile","0.15",514
"Regular Baseline","2026-06-27",2,"2026-07-11","Overall","quantile","0.2",553
"Regular Baseline","2026-06-27",2,"2026-07-11","Overall","quantile","0.25",586
"Regular Baseline","2026-06-27",2,"2026-07-11","Overall","quantile","0.3",616
"Regular Baseline","2026-06-27",2,"2026-07-11","Overall","quantile","0.35",643
"Regular Baseline","2026-06-27",2,"2026-07-11","Overall","quantile","0.4",670
"Regular Baseline","2026-06-27",2,"2026-07-11","Overall","quantile","0.45",698
"Regular Baseline","2026-06-27",2,"2026-07-11","Overall","quantile","0.5",725
"Regular Baseline","2026-06-27",2,"2026-07-11","Overall","quantile","0.55",752
"Regular Baseline","2026-06-27",2,"2026-07-11","Overall","quantile","0.6",779
"Regular Baseline","2026-06-27",2,"2026-07-11","Overall","quantile","0.65",809
"Regular Baseline","2026-06-27",2,"2026-07-11","Overall","quantile","0.7",842
"Regular Baseline","2026-06-27",2,"2026-07-11","Overall","quantile","0.75",876
"Regular Baseline","2026-06-27",2,"2026-07-11","Overall","quantile","0.8",918
"Regular Baseline","2026-06-27",2,"2026-07-11","Overall","quantile","0.85",965
"Regular Baseline","2026-06-27",2,"2026-07-11","Overall","quantile","0.9",1027
"Regular Baseline","2026-06-27",2,"2026-07-11","Overall","quantile","0.95",1119
"Regular Baseline","2026-06-27",2,"2026-07-11","Overall","quantile","0.975",1212
"Regular Baseline","2026-06-27",2,"2026-07-11","Overall","quantile","0.99",1324
"Regular Baseline","2026-06-27",3,"2026-07-18","Overall","quantile","0.01",272
"Regular Baseline","2026-06-27",3,"2026-07-18","Overall","quantile","0.025",336
"Regular Baseline","2026-06-27",3,"2026-07-18","Overall","quantile","0.05",389
"Regular Baseline","2026-06-27",3,"2026-07-18","Overall","quantile","0.1",455
"Regular Baseline","2026-06-27",3,"2026-07-18","Overall","quantile","0.15",502
"Regular Baseline","2026-06-27",3,"2026-07-18","Overall","quantile","0.2",542
"Regular Baseline","2026-06-27",3,"2026-07-18","Overall","quantile","0.25",577
"Regular Baseline","2026-06-27",3,"2026-07-18","Overall","quantile","0.3",609
"Regular Baseline","2026-06-27",3,"2026-07-18","Overall","quantile","0.35",639
"Regular Baseline","2026-06-27",3,"2026-07-18","Overall","quantile","0.4",668
"Regular Baseline","2026-06-27",3,"2026-07-18","Overall","quantile","0.45",696
"Regular Baseline","2026-06-27",3,"2026-07-18","Overall","quantile","0.5",725
"Regular Baseline","2026-06-27",3,"2026-07-18","Overall","quantile","0.55",754
"Regular Baseline","2026-06-27",3,"2026-07-18","Overall","quantile","0.6",784
"Regular Baseline","2026-06-27",3,"2026-07-18","Overall","quantile","0.65",817
"Regular Baseline","2026-06-27",3,"2026-07-18","Overall","quantile","0.7",853
"Regular Baseline","2026-06-27",3,"2026-07-18","Overall","quantile","0.75",892
"Regular Baseline","2026-06-27",3,"2026-07-18","Overall","quantile","0.8",936
"Regular Baseline","2026-06-27",3,"2026-07-18","Overall","quantile","0.85",986
"Regular Baseline","2026-06-27",3,"2026-07-18","Overall","quantile","0.9",1052
"Regular Baseline","2026-06-27",3,"2026-07-18","Overall","quantile","0.95",1158
"Regular Baseline","2026-06-27",3,"2026-07-18","Overall","quantile","0.975",1261
"Regular Baseline","2026-06-27",3,"2026-07-18","Overall","quantile","0.99",1393
"Regular Baseline","2026-06-27",-3,"2026-06-06","Pediatrics","quantile","0.01",292
"Regular Baseline","2026-06-27",-3,"2026-06-06","Pediatrics","quantile","0.025",307
"Regular Baseline","2026-06-27",-3,"2026-06-06","Pediatrics","quantile","0.05",325
"Regular Baseline","2026-06-27",-3,"2026-06-06","Pediatrics","quantile","0.1",338
"Regular Baseline","2026-06-27",-3,"2026-06-06","Pediatrics","quantile","0.15",348
"Regular Baseline","2026-06-27",-3,"2026-06-06","Pediatrics","quantile","0.2",360
"Regular Baseline","2026-06-27",-3,"2026-06-06","Pediatrics","quantile","0.25",370
"Regular Baseline","2026-06-27",-3,"2026-06-06","Pediatrics","quantile","0.3",381
"Regular Baseline","2026-06-27",-3,"2026-06-06","Pediatrics","quantile","0.35",385
"Regular Baseline","2026-06-27",-3,"2026-06-06","Pediatrics","quantile","0.4",391
"Regular Baseline","2026-06-27",-3,"2026-06-06","Pediatrics","quantile","0.45",399
"Regular Baseline","2026-06-27",-3,"2026-06-06","Pediatrics","quantile","0.5",405
"Regular Baseline","2026-06-27",-3,"2026-06-06","Pediatrics","quantile","0.55",411
"Regular Baseline","2026-06-27",-3,"2026-06-06","Pediatrics","quantile","0.6",419
"Regular Baseline","2026-06-27",-3,"2026-06-06","Pediatrics","quantile","0.65",425
"Regular Baseline","2026-06-27",-3,"2026-06-06","Pediatrics","quantile","0.7",430
"Regular Baseline","2026-06-27",-3,"2026-06-06","Pediatrics","quantile","0.75",441
"Regular Baseline","2026-06-27",-3,"2026-06-06","Pediatrics","quantile","0.8",452
"Regular Baseline","2026-06-27",-3,"2026-06-06","Pediatrics","quantile","0.85",466
"Regular Baseline","2026-06-27",-3,"2026-06-06","Pediatrics","quantile","0.9",479
"Regular Baseline","2026-06-27",-3,"2026-06-06","Pediatrics","quantile","0.95",494
"Regular Baseline","2026-06-27",-3,"2026-06-06","Pediatrics","quantile","0.975",516
"Regular Baseline","2026-06-27",-3,"2026-06-06","Pediatrics","quantile","0.99",536
"Regular Baseline","2026-06-27",-2,"2026-06-13","Pediatrics","quantile","0.01",247
"Regular Baseline","2026-06-27",-2,"2026-06-13","Pediatrics","quantile","0.025",270
"Regular Baseline","2026-06-27",-2,"2026-06-13","Pediatrics","quantile","0.05",290
"Regular Baseline","2026-06-27",-2,"2026-06-13","Pediatrics","quantile","0.1",315
"Regular Baseline","2026-06-27",-2,"2026-06-13","Pediatrics","quantile","0.15",331
"Regular Baseline","2026-06-27",-2,"2026-06-13","Pediatrics","quantile","0.2",344
"Regular Baseline","2026-06-27",-2,"2026-06-13","Pediatrics","quantile","0.25",355
"Regular Baseline","2026-06-27",-2,"2026-06-13","Pediatrics","quantile","0.3",365
"Regular Baseline","2026-06-27",-2,"2026-06-13","Pediatrics","quantile","0.35",376
"Regular Baseline","2026-06-27",-2,"2026-06-13","Pediatrics","quantile","0.4",386
"Regular Baseline","2026-06-27",-2,"2026-06-13","Pediatrics","quantile","0.45",396
"Regular Baseline","2026-06-27",-2,"2026-06-13","Pediatrics","quantile","0.5",405
"Regular Baseline","2026-06-27",-2,"2026-06-13","Pediatrics","quantile","0.55",414
"Regular Baseline","2026-06-27",-2,"2026-06-13","Pediatrics","quantile","0.6",424
"Regular Baseline","2026-06-27",-2,"2026-06-13","Pediatrics","quantile","0.65",434
"Regular Baseline","2026-06-27",-2,"2026-06-13","Pediatrics","quantile","0.7",445
"Regular Baseline","2026-06-27",-2,"2026-06-13","Pediatrics","quantile","0.75",457
"Regular Baseline","2026-06-27",-2,"2026-06-13","Pediatrics","quantile","0.8",470
"Regular Baseline","2026-06-27",-2,"2026-06-13","Pediatrics","quantile","0.85",485
"Regular Baseline","2026-06-27",-2,"2026-06-13","Pediatrics","quantile","0.9",507
"Regular Baseline","2026-06-27",-2,"2026-06-13","Pediatrics","quantile","0.95",538
"Regular Baseline","2026-06-27",-2,"2026-06-13","Pediatrics","quantile","0.975",565
"Regular Baseline","2026-06-27",-2,"2026-06-13","Pediatrics","quantile","0.99",598
"Regular Baseline","2026-06-27",-1,"2026-06-20","Pediatrics","quantile","0.01",216
"Regular Baseline","2026-06-27",-1,"2026-06-20","Pediatrics","quantile","0.025",242
"Regular Baseline","2026-06-27",-1,"2026-06-20","Pediatrics","quantile","0.05",265
"Regular Baseline","2026-06-27",-1,"2026-06-20","Pediatrics","quantile","0.1",295
"Regular Baseline","2026-06-27",-1,"2026-06-20","Pediatrics","quantile","0.15",314
"Regular Baseline","2026-06-27",-1,"2026-06-20","Pediatrics","quantile","0.2",330
"Regular Baseline","2026-06-27",-1,"2026-06-20","Pediatrics","quantile","0.25",344
"Regular Baseline","2026-06-27",-1,"2026-06-20","Pediatrics","quantile","0.3",357
"Regular Baseline","2026-06-27",-1,"2026-06-20","Pediatrics","quantile","0.35",369
"Regular Baseline","2026-06-27",-1,"2026-06-20","Pediatrics","quantile","0.4",382
"Regular Baseline","2026-06-27",-1,"2026-06-20","Pediatrics","quantile","0.45",393
"Regular Baseline","2026-06-27",-1,"2026-06-20","Pediatrics","quantile","0.5",405
"Regular Baseline","2026-06-27",-1,"2026-06-20","Pediatrics","quantile","0.55",417
"Regular Baseline","2026-06-27",-1,"2026-06-20","Pediatrics","quantile","0.6",429
"Regular Baseline","2026-06-27",-1,"2026-06-20","Pediatrics","quantile","0.65",441
"Regular Baseline","2026-06-27",-1,"2026-06-20","Pediatrics","quantile","0.7",456
"Regular Baseline","2026-06-27",-1,"2026-06-20","Pediatrics","quantile","0.75",471
"Regular Baseline","2026-06-27",-1,"2026-06-20","Pediatrics","quantile","0.8",486
"Regular Baseline","2026-06-27",-1,"2026-06-20","Pediatrics","quantile","0.85",506
"Regular Baseline","2026-06-27",-1,"2026-06-20","Pediatrics","quantile","0.9",532
"Regular Baseline","2026-06-27",-1,"2026-06-20","Pediatrics","quantile","0.95",571
"Regular Baseline","2026-06-27",-1,"2026-06-20","Pediatrics","quantile","0.975",608
"Regular Baseline","2026-06-27",-1,"2026-06-20","Pediatrics","quantile","0.99",647
"Regular Baseline","2026-06-27",0,"2026-06-27","Pediatrics","quantile","0.01",195
"Regular Baseline","2026-06-27",0,"2026-06-27","Pediatrics","quantile","0.025",219
"Regular Baseline","2026-06-27",0,"2026-06-27","Pediatrics","quantile","0.05",246
"Regular Baseline","2026-06-27",0,"2026-06-27","Pediatrics","quantile","0.1",278
"Regular Baseline","2026-06-27",0,"2026-06-27","Pediatrics","quantile","0.15",302
"Regular Baseline","2026-06-27",0,"2026-06-27","Pediatrics","quantile","0.2",321
"Regular Baseline","2026-06-27",0,"2026-06-27","Pediatrics","quantile","0.25",337
"Regular Baseline","2026-06-27",0,"2026-06-27","Pediatrics","quantile","0.3",351
"Regular Baseline","2026-06-27",0,"2026-06-27","Pediatrics","quantile","0.35",366
"Regular Baseline","2026-06-27",0,"2026-06-27","Pediatrics","quantile","0.4",380
"Regular Baseline","2026-06-27",0,"2026-06-27","Pediatrics","quantile","0.45",392
"Regular Baseline","2026-06-27",0,"2026-06-27","Pediatrics","quantile","0.5",405
"Regular Baseline","2026-06-27",0,"2026-06-27","Pediatrics","quantile","0.55",418
"Regular Baseline","2026-06-27",0,"2026-06-27","Pediatrics","quantile","0.6",432
"Regular Baseline","2026-06-27",0,"2026-06-27","Pediatrics","quantile","0.65",448
"Regular Baseline","2026-06-27",0,"2026-06-27","Pediatrics","quantile","0.7",464
"Regular Baseline","2026-06-27",0,"2026-06-27","Pediatrics","quantile","0.75",480
"Regular Baseline","2026-06-27",0,"2026-06-27","Pediatrics","quantile","0.8",500
"Regular Baseline","2026-06-27",0,"2026-06-27","Pediatrics","quantile","0.85",523
"Regular Baseline","2026-06-27",0,"2026-06-27","Pediatrics","quantile","0.9",557
"Regular Baseline","2026-06-27",0,"2026-06-27","Pediatrics","quantile","0.95",602
"Regular Baseline","2026-06-27",0,"2026-06-27","Pediatrics","quantile","0.975",644
"Regular Baseline","2026-06-27",0,"2026-06-27","Pediatrics","quantile","0.99",692
"Regular Baseline","2026-06-27",1,"2026-07-04","Pediatrics","quantile","0.01",175
"Regular Baseline","2026-06-27",1,"2026-07-04","Pediatrics","quantile","0.025",203
"Regular Baseline","2026-06-27",1,"2026-07-04","Pediatrics","quantile","0.05",234
"Regular Baseline","2026-06-27",1,"2026-07-04","Pediatrics","quantile","0.1",268
"Regular Baseline","2026-06-27",1,"2026-07-04","Pediatrics","quantile","0.15",292
"Regular Baseline","2026-06-27",1,"2026-07-04","Pediatrics","quantile","0.2",312
"Regular Baseline","2026-06-27",1,"2026-07-04","Pediatrics","quantile","0.25",331
"Regular Baseline","2026-06-27",1,"2026-07-04","Pediatrics","quantile","0.3",347
"Regular Baseline","2026-06-27",1,"2026-07-04","Pediatrics","quantile","0.35",363
"Regular Baseline","2026-06-27",1,"2026-07-04","Pediatrics","quantile","0.4",378
"Regular Baseline","2026-06-27",1,"2026-07-04","Pediatrics","quantile","0.45",391
"Regular Baseline","2026-06-27",1,"2026-07-04","Pediatrics","quantile","0.5",405
"Regular Baseline","2026-06-27",1,"2026-07-04","Pediatrics","quantile","0.55",420
"Regular Baseline","2026-06-27",1,"2026-07-04","Pediatrics","quantile","0.6",435
"Regular Baseline","2026-06-27",1,"2026-07-04","Pediatrics","quantile","0.65",452
"Regular Baseline","2026-06-27",1,"2026-07-04","Pediatrics","quantile","0.7",470
"Regular Baseline","2026-06-27",1,"2026-07-04","Pediatrics","quantile","0.75",491
"Regular Baseline","2026-06-27",1,"2026-07-04","Pediatrics","quantile","0.8",512
"Regular Baseline","2026-06-27",1,"2026-07-04","Pediatrics","quantile","0.85",540
"Regular Baseline","2026-06-27",1,"2026-07-04","Pediatrics","quantile","0.9",575
"Regular Baseline","2026-06-27",1,"2026-07-04","Pediatrics","quantile","0.95",632
"Regular Baseline","2026-06-27",1,"2026-07-04","Pediatrics","quantile","0.975",680
"Regular Baseline","2026-06-27",1,"2026-07-04","Pediatrics","quantile","0.99",736
"Regular Baseline","2026-06-27",2,"2026-07-11","Pediatrics","quantile","0.01",160
"Regular Baseline","2026-06-27",2,"2026-07-11","Pediatrics","quantile","0.025",193
"Regular Baseline","2026-06-27",2,"2026-07-11","Pediatrics","quantile","0.05",218
"Regular Baseline","2026-06-27",2,"2026-07-11","Pediatrics","quantile","0.1",255
"Regular Baseline","2026-06-27",2,"2026-07-11","Pediatrics","quantile","0.15",282
"Regular Baseline","2026-06-27",2,"2026-07-11","Pediatrics","quantile","0.2",304
"Regular Baseline","2026-06-27",2,"2026-07-11","Pediatrics","quantile","0.25",323
"Regular Baseline","2026-06-27",2,"2026-07-11","Pediatrics","quantile","0.3",340
"Regular Baseline","2026-06-27",2,"2026-07-11","Pediatrics","quantile","0.35",357
"Regular Baseline","2026-06-27",2,"2026-07-11","Pediatrics","quantile","0.4",374
"Regular Baseline","2026-06-27",2,"2026-07-11","Pediatrics","quantile","0.45",389
"Regular Baseline","2026-06-27",2,"2026-07-11","Pediatrics","quantile","0.5",405
"Regular Baseline","2026-06-27",2,"2026-07-11","Pediatrics","quantile","0.55",422
"Regular Baseline","2026-06-27",2,"2026-07-11","Pediatrics","quantile","0.6",438
"Regular Baseline","2026-06-27",2,"2026-07-11","Pediatrics","quantile","0.65",457
"Regular Baseline","2026-06-27",2,"2026-07-11","Pediatrics","quantile","0.7",477
"Regular Baseline","2026-06-27",2,"2026-07-11","Pediatrics","quantile","0.75",497
"Regular Baseline","2026-06-27",2,"2026-07-11","Pediatrics","quantile","0.8",523
"Regular Baseline","2026-06-27",2,"2026-07-11","Pediatrics","quantile","0.85",552
"Regular Baseline","2026-06-27",2,"2026-07-11","Pediatrics","quantile","0.9",590
"Regular Baseline","2026-06-27",2,"2026-07-11","Pediatrics","quantile","0.95",654
"Regular Baseline","2026-06-27",2,"2026-07-11","Pediatrics","quantile","0.975",709
"Regular Baseline","2026-06-27",2,"2026-07-11","Pediatrics","quantile","0.99",776
"Regular Baseline","2026-06-27",3,"2026-07-18","Pediatrics","quantile","0.01",146
"Regular Baseline","2026-06-27",3,"2026-07-18","Pediatrics","quantile","0.025",176
"Regular Baseline","2026-06-27",3,"2026-07-18","Pediatrics","quantile","0.05",205
"Regular Baseline","2026-06-27",3,"2026-07-18","Pediatrics","quantile","0.1",244
"Regular Baseline","2026-06-27",3,"2026-07-18","Pediatrics","quantile","0.15",271
"Regular Baseline","2026-06-27",3,"2026-07-18","Pediatrics","quantile","0.2",295
"Regular Baseline","2026-06-27",3,"2026-07-18","Pediatrics","quantile","0.25",315
"Regular Baseline","2026-06-27",3,"2026-07-18","Pediatrics","quantile","0.3",335
"Regular Baseline","2026-06-27",3,"2026-07-18","Pediatrics","quantile","0.35",354
"Regular Baseline","2026-06-27",3,"2026-07-18","Pediatrics","quantile","0.4",371
"Regular Baseline","2026-06-27",3,"2026-07-18","Pediatrics","quantile","0.45",387
"Regular Baseline","2026-06-27",3,"2026-07-18","Pediatrics","quantile","0.5",405
"Regular Baseline","2026-06-27",3,"2026-07-18","Pediatrics","quantile","0.55",423
"Regular Baseline","2026-06-27",3,"2026-07-18","Pediatrics","quantile","0.6",441
"Regular Baseline","2026-06-27",3,"2026-07-18","Pediatrics","quantile","0.65",460
"Regular Baseline","2026-06-27",3,"2026-07-18","Pediatrics","quantile","0.7",481
"Regular Baseline","2026-06-27",3,"2026-07-18","Pediatrics","quantile","0.75",505
"Regular Baseline","2026-06-27",3,"2026-07-18","Pediatrics","quantile","0.8",532
"Regular Baseline","2026-06-27",3,"2026-07-18","Pediatrics","quantile","0.85",565
"Regular Baseline","2026-06-27",3,"2026-07-18","Pediatrics","quantile","0.9",606
"Regular Baseline","2026-06-27",3,"2026-07-18","Pediatrics","quantile","0.95",671
"Regular Baseline","2026-06-27",3,"2026-07-18","Pediatrics","quantile","0.975",731
"Regular Baseline","2026-06-27",3,"2026-07-18","Pediatrics","quantile","0.99",809
"Seasonal Baseline","2026-06-27",-3,"2026-06-06","Adults","quantile","0.01",82
"Seasonal Baseline","2026-06-27",-3,"2026-06-06","Adults","quantile","0.025",102
"Seasonal Baseline","2026-06-27",-3,"2026-06-06","Adults","quantile","0.05",120
"Seasonal Baseline","2026-06-27",-3,"2026-06-06","Adults","quantile","0.1",148
"Seasonal Baseline","2026-06-27",-3,"2026-06-06","Adults","quantile","0.15",169
"Seasonal Baseline","2026-06-27",-3,"2026-06-06","Adults","quantile","0.2",188
"Seasonal Baseline","2026-06-27",-3,"2026-06-06","Adults","quantile","0.25",206
"Seasonal Baseline","2026-06-27",-3,"2026-06-06","Adults","quantile","0.3",223
"Seasonal Baseline","2026-06-27",-3,"2026-06-06","Adults","quantile","0.35",240
"Seasonal Baseline","2026-06-27",-3,"2026-06-06","Adults","quantile","0.4",258
"Seasonal Baseline","2026-06-27",-3,"2026-06-06","Adults","quantile","0.45",277
"Seasonal Baseline","2026-06-27",-3,"2026-06-06","Adults","quantile","0.5",298
"Seasonal Baseline","2026-06-27",-3,"2026-06-06","Adults","quantile","0.55",319
"Seasonal Baseline","2026-06-27",-3,"2026-06-06","Adults","quantile","0.6",342
"Seasonal Baseline","2026-06-27",-3,"2026-06-06","Adults","quantile","0.65",367
"Seasonal Baseline","2026-06-27",-3,"2026-06-06","Adults","quantile","0.7",395
"Seasonal Baseline","2026-06-27",-3,"2026-06-06","Adults","quantile","0.75",430
"Seasonal Baseline","2026-06-27",-3,"2026-06-06","Adults","quantile","0.8",474
"Seasonal Baseline","2026-06-27",-3,"2026-06-06","Adults","quantile","0.85",524
"Seasonal Baseline","2026-06-27",-3,"2026-06-06","Adults","quantile","0.9",599
"Seasonal Baseline","2026-06-27",-3,"2026-06-06","Adults","quantile","0.95",732
"Seasonal Baseline","2026-06-27",-3,"2026-06-06","Adults","quantile","0.975",869
"Seasonal Baseline","2026-06-27",-3,"2026-06-06","Adults","quantile","0.99",1055
"Seasonal Baseline","2026-06-27",-2,"2026-06-13","Adults","quantile","0.01",90
"Seasonal Baseline","2026-06-27",-2,"2026-06-13","Adults","quantile","0.025",109
"Seasonal Baseline","2026-06-27",-2,"2026-06-13","Adults","quantile","0.05",131
"Seasonal Baseline","2026-06-27",-2,"2026-06-13","Adults","quantile","0.1",158
"Seasonal Baseline","2026-06-27",-2,"2026-06-13","Adults","quantile","0.15",182
"Seasonal Baseline","2026-06-27",-2,"2026-06-13","Adults","quantile","0.2",204
"Seasonal Baseline","2026-06-27",-2,"2026-06-13","Adults","quantile","0.25",222
"Seasonal Baseline","2026-06-27",-2,"2026-06-13","Adults","quantile","0.3",242
"Seasonal Baseline","2026-06-27",-2,"2026-06-13","Adults","quantile","0.35",260
"Seasonal Baseline","2026-06-27",-2,"2026-06-13","Adults","quantile","0.4",280
"Seasonal Baseline","2026-06-27",-2,"2026-06-13","Adults","quantile","0.45",302
"Seasonal Baseline","2026-06-27",-2,"2026-06-13","Adults","quantile","0.5",324
"Seasonal Baseline","2026-06-27",-2,"2026-06-13","Adults","quantile","0.55",347
"Seasonal Baseline","2026-06-27",-2,"2026-06-13","Adults","quantile","0.6",373
"Seasonal Baseline","2026-06-27",-2,"2026-06-13","Adults","quantile","0.65",399
"Seasonal Baseline","2026-06-27",-2,"2026-06-13","Adults","quantile","0.7",431
"Seasonal Baseline","2026-06-27",-2,"2026-06-13","Adults","quantile","0.75",467
"Seasonal Baseline","2026-06-27",-2,"2026-06-13","Adults","quantile","0.8",511
"Seasonal Baseline","2026-06-27",-2,"2026-06-13","Adults","quantile","0.85",567
"Seasonal Baseline","2026-06-27",-2,"2026-06-13","Adults","quantile","0.9",643
"Seasonal Baseline","2026-06-27",-2,"2026-06-13","Adults","quantile","0.95",777
"Seasonal Baseline","2026-06-27",-2,"2026-06-13","Adults","quantile","0.975",913
"Seasonal Baseline","2026-06-27",-2,"2026-06-13","Adults","quantile","0.99",1122
"Seasonal Baseline","2026-06-27",-1,"2026-06-20","Adults","quantile","0.01",95
"Seasonal Baseline","2026-06-27",-1,"2026-06-20","Adults","quantile","0.025",114
"Seasonal Baseline","2026-06-27",-1,"2026-06-20","Adults","quantile","0.05",135
"Seasonal Baseline","2026-06-27",-1,"2026-06-20","Adults","quantile","0.1",166
"Seasonal Baseline","2026-06-27",-1,"2026-06-20","Adults","quantile","0.15",189
"Seasonal Baseline","2026-06-27",-1,"2026-06-20","Adults","quantile","0.2",211
"Seasonal Baseline","2026-06-27",-1,"2026-06-20","Adults","quantile","0.25",230
"Seasonal Baseline","2026-06-27",-1,"2026-06-20","Adults","quantile","0.3",249
"Seasonal Baseline","2026-06-27",-1,"2026-06-20","Adults","quantile","0.35",269
"Seasonal Baseline","2026-06-27",-1,"2026-06-20","Adults","quantile","0.4",289
"Seasonal Baseline","2026-06-27",-1,"2026-06-20","Adults","quantile","0.45",312
"Seasonal Baseline","2026-06-27",-1,"2026-06-20","Adults","quantile","0.5",335
"Seasonal Baseline","2026-06-27",-1,"2026-06-20","Adults","quantile","0.55",359
"Seasonal Baseline","2026-06-27",-1,"2026-06-20","Adults","quantile","0.6",386
"Seasonal Baseline","2026-06-27",-1,"2026-06-20","Adults","quantile","0.65",414
"Seasonal Baseline","2026-06-27",-1,"2026-06-20","Adults","quantile","0.7",446
"Seasonal Baseline","2026-06-27",-1,"2026-06-20","Adults","quantile","0.75",486
"Seasonal Baseline","2026-06-27",-1,"2026-06-20","Adults","quantile","0.8",532
"Seasonal Baseline","2026-06-27",-1,"2026-06-20","Adults","quantile","0.85",596
"Seasonal Baseline","2026-06-27",-1,"2026-06-20","Adults","quantile","0.9",679
"Seasonal Baseline","2026-06-27",-1,"2026-06-20","Adults","quantile","0.95",834
"Seasonal Baseline","2026-06-27",-1,"2026-06-20","Adults","quantile","0.975",976
"Seasonal Baseline","2026-06-27",-1,"2026-06-20","Adults","quantile","0.99",1197
"Seasonal Baseline","2026-06-27",0,"2026-06-27","Adults","quantile","0.01",95
"Seasonal Baseline","2026-06-27",0,"2026-06-27","Adults","quantile","0.025",117
"Seasonal Baseline","2026-06-27",0,"2026-06-27","Adults","quantile","0.05",138
"Seasonal Baseline","2026-06-27",0,"2026-06-27","Adults","quantile","0.1",169
"Seasonal Baseline","2026-06-27",0,"2026-06-27","Adults","quantile","0.15",193
"Seasonal Baseline","2026-06-27",0,"2026-06-27","Adults","quantile","0.2",212
"Seasonal Baseline","2026-06-27",0,"2026-06-27","Adults","quantile","0.25",235
"Seasonal Baseline","2026-06-27",0,"2026-06-27","Adults","quantile","0.3",254
"Seasonal Baseline","2026-06-27",0,"2026-06-27","Adults","quantile","0.35",274
"Seasonal Baseline","2026-06-27",0,"2026-06-27","Adults","quantile","0.4",294
"Seasonal Baseline","2026-06-27",0,"2026-06-27","Adults","quantile","0.45",314
"Seasonal Baseline","2026-06-27",0,"2026-06-27","Adults","quantile","0.5",337
"Seasonal Baseline","2026-06-27",0,"2026-06-27","Adults","quantile","0.55",362
"Seasonal Baseline","2026-06-27",0,"2026-06-27","Adults","quantile","0.6",386
"Seasonal Baseline","2026-06-27",0,"2026-06-27","Adults","quantile","0.65",415
"Seasonal Baseline","2026-06-27",0,"2026-06-27","Adults","quantile","0.7",447
"Seasonal Baseline","2026-06-27",0,"2026-06-27","Adults","quantile","0.75",482
"Seasonal Baseline","2026-06-27",0,"2026-06-27","Adults","quantile","0.8",525
"Seasonal Baseline","2026-06-27",0,"2026-06-27","Adults","quantile","0.85",590
"Seasonal Baseline","2026-06-27",0,"2026-06-27","Adults","quantile","0.9",672
"Seasonal Baseline","2026-06-27",0,"2026-06-27","Adults","quantile","0.95",810
"Seasonal Baseline","2026-06-27",0,"2026-06-27","Adults","quantile","0.975",965
"Seasonal Baseline","2026-06-27",0,"2026-06-27","Adults","quantile","0.99",1159
"Seasonal Baseline","2026-06-27",1,"2026-07-04","Adults","quantile","0.01",93
"Seasonal Baseline","2026-06-27",1,"2026-07-04","Adults","quantile","0.025",112
"Seasonal Baseline","2026-06-27",1,"2026-07-04","Adults","quantile","0.05",134
"Seasonal Baseline","2026-06-27",1,"2026-07-04","Adults","quantile","0.1",166
"Seasonal Baseline","2026-06-27",1,"2026-07-04","Adults","quantile","0.15",190
"Seasonal Baseline","2026-06-27",1,"2026-07-04","Adults","quantile","0.2",210
"Seasonal Baseline","2026-06-27",1,"2026-07-04","Adults","quantile","0.25",231
"Seasonal Baseline","2026-06-27",1,"2026-07-04","Adults","quantile","0.3",250
"Seasonal Baseline","2026-06-27",1,"2026-07-04","Adults","quantile","0.35",271
"Seasonal Baseline","2026-06-27",1,"2026-07-04","Adults","quantile","0.4",291
"Seasonal Baseline","2026-06-27",1,"2026-07-04","Adults","quantile","0.45",313
"Seasonal Baseline","2026-06-27",1,"2026-07-04","Adults","quantile","0.5",334
"Seasonal Baseline","2026-06-27",1,"2026-07-04","Adults","quantile","0.55",355
"Seasonal Baseline","2026-06-27",1,"2026-07-04","Adults","quantile","0.6",380
"Seasonal Baseline","2026-06-27",1,"2026-07-04","Adults","quantile","0.65",406
"Seasonal Baseline","2026-06-27",1,"2026-07-04","Adults","quantile","0.7",440
"Seasonal Baseline","2026-06-27",1,"2026-07-04","Adults","quantile","0.75",480
"Seasonal Baseline","2026-06-27",1,"2026-07-04","Adults","quantile","0.8",528
"Seasonal Baseline","2026-06-27",1,"2026-07-04","Adults","quantile","0.85",585
"Seasonal Baseline","2026-06-27",1,"2026-07-04","Adults","quantile","0.9",669
"Seasonal Baseline","2026-06-27",1,"2026-07-04","Adults","quantile","0.95",817
"Seasonal Baseline","2026-06-27",1,"2026-07-04","Adults","quantile","0.975",967
"Seasonal Baseline","2026-06-27",1,"2026-07-04","Adults","quantile","0.99",1182
"Seasonal Baseline","2026-06-27",2,"2026-07-11","Adults","quantile","0.01",91
"Seasonal Baseline","2026-06-27",2,"2026-07-11","Adults","quantile","0.025",109
"Seasonal Baseline","2026-06-27",2,"2026-07-11","Adults","quantile","0.05",131
"Seasonal Baseline","2026-06-27",2,"2026-07-11","Adults","quantile","0.1",161
"Seasonal Baseline","2026-06-27",2,"2026-07-11","Adults","quantile","0.15",183
"Seasonal Baseline","2026-06-27",2,"2026-07-11","Adults","quantile","0.2",202
"Seasonal Baseline","2026-06-27",2,"2026-07-11","Adults","quantile","0.25",223
"Seasonal Baseline","2026-06-27",2,"2026-07-11","Adults","quantile","0.3",239
"Seasonal Baseline","2026-06-27",2,"2026-07-11","Adults","quantile","0.35",257
"Seasonal Baseline","2026-06-27",2,"2026-07-11","Adults","quantile","0.4",277
"Seasonal Baseline","2026-06-27",2,"2026-07-11","Adults","quantile","0.45",298
"Seasonal Baseline","2026-06-27",2,"2026-07-11","Adults","quantile","0.5",320
"Seasonal Baseline","2026-06-27",2,"2026-07-11","Adults","quantile","0.55",343
"Seasonal Baseline","2026-06-27",2,"2026-07-11","Adults","quantile","0.6",366
"Seasonal Baseline","2026-06-27",2,"2026-07-11","Adults","quantile","0.65",393
"Seasonal Baseline","2026-06-27",2,"2026-07-11","Adults","quantile","0.7",425
"Seasonal Baseline","2026-06-27",2,"2026-07-11","Adults","quantile","0.75",459
"Seasonal Baseline","2026-06-27",2,"2026-07-11","Adults","quantile","0.8",499
"Seasonal Baseline","2026-06-27",2,"2026-07-11","Adults","quantile","0.85",556
"Seasonal Baseline","2026-06-27",2,"2026-07-11","Adults","quantile","0.9",639
"Seasonal Baseline","2026-06-27",2,"2026-07-11","Adults","quantile","0.95",764
"Seasonal Baseline","2026-06-27",2,"2026-07-11","Adults","quantile","0.975",902
"Seasonal Baseline","2026-06-27",2,"2026-07-11","Adults","quantile","0.99",1091
"Seasonal Baseline","2026-06-27",3,"2026-07-18","Adults","quantile","0.01",85
"Seasonal Baseline","2026-06-27",3,"2026-07-18","Adults","quantile","0.025",104
"Seasonal Baseline","2026-06-27",3,"2026-07-18","Adults","quantile","0.05",124
"Seasonal Baseline","2026-06-27",3,"2026-07-18","Adults","quantile","0.1",150
"Seasonal Baseline","2026-06-27",3,"2026-07-18","Adults","quantile","0.15",169
"Seasonal Baseline","2026-06-27",3,"2026-07-18","Adults","quantile","0.2",189
"Seasonal Baseline","2026-06-27",3,"2026-07-18","Adults","quantile","0.25",206
"Seasonal Baseline","2026-06-27",3,"2026-07-18","Adults","quantile","0.3",224
"Seasonal Baseline","2026-06-27",3,"2026-07-18","Adults","quantile","0.35",243
"Seasonal Baseline","2026-06-27",3,"2026-07-18","Adults","quantile","0.4",260
"Seasonal Baseline","2026-06-27",3,"2026-07-18","Adults","quantile","0.45",279
"Seasonal Baseline","2026-06-27",3,"2026-07-18","Adults","quantile","0.5",298
"Seasonal Baseline","2026-06-27",3,"2026-07-18","Adults","quantile","0.55",319
"Seasonal Baseline","2026-06-27",3,"2026-07-18","Adults","quantile","0.6",342
"Seasonal Baseline","2026-06-27",3,"2026-07-18","Adults","quantile","0.65",368
"Seasonal Baseline","2026-06-27",3,"2026-07-18","Adults","quantile","0.7",396
"Seasonal Baseline","2026-06-27",3,"2026-07-18","Adults","quantile","0.75",429
"Seasonal Baseline","2026-06-27",3,"2026-07-18","Adults","quantile","0.8",467
"Seasonal Baseline","2026-06-27",3,"2026-07-18","Adults","quantile","0.85",517
"Seasonal Baseline","2026-06-27",3,"2026-07-18","Adults","quantile","0.9",592
"Seasonal Baseline","2026-06-27",3,"2026-07-18","Adults","quantile","0.95",714
"Seasonal Baseline","2026-06-27",3,"2026-07-18","Adults","quantile","0.975",851
"Seasonal Baseline","2026-06-27",3,"2026-07-18","Adults","quantile","0.99",1027
"Seasonal Baseline","2026-06-27",-3,"2026-06-06","Overall","quantile","0.01",292
"Seasonal Baseline","2026-06-27",-3,"2026-06-06","Overall","quantile","0.025",337
"Seasonal Baseline","2026-06-27",-3,"2026-06-06","Overall","quantile","0.05",384
"Seasonal Baseline","2026-06-27",-3,"2026-06-06","Overall","quantile","0.1",443
"Seasonal Baseline","2026-06-27",-3,"2026-06-06","Overall","quantile","0.15",490
"Seasonal Baseline","2026-06-27",-3,"2026-06-06","Overall","quantile","0.2",533
"Seasonal Baseline","2026-06-27",-3,"2026-06-06","Overall","quantile","0.25",571
"Seasonal Baseline","2026-06-27",-3,"2026-06-06","Overall","quantile","0.3",607
"Seasonal Baseline","2026-06-27",-3,"2026-06-06","Overall","quantile","0.35",641
"Seasonal Baseline","2026-06-27",-3,"2026-06-06","Overall","quantile","0.4",672
"Seasonal Baseline","2026-06-27",-3,"2026-06-06","Overall","quantile","0.45",707
"Seasonal Baseline","2026-06-27",-3,"2026-06-06","Overall","quantile","0.5",744
"Seasonal Baseline","2026-06-27",-3,"2026-06-06","Overall","quantile","0.55",786
"Seasonal Baseline","2026-06-27",-3,"2026-06-06","Overall","quantile","0.6",827
"Seasonal Baseline","2026-06-27",-3,"2026-06-06","Overall","quantile","0.65",875
"Seasonal Baseline","2026-06-27",-3,"2026-06-06","Overall","quantile","0.7",925
"Seasonal Baseline","2026-06-27",-3,"2026-06-06","Overall","quantile","0.75",985
"Seasonal Baseline","2026-06-27",-3,"2026-06-06","Overall","quantile","0.8",1049
"Seasonal Baseline","2026-06-27",-3,"2026-06-06","Overall","quantile","0.85",1139
"Seasonal Baseline","2026-06-27",-3,"2026-06-06","Overall","quantile","0.9",1263
"Seasonal Baseline","2026-06-27",-3,"2026-06-06","Overall","quantile","0.95",1467
"Seasonal Baseline","2026-06-27",-3,"2026-06-06","Overall","quantile","0.975",1659
"Seasonal Baseline","2026-06-27",-3,"2026-06-06","Overall","quantile","0.99",1939
"Seasonal Baseline","2026-06-27",-2,"2026-06-13","Overall","quantile","0.01",313
"Seasonal Baseline","2026-06-27",-2,"2026-06-13","Overall","quantile","0.025",359
"Seasonal Baseline","2026-06-27",-2,"2026-06-13","Overall","quantile","0.05",408
"Seasonal Baseline","2026-06-27",-2,"2026-06-13","Overall","quantile","0.1",471
"Seasonal Baseline","2026-06-27",-2,"2026-06-13","Overall","quantile","0.15",524
"Seasonal Baseline","2026-06-27",-2,"2026-06-13","Overall","quantile","0.2",566
"Seasonal Baseline","2026-06-27",-2,"2026-06-13","Overall","quantile","0.25",609
"Seasonal Baseline","2026-06-27",-2,"2026-06-13","Overall","quantile","0.3",650
"Seasonal Baseline","2026-06-27",-2,"2026-06-13","Overall","quantile","0.35",688
"Seasonal Baseline","2026-06-27",-2,"2026-06-13","Overall","quantile","0.4",728
"Seasonal Baseline","2026-06-27",-2,"2026-06-13","Overall","quantile","0.45",769
"Seasonal Baseline","2026-06-27",-2,"2026-06-13","Overall","quantile","0.5",807
"Seasonal Baseline","2026-06-27",-2,"2026-06-13","Overall","quantile","0.55",849
"Seasonal Baseline","2026-06-27",-2,"2026-06-13","Overall","quantile","0.6",891
"Seasonal Baseline","2026-06-27",-2,"2026-06-13","Overall","quantile","0.65",936
"Seasonal Baseline","2026-06-27",-2,"2026-06-13","Overall","quantile","0.7",991
"Seasonal Baseline","2026-06-27",-2,"2026-06-13","Overall","quantile","0.75",1058
"Seasonal Baseline","2026-06-27",-2,"2026-06-13","Overall","quantile","0.8",1132
"Seasonal Baseline","2026-06-27",-2,"2026-06-13","Overall","quantile","0.85",1228
"Seasonal Baseline","2026-06-27",-2,"2026-06-13","Overall","quantile","0.9",1361
"Seasonal Baseline","2026-06-27",-2,"2026-06-13","Overall","quantile","0.95",1585
"Seasonal Baseline","2026-06-27",-2,"2026-06-13","Overall","quantile","0.975",1791
"Seasonal Baseline","2026-06-27",-2,"2026-06-13","Overall","quantile","0.99",2073
"Seasonal Baseline","2026-06-27",-1,"2026-06-20","Overall","quantile","0.01",319
"Seasonal Baseline","2026-06-27",-1,"2026-06-20","Overall","quantile","0.025",370
"Seasonal Baseline","2026-06-27",-1,"2026-06-20","Overall","quantile","0.05",421
"Seasonal Baseline","2026-06-27",-1,"2026-06-20","Overall","quantile","0.1",487
"Seasonal Baseline","2026-06-27",-1,"2026-06-20","Overall","quantile","0.15",541
"Seasonal Baseline","2026-06-27",-1,"2026-06-20","Overall","quantile","0.2",584
"Seasonal Baseline","2026-06-27",-1,"2026-06-20","Overall","quantile","0.25",623
"Seasonal Baseline","2026-06-27",-1,"2026-06-20","Overall","quantile","0.3",663
"Seasonal Baseline","2026-06-27",-1,"2026-06-20","Overall","quantile","0.35",703
"Seasonal Baseline","2026-06-27",-1,"2026-06-20","Overall","quantile","0.4",745
"Seasonal Baseline","2026-06-27",-1,"2026-06-20","Overall","quantile","0.45",783
"Seasonal Baseline","2026-06-27",-1,"2026-06-20","Overall","quantile","0.5",822
"Seasonal Baseline","2026-06-27",-1,"2026-06-20","Overall","quantile","0.55",871
"Seasonal Baseline","2026-06-27",-1,"2026-06-20","Overall","quantile","0.6",917
"Seasonal Baseline","2026-06-27",-1,"2026-06-20","Overall","quantile","0.65",974
"Seasonal Baseline","2026-06-27",-1,"2026-06-20","Overall","quantile","0.7",1033
"Seasonal Baseline","2026-06-27",-1,"2026-06-20","Overall","quantile","0.75",1096
"Seasonal Baseline","2026-06-27",-1,"2026-06-20","Overall","quantile","0.8",1174
"Seasonal Baseline","2026-06-27",-1,"2026-06-20","Overall","quantile","0.85",1270
"Seasonal Baseline","2026-06-27",-1,"2026-06-20","Overall","quantile","0.9",1406
"Seasonal Baseline","2026-06-27",-1,"2026-06-20","Overall","quantile","0.95",1621
"Seasonal Baseline","2026-06-27",-1,"2026-06-20","Overall","quantile","0.975",1846
"Seasonal Baseline","2026-06-27",-1,"2026-06-20","Overall","quantile","0.99",2119
"Seasonal Baseline","2026-06-27",0,"2026-06-27","Overall","quantile","0.01",322
"Seasonal Baseline","2026-06-27",0,"2026-06-27","Overall","quantile","0.025",378
"Seasonal Baseline","2026-06-27",0,"2026-06-27","Overall","quantile","0.05",427
"Seasonal Baseline","2026-06-27",0,"2026-06-27","Overall","quantile","0.1",496
"Seasonal Baseline","2026-06-27",0,"2026-06-27","Overall","quantile","0.15",546
"Seasonal Baseline","2026-06-27",0,"2026-06-27","Overall","quantile","0.2",595
"Seasonal Baseline","2026-06-27",0,"2026-06-27","Overall","quantile","0.25",636
"Seasonal Baseline","2026-06-27",0,"2026-06-27","Overall","quantile","0.3",676
"Seasonal Baseline","2026-06-27",0,"2026-06-27","Overall","quantile","0.35",715
"Seasonal Baseline","2026-06-27",0,"2026-06-27","Overall","quantile","0.4",753
"Seasonal Baseline","2026-06-27",0,"2026-06-27","Overall","quantile","0.45",798
"Seasonal Baseline","2026-06-27",0,"2026-06-27","Overall","quantile","0.5",840
"Seasonal Baseline","2026-06-27",0,"2026-06-27","Overall","quantile","0.55",887
"Seasonal Baseline","2026-06-27",0,"2026-06-27","Overall","quantile","0.6",937
"Seasonal Baseline","2026-06-27",0,"2026-06-27","Overall","quantile","0.65",983
"Seasonal Baseline","2026-06-27",0,"2026-06-27","Overall","quantile","0.7",1040
"Seasonal Baseline","2026-06-27",0,"2026-06-27","Overall","quantile","0.75",1106
"Seasonal Baseline","2026-06-27",0,"2026-06-27","Overall","quantile","0.8",1192
"Seasonal Baseline","2026-06-27",0,"2026-06-27","Overall","quantile","0.85",1287
"Seasonal Baseline","2026-06-27",0,"2026-06-27","Overall","quantile","0.9",1420
"Seasonal Baseline","2026-06-27",0,"2026-06-27","Overall","quantile","0.95",1654
"Seasonal Baseline","2026-06-27",0,"2026-06-27","Overall","quantile","0.975",1885
"Seasonal Baseline","2026-06-27",0,"2026-06-27","Overall","quantile","0.99",2202
"Seasonal Baseline","2026-06-27",1,"2026-07-04","Overall","quantile","0.01",323
"Seasonal Baseline","2026-06-27",1,"2026-07-04","Overall","quantile","0.025",369
"Seasonal Baseline","2026-06-27",1,"2026-07-04","Overall","quantile","0.05",417
"Seasonal Baseline","2026-06-27",1,"2026-07-04","Overall","quantile","0.1",485
"Seasonal Baseline","2026-06-27",1,"2026-07-04","Overall","quantile","0.15",539
"Seasonal Baseline","2026-06-27",1,"2026-07-04","Overall","quantile","0.2",583
"Seasonal Baseline","2026-06-27",1,"2026-07-04","Overall","quantile","0.25",624
"Seasonal Baseline","2026-06-27",1,"2026-07-04","Overall","quantile","0.3",665
"Seasonal Baseline","2026-06-27",1,"2026-07-04","Overall","quantile","0.35",702
"Seasonal Baseline","2026-06-27",1,"2026-07-04","Overall","quantile","0.4",746
"Seasonal Baseline","2026-06-27",1,"2026-07-04","Overall","quantile","0.45",786
"Seasonal Baseline","2026-06-27",1,"2026-07-04","Overall","quantile","0.5",828
"Seasonal Baseline","2026-06-27",1,"2026-07-04","Overall","quantile","0.55",872
"Seasonal Baseline","2026-06-27",1,"2026-07-04","Overall","quantile","0.6",918
"Seasonal Baseline","2026-06-27",1,"2026-07-04","Overall","quantile","0.65",972
"Seasonal Baseline","2026-06-27",1,"2026-07-04","Overall","quantile","0.7",1029
"Seasonal Baseline","2026-06-27",1,"2026-07-04","Overall","quantile","0.75",1095
"Seasonal Baseline","2026-06-27",1,"2026-07-04","Overall","quantile","0.8",1168
"Seasonal Baseline","2026-06-27",1,"2026-07-04","Overall","quantile","0.85",1270
"Seasonal Baseline","2026-06-27",1,"2026-07-04","Overall","quantile","0.9",1397
"Seasonal Baseline","2026-06-27",1,"2026-07-04","Overall","quantile","0.95",1608
"Seasonal Baseline","2026-06-27",1,"2026-07-04","Overall","quantile","0.975",1841
"Seasonal Baseline","2026-06-27",1,"2026-07-04","Overall","quantile","0.99",2112
"Seasonal Baseline","2026-06-27",2,"2026-07-11","Overall","quantile","0.01",308
"Seasonal Baseline","2026-06-27",2,"2026-07-11","Overall","quantile","0.025",354
"Seasonal Baseline","2026-06-27",2,"2026-07-11","Overall","quantile","0.05",404
"Seasonal Baseline","2026-06-27",2,"2026-07-11","Overall","quantile","0.1",468
"Seasonal Baseline","2026-06-27",2,"2026-07-11","Overall","quantile","0.15",520
"Seasonal Baseline","2026-06-27",2,"2026-07-11","Overall","quantile","0.2",561
"Seasonal Baseline","2026-06-27",2,"2026-07-11","Overall","quantile","0.25",601
"Seasonal Baseline","2026-06-27",2,"2026-07-11","Overall","quantile","0.3",640
"Seasonal Baseline","2026-06-27",2,"2026-07-11","Overall","quantile","0.35",677
"Seasonal Baseline","2026-06-27",2,"2026-07-11","Overall","quantile","0.4",716
"Seasonal Baseline","2026-06-27",2,"2026-07-11","Overall","quantile","0.45",755
"Seasonal Baseline","2026-06-27",2,"2026-07-11","Overall","quantile","0.5",799
"Seasonal Baseline","2026-06-27",2,"2026-07-11","Overall","quantile","0.55",841
"Seasonal Baseline","2026-06-27",2,"2026-07-11","Overall","quantile","0.6",881
"Seasonal Baseline","2026-06-27",2,"2026-07-11","Overall","quantile","0.65",929
"Seasonal Baseline","2026-06-27",2,"2026-07-11","Overall","quantile","0.7",983
"Seasonal Baseline","2026-06-27",2,"2026-07-11","Overall","quantile","0.75",1041
"Seasonal Baseline","2026-06-27",2,"2026-07-11","Overall","quantile","0.8",1113
"Seasonal Baseline","2026-06-27",2,"2026-07-11","Overall","quantile","0.85",1207
"Seasonal Baseline","2026-06-27",2,"2026-07-11","Overall","quantile","0.9",1336
"Seasonal Baseline","2026-06-27",2,"2026-07-11","Overall","quantile","0.95",1572
"Seasonal Baseline","2026-06-27",2,"2026-07-11","Overall","quantile","0.975",1795
"Seasonal Baseline","2026-06-27",2,"2026-07-11","Overall","quantile","0.99",2070
"Seasonal Baseline","2026-06-27",3,"2026-07-18","Overall","quantile","0.01",295
"Seasonal Baseline","2026-06-27",3,"2026-07-18","Overall","quantile","0.025",345
"Seasonal Baseline","2026-06-27",3,"2026-07-18","Overall","quantile","0.05",392
"Seasonal Baseline","2026-06-27",3,"2026-07-18","Overall","quantile","0.1",452
"Seasonal Baseline","2026-06-27",3,"2026-07-18","Overall","quantile","0.15",499
"Seasonal Baseline","2026-06-27",3,"2026-07-18","Overall","quantile","0.2",537
"Seasonal Baseline","2026-06-27",3,"2026-07-18","Overall","quantile","0.25",576
"Seasonal Baseline","2026-06-27",3,"2026-07-18","Overall","quantile","0.3",611
"Seasonal Baseline","2026-06-27",3,"2026-07-18","Overall","quantile","0.35",645
"Seasonal Baseline","2026-06-27",3,"2026-07-18","Overall","quantile","0.4",681
"Seasonal Baseline","2026-06-27",3,"2026-07-18","Overall","quantile","0.45",717
"Seasonal Baseline","2026-06-27",3,"2026-07-18","Overall","quantile","0.5",756
"Seasonal Baseline","2026-06-27",3,"2026-07-18","Overall","quantile","0.55",796
"Seasonal Baseline","2026-06-27",3,"2026-07-18","Overall","quantile","0.6",841
"Seasonal Baseline","2026-06-27",3,"2026-07-18","Overall","quantile","0.65",891
"Seasonal Baseline","2026-06-27",3,"2026-07-18","Overall","quantile","0.7",947
"Seasonal Baseline","2026-06-27",3,"2026-07-18","Overall","quantile","0.75",1011
"Seasonal Baseline","2026-06-27",3,"2026-07-18","Overall","quantile","0.8",1081
"Seasonal Baseline","2026-06-27",3,"2026-07-18","Overall","quantile","0.85",1164
"Seasonal Baseline","2026-06-27",3,"2026-07-18","Overall","quantile","0.9",1285
"Seasonal Baseline","2026-06-27",3,"2026-07-18","Overall","quantile","0.95",1492
"Seasonal Baseline","2026-06-27",3,"2026-07-18","Overall","quantile","0.975",1708
"Seasonal Baseline","2026-06-27",3,"2026-07-18","Overall","quantile","0.99",1980
"Seasonal Baseline","2026-06-27",-3,"2026-06-06","Pediatrics","quantile","0.01",223
"Seasonal Baseline","2026-06-27",-3,"2026-06-06","Pediatrics","quantile","0.025",252
"Seasonal Baseline","2026-06-27",-3,"2026-06-06","Pediatrics","quantile","0.05",276
"Seasonal Baseline","2026-06-27",-3,"2026-06-06","Pediatrics","quantile","0.1",308
"Seasonal Baseline","2026-06-27",-3,"2026-06-06","Pediatrics","quantile","0.15",332
"Seasonal Baseline","2026-06-27",-3,"2026-06-06","Pediatrics","quantile","0.2",351
"Seasonal Baseline","2026-06-27",-3,"2026-06-06","Pediatrics","quantile","0.25",370
"Seasonal Baseline","2026-06-27",-3,"2026-06-06","Pediatrics","quantile","0.3",387
"Seasonal Baseline","2026-06-27",-3,"2026-06-06","Pediatrics","quantile","0.35",405
"Seasonal Baseline","2026-06-27",-3,"2026-06-06","Pediatrics","quantile","0.4",421
"Seasonal Baseline","2026-06-27",-3,"2026-06-06","Pediatrics","quantile","0.45",440
"Seasonal Baseline","2026-06-27",-3,"2026-06-06","Pediatrics","quantile","0.5",455
"Seasonal Baseline","2026-06-27",-3,"2026-06-06","Pediatrics","quantile","0.55",472
"Seasonal Baseline","2026-06-27",-3,"2026-06-06","Pediatrics","quantile","0.6",490
"Seasonal Baseline","2026-06-27",-3,"2026-06-06","Pediatrics","quantile","0.65",509
"Seasonal Baseline","2026-06-27",-3,"2026-06-06","Pediatrics","quantile","0.7",530
"Seasonal Baseline","2026-06-27",-3,"2026-06-06","Pediatrics","quantile","0.75",554
"Seasonal Baseline","2026-06-27",-3,"2026-06-06","Pediatrics","quantile","0.8",581
"Seasonal Baseline","2026-06-27",-3,"2026-06-06","Pediatrics","quantile","0.85",621
"Seasonal Baseline","2026-06-27",-3,"2026-06-06","Pediatrics","quantile","0.9",665
"Seasonal Baseline","2026-06-27",-3,"2026-06-06","Pediatrics","quantile","0.95",738
"Seasonal Baseline","2026-06-27",-3,"2026-06-06","Pediatrics","quantile","0.975",809
"Seasonal Baseline","2026-06-27",-3,"2026-06-06","Pediatrics","quantile","0.99",905
"Seasonal Baseline","2026-06-27",-2,"2026-06-13","Pediatrics","quantile","0.01",239
"Seasonal Baseline","2026-06-27",-2,"2026-06-13","Pediatrics","quantile","0.025",269
"Seasonal Baseline","2026-06-27",-2,"2026-06-13","Pediatrics","quantile","0.05",294
"Seasonal Baseline","2026-06-27",-2,"2026-06-13","Pediatrics","quantile","0.1",328
"Seasonal Baseline","2026-06-27",-2,"2026-06-13","Pediatrics","quantile","0.15",353
"Seasonal Baseline","2026-06-27",-2,"2026-06-13","Pediatrics","quantile","0.2",374
"Seasonal Baseline","2026-06-27",-2,"2026-06-13","Pediatrics","quantile","0.25",393
"Seasonal Baseline","2026-06-27",-2,"2026-06-13","Pediatrics","quantile","0.3",411
"Seasonal Baseline","2026-06-27",-2,"2026-06-13","Pediatrics","quantile","0.35",429
"Seasonal Baseline","2026-06-27",-2,"2026-06-13","Pediatrics","quantile","0.4",447
"Seasonal Baseline","2026-06-27",-2,"2026-06-13","Pediatrics","quantile","0.45",465
"Seasonal Baseline","2026-06-27",-2,"2026-06-13","Pediatrics","quantile","0.5",481
"Seasonal Baseline","2026-06-27",-2,"2026-06-13","Pediatrics","quantile","0.55",499
"Seasonal Baseline","2026-06-27",-2,"2026-06-13","Pediatrics","quantile","0.6",519
"Seasonal Baseline","2026-06-27",-2,"2026-06-13","Pediatrics","quantile","0.65",540
"Seasonal Baseline","2026-06-27",-2,"2026-06-13","Pediatrics","quantile","0.7",561
"Seasonal Baseline","2026-06-27",-2,"2026-06-13","Pediatrics","quantile","0.75",585
"Seasonal Baseline","2026-06-27",-2,"2026-06-13","Pediatrics","quantile","0.8",616
"Seasonal Baseline","2026-06-27",-2,"2026-06-13","Pediatrics","quantile","0.85",654
"Seasonal Baseline","2026-06-27",-2,"2026-06-13","Pediatrics","quantile","0.9",703
"Seasonal Baseline","2026-06-27",-2,"2026-06-13","Pediatrics","quantile","0.95",782
"Seasonal Baseline","2026-06-27",-2,"2026-06-13","Pediatrics","quantile","0.975",863
"Seasonal Baseline","2026-06-27",-2,"2026-06-13","Pediatrics","quantile","0.99",962
"Seasonal Baseline","2026-06-27",-1,"2026-06-20","Pediatrics","quantile","0.01",245
"Seasonal Baseline","2026-06-27",-1,"2026-06-20","Pediatrics","quantile","0.025",272
"Seasonal Baseline","2026-06-27",-1,"2026-06-20","Pediatrics","quantile","0.05",300
"Seasonal Baseline","2026-06-27",-1,"2026-06-20","Pediatrics","quantile","0.1",334
"Seasonal Baseline","2026-06-27",-1,"2026-06-20","Pediatrics","quantile","0.15",360
"Seasonal Baseline","2026-06-27",-1,"2026-06-20","Pediatrics","quantile","0.2",384
"Seasonal Baseline","2026-06-27",-1,"2026-06-20","Pediatrics","quantile","0.25",403
"Seasonal Baseline","2026-06-27",-1,"2026-06-20","Pediatrics","quantile","0.3",422
"Seasonal Baseline","2026-06-27",-1,"2026-06-20","Pediatrics","quantile","0.35",441
"Seasonal Baseline","2026-06-27",-1,"2026-06-20","Pediatrics","quantile","0.4",458
"Seasonal Baseline","2026-06-27",-1,"2026-06-20","Pediatrics","quantile","0.45",475
"Seasonal Baseline","2026-06-27",-1,"2026-06-20","Pediatrics","quantile","0.5",494
"Seasonal Baseline","2026-06-27",-1,"2026-06-20","Pediatrics","quantile","0.55",513
"Seasonal Baseline","2026-06-27",-1,"2026-06-20","Pediatrics","quantile","0.6",532
"Seasonal Baseline","2026-06-27",-1,"2026-06-20","Pediatrics","quantile","0.65",552
"Seasonal Baseline","2026-06-27",-1,"2026-06-20","Pediatrics","quantile","0.7",578
"Seasonal Baseline","2026-06-27",-1,"2026-06-20","Pediatrics","quantile","0.75",606
"Seasonal Baseline","2026-06-27",-1,"2026-06-20","Pediatrics","quantile","0.8",636
"Seasonal Baseline","2026-06-27",-1,"2026-06-20","Pediatrics","quantile","0.85",675
"Seasonal Baseline","2026-06-27",-1,"2026-06-20","Pediatrics","quantile","0.9",730
"Seasonal Baseline","2026-06-27",-1,"2026-06-20","Pediatrics","quantile","0.95",812
"Seasonal Baseline","2026-06-27",-1,"2026-06-20","Pediatrics","quantile","0.975",885
"Seasonal Baseline","2026-06-27",-1,"2026-06-20","Pediatrics","quantile","0.99",1005
"Seasonal Baseline","2026-06-27",0,"2026-06-27","Pediatrics","quantile","0.01",241
"Seasonal Baseline","2026-06-27",0,"2026-06-27","Pediatrics","quantile","0.025",274
"Seasonal Baseline","2026-06-27",0,"2026-06-27","Pediatrics","quantile","0.05",299
"Seasonal Baseline","2026-06-27",0,"2026-06-27","Pediatrics","quantile","0.1",332
"Seasonal Baseline","2026-06-27",0,"2026-06-27","Pediatrics","quantile","0.15",357
"Seasonal Baseline","2026-06-27",0,"2026-06-27","Pediatrics","quantile","0.2",379
"Seasonal Baseline","2026-06-27",0,"2026-06-27","Pediatrics","quantile","0.25",399
"Seasonal Baseline","2026-06-27",0,"2026-06-27","Pediatrics","quantile","0.3",418
"Seasonal Baseline","2026-06-27",0,"2026-06-27","Pediatrics","quantile","0.35",435
"Seasonal Baseline","2026-06-27",0,"2026-06-27","Pediatrics","quantile","0.4",452
"Seasonal Baseline","2026-06-27",0,"2026-06-27","Pediatrics","quantile","0.45",469
"Seasonal Baseline","2026-06-27",0,"2026-06-27","Pediatrics","quantile","0.5",488
"Seasonal Baseline","2026-06-27",0,"2026-06-27","Pediatrics","quantile","0.55",507
"Seasonal Baseline","2026-06-27",0,"2026-06-27","Pediatrics","quantile","0.6",527
"Seasonal Baseline","2026-06-27",0,"2026-06-27","Pediatrics","quantile","0.65",547
"Seasonal Baseline","2026-06-27",0,"2026-06-27","Pediatrics","quantile","0.7",571
"Seasonal Baseline","2026-06-27",0,"2026-06-27","Pediatrics","quantile","0.75",599
"Seasonal Baseline","2026-06-27",0,"2026-06-27","Pediatrics","quantile","0.8",628
"Seasonal Baseline","2026-06-27",0,"2026-06-27","Pediatrics","quantile","0.85",667
"Seasonal Baseline","2026-06-27",0,"2026-06-27","Pediatrics","quantile","0.9",715
"Seasonal Baseline","2026-06-27",0,"2026-06-27","Pediatrics","quantile","0.95",797
"Seasonal Baseline","2026-06-27",0,"2026-06-27","Pediatrics","quantile","0.975",869
"Seasonal Baseline","2026-06-27",0,"2026-06-27","Pediatrics","quantile","0.99",965
"Seasonal Baseline","2026-06-27",1,"2026-07-04","Pediatrics","quantile","0.01",235
"Seasonal Baseline","2026-06-27",1,"2026-07-04","Pediatrics","quantile","0.025",261
"Seasonal Baseline","2026-06-27",1,"2026-07-04","Pediatrics","quantile","0.05",289
"Seasonal Baseline","2026-06-27",1,"2026-07-04","Pediatrics","quantile","0.1",322
"Seasonal Baseline","2026-06-27",1,"2026-07-04","Pediatrics","quantile","0.15",346
"Seasonal Baseline","2026-06-27",1,"2026-07-04","Pediatrics","quantile","0.2",365
"Seasonal Baseline","2026-06-27",1,"2026-07-04","Pediatrics","quantile","0.25",386
"Seasonal Baseline","2026-06-27",1,"2026-07-04","Pediatrics","quantile","0.3",403
"Seasonal Baseline","2026-06-27",1,"2026-07-04","Pediatrics","quantile","0.35",420
"Seasonal Baseline","2026-06-27",1,"2026-07-04","Pediatrics","quantile","0.4",437
"Seasonal Baseline","2026-06-27",1,"2026-07-04","Pediatrics","quantile","0.45",454
"Seasonal Baseline","2026-06-27",1,"2026-07-04","Pediatrics","quantile","0.5",472
"Seasonal Baseline","2026-06-27",1,"2026-07-04","Pediatrics","quantile","0.55",491
"Seasonal Baseline","2026-06-27",1,"2026-07-04","Pediatrics","quantile","0.6",509
"Seasonal Baseline","2026-06-27",1,"2026-07-04","Pediatrics","quantile","0.65",531
"Seasonal Baseline","2026-06-27",1,"2026-07-04","Pediatrics","quantile","0.7",553
"Seasonal Baseline","2026-06-27",1,"2026-07-04","Pediatrics","quantile","0.75",578
"Seasonal Baseline","2026-06-27",1,"2026-07-04","Pediatrics","quantile","0.8",608
"Seasonal Baseline","2026-06-27",1,"2026-07-04","Pediatrics","quantile","0.85",645
"Seasonal Baseline","2026-06-27",1,"2026-07-04","Pediatrics","quantile","0.9",694
"Seasonal Baseline","2026-06-27",1,"2026-07-04","Pediatrics","quantile","0.95",779
"Seasonal Baseline","2026-06-27",1,"2026-07-04","Pediatrics","quantile","0.975",860
"Seasonal Baseline","2026-06-27",1,"2026-07-04","Pediatrics","quantile","0.99",957
"Seasonal Baseline","2026-06-27",2,"2026-07-11","Pediatrics","quantile","0.01",225
"Seasonal Baseline","2026-06-27",2,"2026-07-11","Pediatrics","quantile","0.025",252
"Seasonal Baseline","2026-06-27",2,"2026-07-11","Pediatrics","quantile","0.05",275
"Seasonal Baseline","2026-06-27",2,"2026-07-11","Pediatrics","quantile","0.1",306
"Seasonal Baseline","2026-06-27",2,"2026-07-11","Pediatrics","quantile","0.15",331
"Seasonal Baseline","2026-06-27",2,"2026-07-11","Pediatrics","quantile","0.2",351
"Seasonal Baseline","2026-06-27",2,"2026-07-11","Pediatrics","quantile","0.25",369
"Seasonal Baseline","2026-06-27",2,"2026-07-11","Pediatrics","quantile","0.3",387
"Seasonal Baseline","2026-06-27",2,"2026-07-11","Pediatrics","quantile","0.35",404
"Seasonal Baseline","2026-06-27",2,"2026-07-11","Pediatrics","quantile","0.4",420
"Seasonal Baseline","2026-06-27",2,"2026-07-11","Pediatrics","quantile","0.45",436
"Seasonal Baseline","2026-06-27",2,"2026-07-11","Pediatrics","quantile","0.5",453
"Seasonal Baseline","2026-06-27",2,"2026-07-11","Pediatrics","quantile","0.55",472
"Seasonal Baseline","2026-06-27",2,"2026-07-11","Pediatrics","quantile","0.6",491
"Seasonal Baseline","2026-06-27",2,"2026-07-11","Pediatrics","quantile","0.65",510
"Seasonal Baseline","2026-06-27",2,"2026-07-11","Pediatrics","quantile","0.7",532
"Seasonal Baseline","2026-06-27",2,"2026-07-11","Pediatrics","quantile","0.75",557
"Seasonal Baseline","2026-06-27",2,"2026-07-11","Pediatrics","quantile","0.8",586
"Seasonal Baseline","2026-06-27",2,"2026-07-11","Pediatrics","quantile","0.85",619
"Seasonal Baseline","2026-06-27",2,"2026-07-11","Pediatrics","quantile","0.9",668
"Seasonal Baseline","2026-06-27",2,"2026-07-11","Pediatrics","quantile","0.95",744
"Seasonal Baseline","2026-06-27",2,"2026-07-11","Pediatrics","quantile","0.975",812
"Seasonal Baseline","2026-06-27",2,"2026-07-11","Pediatrics","quantile","0.99",915
"Seasonal Baseline","2026-06-27",3,"2026-07-18","Pediatrics","quantile","0.01",211
"Seasonal Baseline","2026-06-27",3,"2026-07-18","Pediatrics","quantile","0.025",236
"Seasonal Baseline","2026-06-27",3,"2026-07-18","Pediatrics","quantile","0.05",260
"Seasonal Baseline","2026-06-27",3,"2026-07-18","Pediatrics","quantile","0.1",291
"Seasonal Baseline","2026-06-27",3,"2026-07-18","Pediatrics","quantile","0.15",312
"Seasonal Baseline","2026-06-27",3,"2026-07-18","Pediatrics","quantile","0.2",331
"Seasonal Baseline","2026-06-27",3,"2026-07-18","Pediatrics","quantile","0.25",348
"Seasonal Baseline","2026-06-27",3,"2026-07-18","Pediatrics","quantile","0.3",365
"Seasonal Baseline","2026-06-27",3,"2026-07-18","Pediatrics","quantile","0.35",381
"Seasonal Baseline","2026-06-27",3,"2026-07-18","Pediatrics","quantile","0.4",397
"Seasonal Baseline","2026-06-27",3,"2026-07-18","Pediatrics","quantile","0.45",413
"Seasonal Baseline","2026-06-27",3,"2026-07-18","Pediatrics","quantile","0.5",428
"Seasonal Baseline","2026-06-27",3,"2026-07-18","Pediatrics","quantile","0.55",447
"Seasonal Baseline","2026-06-27",3,"2026-07-18","Pediatrics","quantile","0.6",465
"Seasonal Baseline","2026-06-27",3,"2026-07-18","Pediatrics","quantile","0.65",483
"Seasonal Baseline","2026-06-27",3,"2026-07-18","Pediatrics","quantile","0.7",503
"Seasonal Baseline","2026-06-27",3,"2026-07-18","Pediatrics","quantile","0.75",526
"Seasonal Baseline","2026-06-27",3,"2026-07-18","Pediatrics","quantile","0.8",552
"Seasonal Baseline","2026-06-27",3,"2026-07-18","Pediatrics","quantile","0.85",584
"Seasonal Baseline","2026-06-27",3,"2026-07-18","Pediatrics","quantile","0.9",629
"Seasonal Baseline","2026-06-27",3,"2026-07-18","Pediatrics","quantile","0.95",700
"Seasonal Baseline","2026-06-27",3,"2026-07-18","Pediatrics","quantile","0.975",763
"Seasonal Baseline","2026-06-27",3,"2026-07-18","Pediatrics","quantile","0.99",861
"Opt Baseline","2026-06-27",-3,"2026-06-06","Adults","quantile","0.01",258
"Opt Baseline","2026-06-27",-3,"2026-06-06","Adults","quantile","0.025",260
"Opt Baseline","2026-06-27",-3,"2026-06-06","Adults","quantile","0.05",262
"Opt Baseline","2026-06-27",-3,"2026-06-06","Adults","quantile","0.1",265
"Opt Baseline","2026-06-27",-3,"2026-06-06","Adults","quantile","0.15",267
"Opt Baseline","2026-06-27",-3,"2026-06-06","Adults","quantile","0.2",271
"Opt Baseline","2026-06-27",-3,"2026-06-06","Adults","quantile","0.25",275
"Opt Baseline","2026-06-27",-3,"2026-06-06","Adults","quantile","0.3",285
"Opt Baseline","2026-06-27",-3,"2026-06-06","Adults","quantile","0.35",293
"Opt Baseline","2026-06-27",-3,"2026-06-06","Adults","quantile","0.4",295
"Opt Baseline","2026-06-27",-3,"2026-06-06","Adults","quantile","0.45",303
"Opt Baseline","2026-06-27",-3,"2026-06-06","Adults","quantile","0.5",320
"Opt Baseline","2026-06-27",-3,"2026-06-06","Adults","quantile","0.55",337
"Opt Baseline","2026-06-27",-3,"2026-06-06","Adults","quantile","0.6",346
"Opt Baseline","2026-06-27",-3,"2026-06-06","Adults","quantile","0.65",348
"Opt Baseline","2026-06-27",-3,"2026-06-06","Adults","quantile","0.7",358
"Opt Baseline","2026-06-27",-3,"2026-06-06","Adults","quantile","0.75",368
"Opt Baseline","2026-06-27",-3,"2026-06-06","Adults","quantile","0.8",373
"Opt Baseline","2026-06-27",-3,"2026-06-06","Adults","quantile","0.85",378
"Opt Baseline","2026-06-27",-3,"2026-06-06","Adults","quantile","0.9",381
"Opt Baseline","2026-06-27",-3,"2026-06-06","Adults","quantile","0.95",384
"Opt Baseline","2026-06-27",-3,"2026-06-06","Adults","quantile","0.975",386
"Opt Baseline","2026-06-27",-3,"2026-06-06","Adults","quantile","0.99",388
"Opt Baseline","2026-06-27",-2,"2026-06-13","Adults","quantile","0.01",211
"Opt Baseline","2026-06-27",-2,"2026-06-13","Adults","quantile","0.025",216
"Opt Baseline","2026-06-27",-2,"2026-06-13","Adults","quantile","0.05",222
"Opt Baseline","2026-06-27",-2,"2026-06-13","Adults","quantile","0.1",238
"Opt Baseline","2026-06-27",-2,"2026-06-13","Adults","quantile","0.15",248
"Opt Baseline","2026-06-27",-2,"2026-06-13","Adults","quantile","0.2",262
"Opt Baseline","2026-06-27",-2,"2026-06-13","Adults","quantile","0.25",279
"Opt Baseline","2026-06-27",-2,"2026-06-13","Adults","quantile","0.3",289
"Opt Baseline","2026-06-27",-2,"2026-06-13","Adults","quantile","0.35",298
"Opt Baseline","2026-06-27",-2,"2026-06-13","Adults","quantile","0.4",308
"Opt Baseline","2026-06-27",-2,"2026-06-13","Adults","quantile","0.45",315
"Opt Baseline","2026-06-27",-2,"2026-06-13","Adults","quantile","0.5",320
"Opt Baseline","2026-06-27",-2,"2026-06-13","Adults","quantile","0.55",325
"Opt Baseline","2026-06-27",-2,"2026-06-13","Adults","quantile","0.6",332
"Opt Baseline","2026-06-27",-2,"2026-06-13","Adults","quantile","0.65",342
"Opt Baseline","2026-06-27",-2,"2026-06-13","Adults","quantile","0.7",353
"Opt Baseline","2026-06-27",-2,"2026-06-13","Adults","quantile","0.75",365
"Opt Baseline","2026-06-27",-2,"2026-06-13","Adults","quantile","0.8",383
"Opt Baseline","2026-06-27",-2,"2026-06-13","Adults","quantile","0.85",402
"Opt Baseline","2026-06-27",-2,"2026-06-13","Adults","quantile","0.9",415
"Opt Baseline","2026-06-27",-2,"2026-06-13","Adults","quantile","0.95",436
"Opt Baseline","2026-06-27",-2,"2026-06-13","Adults","quantile","0.975",445
"Opt Baseline","2026-06-27",-2,"2026-06-13","Adults","quantile","0.99",451
"Opt Baseline","2026-06-27",-1,"2026-06-20","Adults","quantile","0.01",176
"Opt Baseline","2026-06-27",-1,"2026-06-20","Adults","quantile","0.025",189
"Opt Baseline","2026-06-27",-1,"2026-06-20","Adults","quantile","0.05",204
"Opt Baseline","2026-06-27",-1,"2026-06-20","Adults","quantile","0.1",229
"Opt Baseline","2026-06-27",-1,"2026-06-20","Adults","quantile","0.15",246
"Opt Baseline","2026-06-27",-1,"2026-06-20","Adults","quantile","0.2",260
"Opt Baseline","2026-06-27",-1,"2026-06-20","Adults","quantile","0.25",269
"Opt Baseline","2026-06-27",-1,"2026-06-20","Adults","quantile","0.3",278
"Opt Baseline","2026-06-27",-1,"2026-06-20","Adults","quantile","0.35",288
"Opt Baseline","2026-06-27",-1,"2026-06-20","Adults","quantile","0.4",298
"Opt Baseline","2026-06-27",-1,"2026-06-20","Adults","quantile","0.45",308
"Opt Baseline","2026-06-27",-1,"2026-06-20","Adults","quantile","0.5",320
"Opt Baseline","2026-06-27",-1,"2026-06-20","Adults","quantile","0.55",333
"Opt Baseline","2026-06-27",-1,"2026-06-20","Adults","quantile","0.6",345
"Opt Baseline","2026-06-27",-1,"2026-06-20","Adults","quantile","0.65",356
"Opt Baseline","2026-06-27",-1,"2026-06-20","Adults","quantile","0.7",367
"Opt Baseline","2026-06-27",-1,"2026-06-20","Adults","quantile","0.75",378
"Opt Baseline","2026-06-27",-1,"2026-06-20","Adults","quantile","0.8",391
"Opt Baseline","2026-06-27",-1,"2026-06-20","Adults","quantile","0.85",407
"Opt Baseline","2026-06-27",-1,"2026-06-20","Adults","quantile","0.9",431
"Opt Baseline","2026-06-27",-1,"2026-06-20","Adults","quantile","0.95",467
"Opt Baseline","2026-06-27",-1,"2026-06-20","Adults","quantile","0.975",487
"Opt Baseline","2026-06-27",-1,"2026-06-20","Adults","quantile","0.99",509
"Opt Baseline","2026-06-27",0,"2026-06-27","Adults","quantile","0.01",151
"Opt Baseline","2026-06-27",0,"2026-06-27","Adults","quantile","0.025",171
"Opt Baseline","2026-06-27",0,"2026-06-27","Adults","quantile","0.05",191
"Opt Baseline","2026-06-27",0,"2026-06-27","Adults","quantile","0.1",215
"Opt Baseline","2026-06-27",0,"2026-06-27","Adults","quantile","0.15",231
"Opt Baseline","2026-06-27",0,"2026-06-27","Adults","quantile","0.2",245
"Opt Baseline","2026-06-27",0,"2026-06-27","Adults","quantile","0.25",258
"Opt Baseline","2026-06-27",0,"2026-06-27","Adults","quantile","0.3",272
"Opt Baseline","2026-06-27",0,"2026-06-27","Adults","quantile","0.35",284
"Opt Baseline","2026-06-27",0,"2026-06-27","Adults","quantile","0.4",296
"Opt Baseline","2026-06-27",0,"2026-06-27","Adults","quantile","0.45",308
"Opt Baseline","2026-06-27",0,"2026-06-27","Adults","quantile","0.5",320
"Opt Baseline","2026-06-27",0,"2026-06-27","Adults","quantile","0.55",330
"Opt Baseline","2026-06-27",0,"2026-06-27","Adults","quantile","0.6",342
"Opt Baseline","2026-06-27",0,"2026-06-27","Adults","quantile","0.65",354
"Opt Baseline","2026-06-27",0,"2026-06-27","Adults","quantile","0.7",369
"Opt Baseline","2026-06-27",0,"2026-06-27","Adults","quantile","0.75",385
"Opt Baseline","2026-06-27",0,"2026-06-27","Adults","quantile","0.8",403
"Opt Baseline","2026-06-27",0,"2026-06-27","Adults","quantile","0.85",423
"Opt Baseline","2026-06-27",0,"2026-06-27","Adults","quantile","0.9",445
"Opt Baseline","2026-06-27",0,"2026-06-27","Adults","quantile","0.95",483
"Opt Baseline","2026-06-27",0,"2026-06-27","Adults","quantile","0.975",516
"Opt Baseline","2026-06-27",0,"2026-06-27","Adults","quantile","0.99",547
"Opt Baseline","2026-06-27",1,"2026-07-04","Adults","quantile","0.01",136
"Opt Baseline","2026-06-27",1,"2026-07-04","Adults","quantile","0.025",156
"Opt Baseline","2026-06-27",1,"2026-07-04","Adults","quantile","0.05",178
"Opt Baseline","2026-06-27",1,"2026-07-04","Adults","quantile","0.1",202
"Opt Baseline","2026-06-27",1,"2026-07-04","Adults","quantile","0.15",222
"Opt Baseline","2026-06-27",1,"2026-07-04","Adults","quantile","0.2",239
"Opt Baseline","2026-06-27",1,"2026-07-04","Adults","quantile","0.25",254
"Opt Baseline","2026-06-27",1,"2026-07-04","Adults","quantile","0.3",268
"Opt Baseline","2026-06-27",1,"2026-07-04","Adults","quantile","0.35",281
"Opt Baseline","2026-06-27",1,"2026-07-04","Adults","quantile","0.4",293
"Opt Baseline","2026-06-27",1,"2026-07-04","Adults","quantile","0.45",307
"Opt Baseline","2026-06-27",1,"2026-07-04","Adults","quantile","0.5",320
"Opt Baseline","2026-06-27",1,"2026-07-04","Adults","quantile","0.55",334
"Opt Baseline","2026-06-27",1,"2026-07-04","Adults","quantile","0.6",348
"Opt Baseline","2026-06-27",1,"2026-07-04","Adults","quantile","0.65",361
"Opt Baseline","2026-06-27",1,"2026-07-04","Adults","quantile","0.7",376
"Opt Baseline","2026-06-27",1,"2026-07-04","Adults","quantile","0.75",392
"Opt Baseline","2026-06-27",1,"2026-07-04","Adults","quantile","0.8",410
"Opt Baseline","2026-06-27",1,"2026-07-04","Adults","quantile","0.85",434
"Opt Baseline","2026-06-27",1,"2026-07-04","Adults","quantile","0.9",462
"Opt Baseline","2026-06-27",1,"2026-07-04","Adults","quantile","0.95",505
"Opt Baseline","2026-06-27",1,"2026-07-04","Adults","quantile","0.975",541
"Opt Baseline","2026-06-27",1,"2026-07-04","Adults","quantile","0.99",581
"Opt Baseline","2026-06-27",2,"2026-07-11","Adults","quantile","0.01",120
"Opt Baseline","2026-06-27",2,"2026-07-11","Adults","quantile","0.025",144
"Opt Baseline","2026-06-27",2,"2026-07-11","Adults","quantile","0.05",164
"Opt Baseline","2026-06-27",2,"2026-07-11","Adults","quantile","0.1",193
"Opt Baseline","2026-06-27",2,"2026-07-11","Adults","quantile","0.15",214
"Opt Baseline","2026-06-27",2,"2026-07-11","Adults","quantile","0.2",231
"Opt Baseline","2026-06-27",2,"2026-07-11","Adults","quantile","0.25",248
"Opt Baseline","2026-06-27",2,"2026-07-11","Adults","quantile","0.3",263
"Opt Baseline","2026-06-27",2,"2026-07-11","Adults","quantile","0.35",277
"Opt Baseline","2026-06-27",2,"2026-07-11","Adults","quantile","0.4",292
"Opt Baseline","2026-06-27",2,"2026-07-11","Adults","quantile","0.45",307
"Opt Baseline","2026-06-27",2,"2026-07-11","Adults","quantile","0.5",320
"Opt Baseline","2026-06-27",2,"2026-07-11","Adults","quantile","0.55",335
"Opt Baseline","2026-06-27",2,"2026-07-11","Adults","quantile","0.6",349
"Opt Baseline","2026-06-27",2,"2026-07-11","Adults","quantile","0.65",365
"Opt Baseline","2026-06-27",2,"2026-07-11","Adults","quantile","0.7",381
"Opt Baseline","2026-06-27",2,"2026-07-11","Adults","quantile","0.75",399
"Opt Baseline","2026-06-27",2,"2026-07-11","Adults","quantile","0.8",420
"Opt Baseline","2026-06-27",2,"2026-07-11","Adults","quantile","0.85",446
"Opt Baseline","2026-06-27",2,"2026-07-11","Adults","quantile","0.9",478
"Opt Baseline","2026-06-27",2,"2026-07-11","Adults","quantile","0.95",526
"Opt Baseline","2026-06-27",2,"2026-07-11","Adults","quantile","0.975",566
"Opt Baseline","2026-06-27",2,"2026-07-11","Adults","quantile","0.99",620
"Opt Baseline","2026-06-27",3,"2026-07-18","Adults","quantile","0.01",107
"Opt Baseline","2026-06-27",3,"2026-07-18","Adults","quantile","0.025",132
"Opt Baseline","2026-06-27",3,"2026-07-18","Adults","quantile","0.05",155
"Opt Baseline","2026-06-27",3,"2026-07-18","Adults","quantile","0.1",184
"Opt Baseline","2026-06-27",3,"2026-07-18","Adults","quantile","0.15",206
"Opt Baseline","2026-06-27",3,"2026-07-18","Adults","quantile","0.2",226
"Opt Baseline","2026-06-27",3,"2026-07-18","Adults","quantile","0.25",244
"Opt Baseline","2026-06-27",3,"2026-07-18","Adults","quantile","0.3",259
"Opt Baseline","2026-06-27",3,"2026-07-18","Adults","quantile","0.35",276
"Opt Baseline","2026-06-27",3,"2026-07-18","Adults","quantile","0.4",290
"Opt Baseline","2026-06-27",3,"2026-07-18","Adults","quantile","0.45",305
"Opt Baseline","2026-06-27",3,"2026-07-18","Adults","quantile","0.5",320
"Opt Baseline","2026-06-27",3,"2026-07-18","Adults","quantile","0.55",335
"Opt Baseline","2026-06-27",3,"2026-07-18","Adults","quantile","0.6",352
"Opt Baseline","2026-06-27",3,"2026-07-18","Adults","quantile","0.65",369
"Opt Baseline","2026-06-27",3,"2026-07-18","Adults","quantile","0.7",387
"Opt Baseline","2026-06-27",3,"2026-07-18","Adults","quantile","0.75",407
"Opt Baseline","2026-06-27",3,"2026-07-18","Adults","quantile","0.8",427
"Opt Baseline","2026-06-27",3,"2026-07-18","Adults","quantile","0.85",456
"Opt Baseline","2026-06-27",3,"2026-07-18","Adults","quantile","0.9",491
"Opt Baseline","2026-06-27",3,"2026-07-18","Adults","quantile","0.95",541
"Opt Baseline","2026-06-27",3,"2026-07-18","Adults","quantile","0.975",588
"Opt Baseline","2026-06-27",3,"2026-07-18","Adults","quantile","0.99",641
"Opt Baseline","2026-06-27",-3,"2026-06-06","Overall","quantile","0.01",612
"Opt Baseline","2026-06-27",-3,"2026-06-06","Overall","quantile","0.025",617
"Opt Baseline","2026-06-27",-3,"2026-06-06","Overall","quantile","0.05",626
"Opt Baseline","2026-06-27",-3,"2026-06-06","Overall","quantile","0.1",633
"Opt Baseline","2026-06-27",-3,"2026-06-06","Overall","quantile","0.15",639
"Opt Baseline","2026-06-27",-3,"2026-06-06","Overall","quantile","0.2",651
"Opt Baseline","2026-06-27",-3,"2026-06-06","Overall","quantile","0.25",657
"Opt Baseline","2026-06-27",-3,"2026-06-06","Overall","quantile","0.3",668
"Opt Baseline","2026-06-27",-3,"2026-06-06","Overall","quantile","0.35",679
"Opt Baseline","2026-06-27",-3,"2026-06-06","Overall","quantile","0.4",680
"Opt Baseline","2026-06-27",-3,"2026-06-06","Overall","quantile","0.45",706
"Opt Baseline","2026-06-27",-3,"2026-06-06","Overall","quantile","0.5",725
"Opt Baseline","2026-06-27",-3,"2026-06-06","Overall","quantile","0.55",745
"Opt Baseline","2026-06-27",-3,"2026-06-06","Overall","quantile","0.6",772
"Opt Baseline","2026-06-27",-3,"2026-06-06","Overall","quantile","0.65",773
"Opt Baseline","2026-06-27",-3,"2026-06-06","Overall","quantile","0.7",784
"Opt Baseline","2026-06-27",-3,"2026-06-06","Overall","quantile","0.75",797
"Opt Baseline","2026-06-27",-3,"2026-06-06","Overall","quantile","0.8",803
"Opt Baseline","2026-06-27",-3,"2026-06-06","Overall","quantile","0.85",816
"Opt Baseline","2026-06-27",-3,"2026-06-06","Overall","quantile","0.9",823
"Opt Baseline","2026-06-27",-3,"2026-06-06","Overall","quantile","0.95",831
"Opt Baseline","2026-06-27",-3,"2026-06-06","Overall","quantile","0.975",841
"Opt Baseline","2026-06-27",-3,"2026-06-06","Overall","quantile","0.99",847
"Opt Baseline","2026-06-27",-2,"2026-06-13","Overall","quantile","0.01",538
"Opt Baseline","2026-06-27",-2,"2026-06-13","Overall","quantile","0.025",550
"Opt Baseline","2026-06-27",-2,"2026-06-13","Overall","quantile","0.05",565
"Opt Baseline","2026-06-27",-2,"2026-06-13","Overall","quantile","0.1",588
"Opt Baseline","2026-06-27",-2,"2026-06-13","Overall","quantile","0.15",609
"Opt Baseline","2026-06-27",-2,"2026-06-13","Overall","quantile","0.2",632
"Opt Baseline","2026-06-27",-2,"2026-06-13","Overall","quantile","0.25",655
"Opt Baseline","2026-06-27",-2,"2026-06-13","Overall","quantile","0.3",675
"Opt Baseline","2026-06-27",-2,"2026-06-13","Overall","quantile","0.35",689
"Opt Baseline","2026-06-27",-2,"2026-06-13","Overall","quantile","0.4",702
"Opt Baseline","2026-06-27",-2,"2026-06-13","Overall","quantile","0.45",715
"Opt Baseline","2026-06-27",-2,"2026-06-13","Overall","quantile","0.5",725
"Opt Baseline","2026-06-27",-2,"2026-06-13","Overall","quantile","0.55",736
"Opt Baseline","2026-06-27",-2,"2026-06-13","Overall","quantile","0.6",748
"Opt Baseline","2026-06-27",-2,"2026-06-13","Overall","quantile","0.65",763
"Opt Baseline","2026-06-27",-2,"2026-06-13","Overall","quantile","0.7",777
"Opt Baseline","2026-06-27",-2,"2026-06-13","Overall","quantile","0.75",797
"Opt Baseline","2026-06-27",-2,"2026-06-13","Overall","quantile","0.8",823
"Opt Baseline","2026-06-27",-2,"2026-06-13","Overall","quantile","0.85",850
"Opt Baseline","2026-06-27",-2,"2026-06-13","Overall","quantile","0.9",877
"Opt Baseline","2026-06-27",-2,"2026-06-13","Overall","quantile","0.95",904
"Opt Baseline","2026-06-27",-2,"2026-06-13","Overall","quantile","0.975",925
"Opt Baseline","2026-06-27",-2,"2026-06-13","Overall","quantile","0.99",943
"Opt Baseline","2026-06-27",-1,"2026-06-20","Overall","quantile","0.01",478
"Opt Baseline","2026-06-27",-1,"2026-06-20","Overall","quantile","0.025",499
"Opt Baseline","2026-06-27",-1,"2026-06-20","Overall","quantile","0.05",523
"Opt Baseline","2026-06-27",-1,"2026-06-20","Overall","quantile","0.1",565
"Opt Baseline","2026-06-27",-1,"2026-06-20","Overall","quantile","0.15",596
"Opt Baseline","2026-06-27",-1,"2026-06-20","Overall","quantile","0.2",620
"Opt Baseline","2026-06-27",-1,"2026-06-20","Overall","quantile","0.25",638
"Opt Baseline","2026-06-27",-1,"2026-06-20","Overall","quantile","0.3",654
"Opt Baseline","2026-06-27",-1,"2026-06-20","Overall","quantile","0.35",672
"Opt Baseline","2026-06-27",-1,"2026-06-20","Overall","quantile","0.4",689
"Opt Baseline","2026-06-27",-1,"2026-06-20","Overall","quantile","0.45",706
"Opt Baseline","2026-06-27",-1,"2026-06-20","Overall","quantile","0.5",725
"Opt Baseline","2026-06-27",-1,"2026-06-20","Overall","quantile","0.55",744
"Opt Baseline","2026-06-27",-1,"2026-06-20","Overall","quantile","0.6",762
"Opt Baseline","2026-06-27",-1,"2026-06-20","Overall","quantile","0.65",779
"Opt Baseline","2026-06-27",-1,"2026-06-20","Overall","quantile","0.7",799
"Opt Baseline","2026-06-27",-1,"2026-06-20","Overall","quantile","0.75",818
"Opt Baseline","2026-06-27",-1,"2026-06-20","Overall","quantile","0.8",838
"Opt Baseline","2026-06-27",-1,"2026-06-20","Overall","quantile","0.85",863
"Opt Baseline","2026-06-27",-1,"2026-06-20","Overall","quantile","0.9",900
"Opt Baseline","2026-06-27",-1,"2026-06-20","Overall","quantile","0.95",954
"Opt Baseline","2026-06-27",-1,"2026-06-20","Overall","quantile","0.975",987
"Opt Baseline","2026-06-27",-1,"2026-06-20","Overall","quantile","0.99",1021
"Opt Baseline","2026-06-27",0,"2026-06-27","Overall","quantile","0.01",431
"Opt Baseline","2026-06-27",0,"2026-06-27","Overall","quantile","0.025",464
"Opt Baseline","2026-06-27",0,"2026-06-27","Overall","quantile","0.05",499
"Opt Baseline","2026-06-27",0,"2026-06-27","Overall","quantile","0.1",547
"Opt Baseline","2026-06-27",0,"2026-06-27","Overall","quantile","0.15",575
"Opt Baseline","2026-06-27",0,"2026-06-27","Overall","quantile","0.2",599
"Opt Baseline","2026-06-27",0,"2026-06-27","Overall","quantile","0.25",625
"Opt Baseline","2026-06-27",0,"2026-06-27","Overall","quantile","0.3",647
"Opt Baseline","2026-06-27",0,"2026-06-27","Overall","quantile","0.35",669
"Opt Baseline","2026-06-27",0,"2026-06-27","Overall","quantile","0.4",688
"Opt Baseline","2026-06-27",0,"2026-06-27","Overall","quantile","0.45",707
"Opt Baseline","2026-06-27",0,"2026-06-27","Overall","quantile","0.5",725
"Opt Baseline","2026-06-27",0,"2026-06-27","Overall","quantile","0.55",744
"Opt Baseline","2026-06-27",0,"2026-06-27","Overall","quantile","0.6",764
"Opt Baseline","2026-06-27",0,"2026-06-27","Overall","quantile","0.65",784
"Opt Baseline","2026-06-27",0,"2026-06-27","Overall","quantile","0.7",808
"Opt Baseline","2026-06-27",0,"2026-06-27","Overall","quantile","0.75",830
"Opt Baseline","2026-06-27",0,"2026-06-27","Overall","quantile","0.8",858
"Opt Baseline","2026-06-27",0,"2026-06-27","Overall","quantile","0.85",888
"Opt Baseline","2026-06-27",0,"2026-06-27","Overall","quantile","0.9",925
"Opt Baseline","2026-06-27",0,"2026-06-27","Overall","quantile","0.95",985
"Opt Baseline","2026-06-27",0,"2026-06-27","Overall","quantile","0.975",1035
"Opt Baseline","2026-06-27",0,"2026-06-27","Overall","quantile","0.99",1089
"Opt Baseline","2026-06-27",1,"2026-07-04","Overall","quantile","0.01",398
"Opt Baseline","2026-06-27",1,"2026-07-04","Overall","quantile","0.025",438
"Opt Baseline","2026-06-27",1,"2026-07-04","Overall","quantile","0.05",476
"Opt Baseline","2026-06-27",1,"2026-07-04","Overall","quantile","0.1",521
"Opt Baseline","2026-06-27",1,"2026-07-04","Overall","quantile","0.15",556
"Opt Baseline","2026-06-27",1,"2026-07-04","Overall","quantile","0.2",587
"Opt Baseline","2026-06-27",1,"2026-07-04","Overall","quantile","0.25",614
"Opt Baseline","2026-06-27",1,"2026-07-04","Overall","quantile","0.3",638
"Opt Baseline","2026-06-27",1,"2026-07-04","Overall","quantile","0.35",659
"Opt Baseline","2026-06-27",1,"2026-07-04","Overall","quantile","0.4",680
"Opt Baseline","2026-06-27",1,"2026-07-04","Overall","quantile","0.45",702
"Opt Baseline","2026-06-27",1,"2026-07-04","Overall","quantile","0.5",725
"Opt Baseline","2026-06-27",1,"2026-07-04","Overall","quantile","0.55",745
"Opt Baseline","2026-06-27",1,"2026-07-04","Overall","quantile","0.6",767
"Opt Baseline","2026-06-27",1,"2026-07-04","Overall","quantile","0.65",791
"Opt Baseline","2026-06-27",1,"2026-07-04","Overall","quantile","0.7",815
"Opt Baseline","2026-06-27",1,"2026-07-04","Overall","quantile","0.75",843
"Opt Baseline","2026-06-27",1,"2026-07-04","Overall","quantile","0.8",872
"Opt Baseline","2026-06-27",1,"2026-07-04","Overall","quantile","0.85",904
"Opt Baseline","2026-06-27",1,"2026-07-04","Overall","quantile","0.9",950
"Opt Baseline","2026-06-27",1,"2026-07-04","Overall","quantile","0.95",1016
"Opt Baseline","2026-06-27",1,"2026-07-04","Overall","quantile","0.975",1077
"Opt Baseline","2026-06-27",1,"2026-07-04","Overall","quantile","0.99",1138
"Opt Baseline","2026-06-27",2,"2026-07-11","Overall","quantile","0.01",376
"Opt Baseline","2026-06-27",2,"2026-07-11","Overall","quantile","0.025",416
"Opt Baseline","2026-06-27",2,"2026-07-11","Overall","quantile","0.05",457
"Opt Baseline","2026-06-27",2,"2026-07-11","Overall","quantile","0.1",511
"Opt Baseline","2026-06-27",2,"2026-07-11","Overall","quantile","0.15",548
"Opt Baseline","2026-06-27",2,"2026-07-11","Overall","quantile","0.2",580
"Opt Baseline","2026-06-27",2,"2026-07-11","Overall","quantile","0.25",606
"Opt Baseline","2026-06-27",2,"2026-07-11","Overall","quantile","0.3",631
"Opt Baseline","2026-06-27",2,"2026-07-11","Overall","quantile","0.35",656
"Opt Baseline","2026-06-27",2,"2026-07-11","Overall","quantile","0.4",681
"Opt Baseline","2026-06-27",2,"2026-07-11","Overall","quantile","0.45",703
"Opt Baseline","2026-06-27",2,"2026-07-11","Overall","quantile","0.5",725
"Opt Baseline","2026-06-27",2,"2026-07-11","Overall","quantile","0.55",749
"Opt Baseline","2026-06-27",2,"2026-07-11","Overall","quantile","0.6",773
"Opt Baseline","2026-06-27",2,"2026-07-11","Overall","quantile","0.65",799
"Opt Baseline","2026-06-27",2,"2026-07-11","Overall","quantile","0.7",826
"Opt Baseline","2026-06-27",2,"2026-07-11","Overall","quantile","0.75",854
"Opt Baseline","2026-06-27",2,"2026-07-11","Overall","quantile","0.8",886
"Opt Baseline","2026-06-27",2,"2026-07-11","Overall","quantile","0.85",925
"Opt Baseline","2026-06-27",2,"2026-07-11","Overall","quantile","0.9",973
"Opt Baseline","2026-06-27",2,"2026-07-11","Overall","quantile","0.95",1047
"Opt Baseline","2026-06-27",2,"2026-07-11","Overall","quantile","0.975",1109
"Opt Baseline","2026-06-27",2,"2026-07-11","Overall","quantile","0.99",1178
"Opt Baseline","2026-06-27",3,"2026-07-18","Overall","quantile","0.01",347
"Opt Baseline","2026-06-27",3,"2026-07-18","Overall","quantile","0.025",398
"Opt Baseline","2026-06-27",3,"2026-07-18","Overall","quantile","0.05",440
"Opt Baseline","2026-06-27",3,"2026-07-18","Overall","quantile","0.1",497
"Opt Baseline","2026-06-27",3,"2026-07-18","Overall","quantile","0.15",536
"Opt Baseline","2026-06-27",3,"2026-07-18","Overall","quantile","0.2",568
"Opt Baseline","2026-06-27",3,"2026-07-18","Overall","quantile","0.25",598
"Opt Baseline","2026-06-27",3,"2026-07-18","Overall","quantile","0.3",626
"Opt Baseline","2026-06-27",3,"2026-07-18","Overall","quantile","0.35",651
"Opt Baseline","2026-06-27",3,"2026-07-18","Overall","quantile","0.4",674
"Opt Baseline","2026-06-27",3,"2026-07-18","Overall","quantile","0.45",701
"Opt Baseline","2026-06-27",3,"2026-07-18","Overall","quantile","0.5",725
"Opt Baseline","2026-06-27",3,"2026-07-18","Overall","quantile","0.55",750
"Opt Baseline","2026-06-27",3,"2026-07-18","Overall","quantile","0.6",778
"Opt Baseline","2026-06-27",3,"2026-07-18","Overall","quantile","0.65",805
"Opt Baseline","2026-06-27",3,"2026-07-18","Overall","quantile","0.7",833
"Opt Baseline","2026-06-27",3,"2026-07-18","Overall","quantile","0.75",866
"Opt Baseline","2026-06-27",3,"2026-07-18","Overall","quantile","0.8",903
"Opt Baseline","2026-06-27",3,"2026-07-18","Overall","quantile","0.85",947
"Opt Baseline","2026-06-27",3,"2026-07-18","Overall","quantile","0.9",1001
"Opt Baseline","2026-06-27",3,"2026-07-18","Overall","quantile","0.95",1072
"Opt Baseline","2026-06-27",3,"2026-07-18","Overall","quantile","0.975",1147
"Opt Baseline","2026-06-27",3,"2026-07-18","Overall","quantile","0.99",1216
"Opt Baseline","2026-06-27",-3,"2026-06-06","Pediatrics","quantile","0.01",335
"Opt Baseline","2026-06-27",-3,"2026-06-06","Pediatrics","quantile","0.025",337
"Opt Baseline","2026-06-27",-3,"2026-06-06","Pediatrics","quantile","0.05",340
"Opt Baseline","2026-06-27",-3,"2026-06-06","Pediatrics","quantile","0.1",344
"Opt Baseline","2026-06-27",-3,"2026-06-06","Pediatrics","quantile","0.15",351
"Opt Baseline","2026-06-27",-3,"2026-06-06","Pediatrics","quantile","0.2",368
"Opt Baseline","2026-06-27",-3,"2026-06-06","Pediatrics","quantile","0.25",376
"Opt Baseline","2026-06-27",-3,"2026-06-06","Pediatrics","quantile","0.3",382
"Opt Baseline","2026-06-27",-3,"2026-06-06","Pediatrics","quantile","0.35",385
"Opt Baseline","2026-06-27",-3,"2026-06-06","Pediatrics","quantile","0.4",386
"Opt Baseline","2026-06-27",-3,"2026-06-06","Pediatrics","quantile","0.45",386
"Opt Baseline","2026-06-27",-3,"2026-06-06","Pediatrics","quantile","0.5",405
"Opt Baseline","2026-06-27",-3,"2026-06-06","Pediatrics","quantile","0.55",425
"Opt Baseline","2026-06-27",-3,"2026-06-06","Pediatrics","quantile","0.6",425
"Opt Baseline","2026-06-27",-3,"2026-06-06","Pediatrics","quantile","0.65",426
"Opt Baseline","2026-06-27",-3,"2026-06-06","Pediatrics","quantile","0.7",429
"Opt Baseline","2026-06-27",-3,"2026-06-06","Pediatrics","quantile","0.75",435
"Opt Baseline","2026-06-27",-3,"2026-06-06","Pediatrics","quantile","0.8",444
"Opt Baseline","2026-06-27",-3,"2026-06-06","Pediatrics","quantile","0.85",463
"Opt Baseline","2026-06-27",-3,"2026-06-06","Pediatrics","quantile","0.9",471
"Opt Baseline","2026-06-27",-3,"2026-06-06","Pediatrics","quantile","0.95",475
"Opt Baseline","2026-06-27",-3,"2026-06-06","Pediatrics","quantile","0.975",479
"Opt Baseline","2026-06-27",-3,"2026-06-06","Pediatrics","quantile","0.99",482
"Opt Baseline","2026-06-27",-2,"2026-06-13","Pediatrics","quantile","0.01",283
"Opt Baseline","2026-06-27",-2,"2026-06-13","Pediatrics","quantile","0.025",293
"Opt Baseline","2026-06-27",-2,"2026-06-13","Pediatrics","quantile","0.05",312
"Opt Baseline","2026-06-27",-2,"2026-06-13","Pediatrics","quantile","0.1",325
"Opt Baseline","2026-06-27",-2,"2026-06-13","Pediatrics","quantile","0.15",340
"Opt Baseline","2026-06-27",-2,"2026-06-13","Pediatrics","quantile","0.2",355
"Opt Baseline","2026-06-27",-2,"2026-06-13","Pediatrics","quantile","0.25",362
"Opt Baseline","2026-06-27",-2,"2026-06-13","Pediatrics","quantile","0.3",367
"Opt Baseline","2026-06-27",-2,"2026-06-13","Pediatrics","quantile","0.35",379
"Opt Baseline","2026-06-27",-2,"2026-06-13","Pediatrics","quantile","0.4",392
"Opt Baseline","2026-06-27",-2,"2026-06-13","Pediatrics","quantile","0.45",401
"Opt Baseline","2026-06-27",-2,"2026-06-13","Pediatrics","quantile","0.5",405
"Opt Baseline","2026-06-27",-2,"2026-06-13","Pediatrics","quantile","0.55",409
"Opt Baseline","2026-06-27",-2,"2026-06-13","Pediatrics","quantile","0.6",418
"Opt Baseline","2026-06-27",-2,"2026-06-13","Pediatrics","quantile","0.65",433
"Opt Baseline","2026-06-27",-2,"2026-06-13","Pediatrics","quantile","0.7",445
"Opt Baseline","2026-06-27",-2,"2026-06-13","Pediatrics","quantile","0.75",450
"Opt Baseline","2026-06-27",-2,"2026-06-13","Pediatrics","quantile","0.8",457
"Opt Baseline","2026-06-27",-2,"2026-06-13","Pediatrics","quantile","0.85",476
"Opt Baseline","2026-06-27",-2,"2026-06-13","Pediatrics","quantile","0.9",494
"Opt Baseline","2026-06-27",-2,"2026-06-13","Pediatrics","quantile","0.95",510
"Opt Baseline","2026-06-27",-2,"2026-06-13","Pediatrics","quantile","0.975",536
"Opt Baseline","2026-06-27",-2,"2026-06-13","Pediatrics","quantile","0.99",547
"Opt Baseline","2026-06-27",-1,"2026-06-20","Pediatrics","quantile","0.01",256
"Opt Baseline","2026-06-27",-1,"2026-06-20","Pediatrics","quantile","0.025",271
"Opt Baseline","2026-06-27",-1,"2026-06-20","Pediatrics","quantile","0.05",293
"Opt Baseline","2026-06-27",-1,"2026-06-20","Pediatrics","quantile","0.1",311
"Opt Baseline","2026-06-27",-1,"2026-06-20","Pediatrics","quantile","0.15",330
"Opt Baseline","2026-06-27",-1,"2026-06-20","Pediatrics","quantile","0.2",341
"Opt Baseline","2026-06-27",-1,"2026-06-20","Pediatrics","quantile","0.25",351
"Opt Baseline","2026-06-27",-1,"2026-06-20","Pediatrics","quantile","0.3",365
"Opt Baseline","2026-06-27",-1,"2026-06-20","Pediatrics","quantile","0.35",377
"Opt Baseline","2026-06-27",-1,"2026-06-20","Pediatrics","quantile","0.4",384
"Opt Baseline","2026-06-27",-1,"2026-06-20","Pediatrics","quantile","0.45",393
"Opt Baseline","2026-06-27",-1,"2026-06-20","Pediatrics","quantile","0.5",405
"Opt Baseline","2026-06-27",-1,"2026-06-20","Pediatrics","quantile","0.55",417
"Opt Baseline","2026-06-27",-1,"2026-06-20","Pediatrics","quantile","0.6",425
"Opt Baseline","2026-06-27",-1,"2026-06-20","Pediatrics","quantile","0.65",433
"Opt Baseline","2026-06-27",-1,"2026-06-20","Pediatrics","quantile","0.7",445
"Opt Baseline","2026-06-27",-1,"2026-06-20","Pediatrics","quantile","0.75",461
"Opt Baseline","2026-06-27",-1,"2026-06-20","Pediatrics","quantile","0.8",472
"Opt Baseline","2026-06-27",-1,"2026-06-20","Pediatrics","quantile","0.85",487
"Opt Baseline","2026-06-27",-1,"2026-06-20","Pediatrics","quantile","0.9",512
"Opt Baseline","2026-06-27",-1,"2026-06-20","Pediatrics","quantile","0.95",535
"Opt Baseline","2026-06-27",-1,"2026-06-20","Pediatrics","quantile","0.975",566
"Opt Baseline","2026-06-27",-1,"2026-06-20","Pediatrics","quantile","0.99",586
"Opt Baseline","2026-06-27",0,"2026-06-27","Pediatrics","quantile","0.01",237
"Opt Baseline","2026-06-27",0,"2026-06-27","Pediatrics","quantile","0.025",254
"Opt Baseline","2026-06-27",0,"2026-06-27","Pediatrics","quantile","0.05",277
"Opt Baseline","2026-06-27",0,"2026-06-27","Pediatrics","quantile","0.1",299
"Opt Baseline","2026-06-27",0,"2026-06-27","Pediatrics","quantile","0.15",318
"Opt Baseline","2026-06-27",0,"2026-06-27","Pediatrics","quantile","0.2",331
"Opt Baseline","2026-06-27",0,"2026-06-27","Pediatrics","quantile","0.25",346
"Opt Baseline","2026-06-27",0,"2026-06-27","Pediatrics","quantile","0.3",359
"Opt Baseline","2026-06-27",0,"2026-06-27","Pediatrics","quantile","0.35",369
"Opt Baseline","2026-06-27",0,"2026-06-27","Pediatrics","quantile","0.4",382
"Opt Baseline","2026-06-27",0,"2026-06-27","Pediatrics","quantile","0.45",395
"Opt Baseline","2026-06-27",0,"2026-06-27","Pediatrics","quantile","0.5",405
"Opt Baseline","2026-06-27",0,"2026-06-27","Pediatrics","quantile","0.55",415
"Opt Baseline","2026-06-27",0,"2026-06-27","Pediatrics","quantile","0.6",429
"Opt Baseline","2026-06-27",0,"2026-06-27","Pediatrics","quantile","0.65",442
"Opt Baseline","2026-06-27",0,"2026-06-27","Pediatrics","quantile","0.7",453
"Opt Baseline","2026-06-27",0,"2026-06-27","Pediatrics","quantile","0.75",467
"Opt Baseline","2026-06-27",0,"2026-06-27","Pediatrics","quantile","0.8",483
"Opt Baseline","2026-06-27",0,"2026-06-27","Pediatrics","quantile","0.85",500
"Opt Baseline","2026-06-27",0,"2026-06-27","Pediatrics","quantile","0.9",528
"Opt Baseline","2026-06-27",0,"2026-06-27","Pediatrics","quantile","0.95",561
"Opt Baseline","2026-06-27",0,"2026-06-27","Pediatrics","quantile","0.975",592
"Opt Baseline","2026-06-27",0,"2026-06-27","Pediatrics","quantile","0.99",622
"Opt Baseline","2026-06-27",1,"2026-07-04","Pediatrics","quantile","0.01",218
"Opt Baseline","2026-06-27",1,"2026-07-04","Pediatrics","quantile","0.025",241
"Opt Baseline","2026-06-27",1,"2026-07-04","Pediatrics","quantile","0.05",262
"Opt Baseline","2026-06-27",1,"2026-07-04","Pediatrics","quantile","0.1",289
"Opt Baseline","2026-06-27",1,"2026-07-04","Pediatrics","quantile","0.15",308
"Opt Baseline","2026-06-27",1,"2026-07-04","Pediatrics","quantile","0.2",326
"Opt Baseline","2026-06-27",1,"2026-07-04","Pediatrics","quantile","0.25",340
"Opt Baseline","2026-06-27",1,"2026-07-04","Pediatrics","quantile","0.3",353
"Opt Baseline","2026-06-27",1,"2026-07-04","Pediatrics","quantile","0.35",367
"Opt Baseline","2026-06-27",1,"2026-07-04","Pediatrics","quantile","0.4",379
"Opt Baseline","2026-06-27",1,"2026-07-04","Pediatrics","quantile","0.45",391
"Opt Baseline","2026-06-27",1,"2026-07-04","Pediatrics","quantile","0.5",405
"Opt Baseline","2026-06-27",1,"2026-07-04","Pediatrics","quantile","0.55",418
"Opt Baseline","2026-06-27",1,"2026-07-04","Pediatrics","quantile","0.6",429
"Opt Baseline","2026-06-27",1,"2026-07-04","Pediatrics","quantile","0.65",443
"Opt Baseline","2026-06-27",1,"2026-07-04","Pediatrics","quantile","0.7",458
"Opt Baseline","2026-06-27",1,"2026-07-04","Pediatrics","quantile","0.75",473
"Opt Baseline","2026-06-27",1,"2026-07-04","Pediatrics","quantile","0.8",490
"Opt Baseline","2026-06-27",1,"2026-07-04","Pediatrics","quantile","0.85",513
"Opt Baseline","2026-06-27",1,"2026-07-04","Pediatrics","quantile","0.9",537
"Opt Baseline","2026-06-27",1,"2026-07-04","Pediatrics","quantile","0.95",577
"Opt Baseline","2026-06-27",1,"2026-07-04","Pediatrics","quantile","0.975",614
"Opt Baseline","2026-06-27",1,"2026-07-04","Pediatrics","quantile","0.99",652
"Opt Baseline","2026-06-27",2,"2026-07-11","Pediatrics","quantile","0.01",199
"Opt Baseline","2026-06-27",2,"2026-07-11","Pediatrics","quantile","0.025",224
"Opt Baseline","2026-06-27",2,"2026-07-11","Pediatrics","quantile","0.05",249
"Opt Baseline","2026-06-27",2,"2026-07-11","Pediatrics","quantile","0.1",281
"Opt Baseline","2026-06-27",2,"2026-07-11","Pediatrics","quantile","0.15",302
"Opt Baseline","2026-06-27",2,"2026-07-11","Pediatrics","quantile","0.2",320
"Opt Baseline","2026-06-27",2,"2026-07-11","Pediatrics","quantile","0.25",333
"Opt Baseline","2026-06-27",2,"2026-07-11","Pediatrics","quantile","0.3",349
"Opt Baseline","2026-06-27",2,"2026-07-11","Pediatrics","quantile","0.35",363
"Opt Baseline","2026-06-27",2,"2026-07-11","Pediatrics","quantile","0.4",377
"Opt Baseline","2026-06-27",2,"2026-07-11","Pediatrics","quantile","0.45",391
"Opt Baseline","2026-06-27",2,"2026-07-11","Pediatrics","quantile","0.5",405
"Opt Baseline","2026-06-27",2,"2026-07-11","Pediatrics","quantile","0.55",417
"Opt Baseline","2026-06-27",2,"2026-07-11","Pediatrics","quantile","0.6",432
"Opt Baseline","2026-06-27",2,"2026-07-11","Pediatrics","quantile","0.65",446
"Opt Baseline","2026-06-27",2,"2026-07-11","Pediatrics","quantile","0.7",462
"Opt Baseline","2026-06-27",2,"2026-07-11","Pediatrics","quantile","0.75",478
"Opt Baseline","2026-06-27",2,"2026-07-11","Pediatrics","quantile","0.8",498
"Opt Baseline","2026-06-27",2,"2026-07-11","Pediatrics","quantile","0.85",521
"Opt Baseline","2026-06-27",2,"2026-07-11","Pediatrics","quantile","0.9",551
"Opt Baseline","2026-06-27",2,"2026-07-11","Pediatrics","quantile","0.95",595
"Opt Baseline","2026-06-27",2,"2026-07-11","Pediatrics","quantile","0.975",631
"Opt Baseline","2026-06-27",2,"2026-07-11","Pediatrics","quantile","0.99",681
"Opt Baseline","2026-06-27",3,"2026-07-18","Pediatrics","quantile","0.01",185
"Opt Baseline","2026-06-27",3,"2026-07-18","Pediatrics","quantile","0.025",213
"Opt Baseline","2026-06-27",3,"2026-07-18","Pediatrics","quantile","0.05",239
"Opt Baseline","2026-06-27",3,"2026-07-18","Pediatrics","quantile","0.1",272
"Opt Baseline","2026-06-27",3,"2026-07-18","Pediatrics","quantile","0.15",294
"Opt Baseline","2026-06-27",3,"2026-07-18","Pediatrics","quantile","0.2",313
"Opt Baseline","2026-06-27",3,"2026-07-18","Pediatrics","quantile","0.25",331
"Opt Baseline","2026-06-27",3,"2026-07-18","Pediatrics","quantile","0.3",347
"Opt Baseline","2026-06-27",3,"2026-07-18","Pediatrics","quantile","0.35",362
"Opt Baseline","2026-06-27",3,"2026-07-18","Pediatrics","quantile","0.4",377
"Opt Baseline","2026-06-27",3,"2026-07-18","Pediatrics","quantile","0.45",391
"Opt Baseline","2026-06-27",3,"2026-07-18","Pediatrics","quantile","0.5",405
"Opt Baseline","2026-06-27",3,"2026-07-18","Pediatrics","quantile","0.55",421
"Opt Baseline","2026-06-27",3,"2026-07-18","Pediatrics","quantile","0.6",436
"Opt Baseline","2026-06-27",3,"2026-07-18","Pediatrics","quantile","0.65",451
"Opt Baseline","2026-06-27",3,"2026-07-18","Pediatrics","quantile","0.7",468
"Opt Baseline","2026-06-27",3,"2026-07-18","Pediatrics","quantile","0.75",485
"Opt Baseline","2026-06-27",3,"2026-07-18","Pediatrics","quantile","0.8",508
"Opt Baseline","2026-06-27",3,"2026-07-18","Pediatrics","quantile","0.85",531
"Opt Baseline","2026-06-27",3,"2026-07-18","Pediatrics","quantile","0.9",561
"Opt Baseline","2026-06-27",3,"2026-07-18","Pediatrics","quantile","0.95",612
"Opt Baseline","2026-06-27",3,"2026-07-18","Pediatrics","quantile","0.975",659
"Opt Baseline","2026-06-27",3,"2026-07-18","Pediatrics","quantile","0.99",715
"INFLAenza","2026-06-27",-3,"2026-06-06","Adults","quantile","0.01",254
"INFLAenza","2026-06-27",-3,"2026-06-06","Adults","quantile","0.025",275
"INFLAenza","2026-06-27",-3,"2026-06-06","Adults","quantile","0.05",289
"INFLAenza","2026-06-27",-3,"2026-06-06","Adults","quantile","0.1",307
"INFLAenza","2026-06-27",-3,"2026-06-06","Adults","quantile","0.15",319
"INFLAenza","2026-06-27",-3,"2026-06-06","Adults","quantile","0.2",328
"INFLAenza","2026-06-27",-3,"2026-06-06","Adults","quantile","0.25",337
"INFLAenza","2026-06-27",-3,"2026-06-06","Adults","quantile","0.3",346
"INFLAenza","2026-06-27",-3,"2026-06-06","Adults","quantile","0.35",353
"INFLAenza","2026-06-27",-3,"2026-06-06","Adults","quantile","0.4",361
"INFLAenza","2026-06-27",-3,"2026-06-06","Adults","quantile","0.45",368
"INFLAenza","2026-06-27",-3,"2026-06-06","Adults","quantile","0.5",376
"INFLAenza","2026-06-27",-3,"2026-06-06","Adults","quantile","0.55",384
"INFLAenza","2026-06-27",-3,"2026-06-06","Adults","quantile","0.6",392
"INFLAenza","2026-06-27",-3,"2026-06-06","Adults","quantile","0.65",401
"INFLAenza","2026-06-27",-3,"2026-06-06","Adults","quantile","0.7",410
"INFLAenza","2026-06-27",-3,"2026-06-06","Adults","quantile","0.75",421
"INFLAenza","2026-06-27",-3,"2026-06-06","Adults","quantile","0.8",432
"INFLAenza","2026-06-27",-3,"2026-06-06","Adults","quantile","0.85",445
"INFLAenza","2026-06-27",-3,"2026-06-06","Adults","quantile","0.9",463
"INFLAenza","2026-06-27",-3,"2026-06-06","Adults","quantile","0.95",489
"INFLAenza","2026-06-27",-3,"2026-06-06","Adults","quantile","0.975",514
"INFLAenza","2026-06-27",-3,"2026-06-06","Adults","quantile","0.99",542
"INFLAenza","2026-06-27",-3,"2026-06-06","Overall","quantile","0.01",628
"INFLAenza","2026-06-27",-3,"2026-06-06","Overall","quantile","0.025",658
"INFLAenza","2026-06-27",-3,"2026-06-06","Overall","quantile","0.05",686
"INFLAenza","2026-06-27",-3,"2026-06-06","Overall","quantile","0.1",718
"INFLAenza","2026-06-27",-3,"2026-06-06","Overall","quantile","0.15",744
"INFLAenza","2026-06-27",-3,"2026-06-06","Overall","quantile","0.2",762
"INFLAenza","2026-06-27",-3,"2026-06-06","Overall","quantile","0.25",778
"INFLAenza","2026-06-27",-3,"2026-06-06","Overall","quantile","0.3",792
"INFLAenza","2026-06-27",-3,"2026-06-06","Overall","quantile","0.35",808
"INFLAenza","2026-06-27",-3,"2026-06-06","Overall","quantile","0.4",823
"INFLAenza","2026-06-27",-3,"2026-06-06","Overall","quantile","0.45",837
"INFLAenza","2026-06-27",-3,"2026-06-06","Overall","quantile","0.5",851
"INFLAenza","2026-06-27",-3,"2026-06-06","Overall","quantile","0.55",865
"INFLAenza","2026-06-27",-3,"2026-06-06","Overall","quantile","0.6",879
"INFLAenza","2026-06-27",-3,"2026-06-06","Overall","quantile","0.65",892
"INFLAenza","2026-06-27",-3,"2026-06-06","Overall","quantile","0.7",906
"INFLAenza","2026-06-27",-3,"2026-06-06","Overall","quantile","0.75",923
"INFLAenza","2026-06-27",-3,"2026-06-06","Overall","quantile","0.8",945
"INFLAenza","2026-06-27",-3,"2026-06-06","Overall","quantile","0.85",969
"INFLAenza","2026-06-27",-3,"2026-06-06","Overall","quantile","0.9",1000
"INFLAenza","2026-06-27",-3,"2026-06-06","Overall","quantile","0.95",1045
"INFLAenza","2026-06-27",-3,"2026-06-06","Overall","quantile","0.975",1080
"INFLAenza","2026-06-27",-3,"2026-06-06","Overall","quantile","0.99",1125
"INFLAenza","2026-06-27",-3,"2026-06-06","Pediatrics","quantile","0.01",322
"INFLAenza","2026-06-27",-3,"2026-06-06","Pediatrics","quantile","0.025",342
"INFLAenza","2026-06-27",-3,"2026-06-06","Pediatrics","quantile","0.05",361
"INFLAenza","2026-06-27",-3,"2026-06-06","Pediatrics","quantile","0.1",383
"INFLAenza","2026-06-27",-3,"2026-06-06","Pediatrics","quantile","0.15",397
"INFLAenza","2026-06-27",-3,"2026-06-06","Pediatrics","quantile","0.2",409
"INFLAenza","2026-06-27",-3,"2026-06-06","Pediatrics","quantile","0.25",420
"INFLAenza","2026-06-27",-3,"2026-06-06","Pediatrics","quantile","0.3",429
"INFLAenza","2026-06-27",-3,"2026-06-06","Pediatrics","quantile","0.35",439
"INFLAenza","2026-06-27",-3,"2026-06-06","Pediatrics","quantile","0.4",449
"INFLAenza","2026-06-27",-3,"2026-06-06","Pediatrics","quantile","0.45",458
"INFLAenza","2026-06-27",-3,"2026-06-06","Pediatrics","quantile","0.5",467
"INFLAenza","2026-06-27",-3,"2026-06-06","Pediatrics","quantile","0.55",478
"INFLAenza","2026-06-27",-3,"2026-06-06","Pediatrics","quantile","0.6",488
"INFLAenza","2026-06-27",-3,"2026-06-06","Pediatrics","quantile","0.65",498
"INFLAenza","2026-06-27",-3,"2026-06-06","Pediatrics","quantile","0.7",510
"INFLAenza","2026-06-27",-3,"2026-06-06","Pediatrics","quantile","0.75",522
"INFLAenza","2026-06-27",-3,"2026-06-06","Pediatrics","quantile","0.8",536
"INFLAenza","2026-06-27",-3,"2026-06-06","Pediatrics","quantile","0.85",551
"INFLAenza","2026-06-27",-3,"2026-06-06","Pediatrics","quantile","0.9",575
"INFLAenza","2026-06-27",-3,"2026-06-06","Pediatrics","quantile","0.95",607
"INFLAenza","2026-06-27",-3,"2026-06-06","Pediatrics","quantile","0.975",639
"INFLAenza","2026-06-27",-3,"2026-06-06","Pediatrics","quantile","0.99",676
"INFLAenza","2026-06-27",-2,"2026-06-13","Adults","quantile","0.01",254
"INFLAenza","2026-06-27",-2,"2026-06-13","Adults","quantile","0.025",276
"INFLAenza","2026-06-27",-2,"2026-06-13","Adults","quantile","0.05",296
"INFLAenza","2026-06-27",-2,"2026-06-13","Adults","quantile","0.1",319
"INFLAenza","2026-06-27",-2,"2026-06-13","Adults","quantile","0.15",335
"INFLAenza","2026-06-27",-2,"2026-06-13","Adults","quantile","0.2",350
"INFLAenza","2026-06-27",-2,"2026-06-13","Adults","quantile","0.25",364
"INFLAenza","2026-06-27",-2,"2026-06-13","Adults","quantile","0.3",376
"INFLAenza","2026-06-27",-2,"2026-06-13","Adults","quantile","0.35",388
"INFLAenza","2026-06-27",-2,"2026-06-13","Adults","quantile","0.4",399
"INFLAenza","2026-06-27",-2,"2026-06-13","Adults","quantile","0.45",410
"INFLAenza","2026-06-27",-2,"2026-06-13","Adults","quantile","0.5",421
"INFLAenza","2026-06-27",-2,"2026-06-13","Adults","quantile","0.55",433
"INFLAenza","2026-06-27",-2,"2026-06-13","Adults","quantile","0.6",445
"INFLAenza","2026-06-27",-2,"2026-06-13","Adults","quantile","0.65",457
"INFLAenza","2026-06-27",-2,"2026-06-13","Adults","quantile","0.7",471
"INFLAenza","2026-06-27",-2,"2026-06-13","Adults","quantile","0.75",486
"INFLAenza","2026-06-27",-2,"2026-06-13","Adults","quantile","0.8",504
"INFLAenza","2026-06-27",-2,"2026-06-13","Adults","quantile","0.85",525
"INFLAenza","2026-06-27",-2,"2026-06-13","Adults","quantile","0.9",552
"INFLAenza","2026-06-27",-2,"2026-06-13","Adults","quantile","0.95",594
"INFLAenza","2026-06-27",-2,"2026-06-13","Adults","quantile","0.975",642
"INFLAenza","2026-06-27",-2,"2026-06-13","Adults","quantile","0.99",684
"INFLAenza","2026-06-27",-2,"2026-06-13","Overall","quantile","0.01",640
"INFLAenza","2026-06-27",-2,"2026-06-13","Overall","quantile","0.025",677
"INFLAenza","2026-06-27",-2,"2026-06-13","Overall","quantile","0.05",713
"INFLAenza","2026-06-27",-2,"2026-06-13","Overall","quantile","0.1",758
"INFLAenza","2026-06-27",-2,"2026-06-13","Overall","quantile","0.15",794
"INFLAenza","2026-06-27",-2,"2026-06-13","Overall","quantile","0.2",820
"INFLAenza","2026-06-27",-2,"2026-06-13","Overall","quantile","0.25",845
"INFLAenza","2026-06-27",-2,"2026-06-13","Overall","quantile","0.3",868
"INFLAenza","2026-06-27",-2,"2026-06-13","Overall","quantile","0.35",891
"INFLAenza","2026-06-27",-2,"2026-06-13","Overall","quantile","0.4",911
"INFLAenza","2026-06-27",-2,"2026-06-13","Overall","quantile","0.45",930
"INFLAenza","2026-06-27",-2,"2026-06-13","Overall","quantile","0.5",951
"INFLAenza","2026-06-27",-2,"2026-06-13","Overall","quantile","0.55",974
"INFLAenza","2026-06-27",-2,"2026-06-13","Overall","quantile","0.6",996
"INFLAenza","2026-06-27",-2,"2026-06-13","Overall","quantile","0.65",1019
"INFLAenza","2026-06-27",-2,"2026-06-13","Overall","quantile","0.7",1047
"INFLAenza","2026-06-27",-2,"2026-06-13","Overall","quantile","0.75",1075
"INFLAenza","2026-06-27",-2,"2026-06-13","Overall","quantile","0.8",1106
"INFLAenza","2026-06-27",-2,"2026-06-13","Overall","quantile","0.85",1139
"INFLAenza","2026-06-27",-2,"2026-06-13","Overall","quantile","0.9",1188
"INFLAenza","2026-06-27",-2,"2026-06-13","Overall","quantile","0.95",1271
"INFLAenza","2026-06-27",-2,"2026-06-13","Overall","quantile","0.975",1336
"INFLAenza","2026-06-27",-2,"2026-06-13","Overall","quantile","0.99",1406
"INFLAenza","2026-06-27",-2,"2026-06-13","Pediatrics","quantile","0.01",320
"INFLAenza","2026-06-27",-2,"2026-06-13","Pediatrics","quantile","0.025",343
"INFLAenza","2026-06-27",-2,"2026-06-13","Pediatrics","quantile","0.05",366
"INFLAenza","2026-06-27",-2,"2026-06-13","Pediatrics","quantile","0.1",398
"INFLAenza","2026-06-27",-2,"2026-06-13","Pediatrics","quantile","0.15",419
"INFLAenza","2026-06-27",-2,"2026-06-13","Pediatrics","quantile","0.2",437
"INFLAenza","2026-06-27",-2,"2026-06-13","Pediatrics","quantile","0.25",453
"INFLAenza","2026-06-27",-2,"2026-06-13","Pediatrics","quantile","0.3",468
"INFLAenza","2026-06-27",-2,"2026-06-13","Pediatrics","quantile","0.35",482
"INFLAenza","2026-06-27",-2,"2026-06-13","Pediatrics","quantile","0.4",495
"INFLAenza","2026-06-27",-2,"2026-06-13","Pediatrics","quantile","0.45",510
"INFLAenza","2026-06-27",-2,"2026-06-13","Pediatrics","quantile","0.5",523
"INFLAenza","2026-06-27",-2,"2026-06-13","Pediatrics","quantile","0.55",538
"INFLAenza","2026-06-27",-2,"2026-06-13","Pediatrics","quantile","0.6",554
"INFLAenza","2026-06-27",-2,"2026-06-13","Pediatrics","quantile","0.65",569
"INFLAenza","2026-06-27",-2,"2026-06-13","Pediatrics","quantile","0.7",587
"INFLAenza","2026-06-27",-2,"2026-06-13","Pediatrics","quantile","0.75",608
"INFLAenza","2026-06-27",-2,"2026-06-13","Pediatrics","quantile","0.8",631
"INFLAenza","2026-06-27",-2,"2026-06-13","Pediatrics","quantile","0.85",658
"INFLAenza","2026-06-27",-2,"2026-06-13","Pediatrics","quantile","0.9",690
"INFLAenza","2026-06-27",-2,"2026-06-13","Pediatrics","quantile","0.95",742
"INFLAenza","2026-06-27",-2,"2026-06-13","Pediatrics","quantile","0.975",784
"INFLAenza","2026-06-27",-2,"2026-06-13","Pediatrics","quantile","0.99",861
"INFLAenza","2026-06-27",-1,"2026-06-20","Adults","quantile","0.01",231
"INFLAenza","2026-06-27",-1,"2026-06-20","Adults","quantile","0.025",251
"INFLAenza","2026-06-27",-1,"2026-06-20","Adults","quantile","0.05",274
"INFLAenza","2026-06-27",-1,"2026-06-20","Adults","quantile","0.1",301
"INFLAenza","2026-06-27",-1,"2026-06-20","Adults","quantile","0.15",321
"INFLAenza","2026-06-27",-1,"2026-06-20","Adults","quantile","0.2",336
"INFLAenza","2026-06-27",-1,"2026-06-20","Adults","quantile","0.25",354
"INFLAenza","2026-06-27",-1,"2026-06-20","Adults","quantile","0.3",369
"INFLAenza","2026-06-27",-1,"2026-06-20","Adults","quantile","0.35",383
"INFLAenza","2026-06-27",-1,"2026-06-20","Adults","quantile","0.4",395
"INFLAenza","2026-06-27",-1,"2026-06-20","Adults","quantile","0.45",409
"INFLAenza","2026-06-27",-1,"2026-06-20","Adults","quantile","0.5",422
"INFLAenza","2026-06-27",-1,"2026-06-20","Adults","quantile","0.55",436
"INFLAenza","2026-06-27",-1,"2026-06-20","Adults","quantile","0.6",450
"INFLAenza","2026-06-27",-1,"2026-06-20","Adults","quantile","0.65",465
"INFLAenza","2026-06-27",-1,"2026-06-20","Adults","quantile","0.7",482
"INFLAenza","2026-06-27",-1,"2026-06-20","Adults","quantile","0.75",501
"INFLAenza","2026-06-27",-1,"2026-06-20","Adults","quantile","0.8",523
"INFLAenza","2026-06-27",-1,"2026-06-20","Adults","quantile","0.85",549
"INFLAenza","2026-06-27",-1,"2026-06-20","Adults","quantile","0.9",588
"INFLAenza","2026-06-27",-1,"2026-06-20","Adults","quantile","0.95",641
"INFLAenza","2026-06-27",-1,"2026-06-20","Adults","quantile","0.975",690
"INFLAenza","2026-06-27",-1,"2026-06-20","Adults","quantile","0.99",764
"INFLAenza","2026-06-27",-1,"2026-06-20","Overall","quantile","0.01",574
"INFLAenza","2026-06-27",-1,"2026-06-20","Overall","quantile","0.025",630
"INFLAenza","2026-06-27",-1,"2026-06-20","Overall","quantile","0.05",670
"INFLAenza","2026-06-27",-1,"2026-06-20","Overall","quantile","0.1",726
"INFLAenza","2026-06-27",-1,"2026-06-20","Overall","quantile","0.15",768
"INFLAenza","2026-06-27",-1,"2026-06-20","Overall","quantile","0.2",804
"INFLAenza","2026-06-27",-1,"2026-06-20","Overall","quantile","0.25",829
"INFLAenza","2026-06-27",-1,"2026-06-20","Overall","quantile","0.3",855
"INFLAenza","2026-06-27",-1,"2026-06-20","Overall","quantile","0.35",879
"INFLAenza","2026-06-27",-1,"2026-06-20","Overall","quantile","0.4",904
"INFLAenza","2026-06-27",-1,"2026-06-20","Overall","quantile","0.45",928
"INFLAenza","2026-06-27",-1,"2026-06-20","Overall","quantile","0.5",957
"INFLAenza","2026-06-27",-1,"2026-06-20","Overall","quantile","0.55",982
"INFLAenza","2026-06-27",-1,"2026-06-20","Overall","quantile","0.6",1008
"INFLAenza","2026-06-27",-1,"2026-06-20","Overall","quantile","0.65",1034
"INFLAenza","2026-06-27",-1,"2026-06-20","Overall","quantile","0.7",1067
"INFLAenza","2026-06-27",-1,"2026-06-20","Overall","quantile","0.75",1101
"INFLAenza","2026-06-27",-1,"2026-06-20","Overall","quantile","0.8",1142
"INFLAenza","2026-06-27",-1,"2026-06-20","Overall","quantile","0.85",1189
"INFLAenza","2026-06-27",-1,"2026-06-20","Overall","quantile","0.9",1254
"INFLAenza","2026-06-27",-1,"2026-06-20","Overall","quantile","0.95",1344
"INFLAenza","2026-06-27",-1,"2026-06-20","Overall","quantile","0.975",1423
"INFLAenza","2026-06-27",-1,"2026-06-20","Overall","quantile","0.99",1525
"INFLAenza","2026-06-27",-1,"2026-06-20","Pediatrics","quantile","0.01",286
"INFLAenza","2026-06-27",-1,"2026-06-20","Pediatrics","quantile","0.025",314
"INFLAenza","2026-06-27",-1,"2026-06-20","Pediatrics","quantile","0.05",338
"INFLAenza","2026-06-27",-1,"2026-06-20","Pediatrics","quantile","0.1",372
"INFLAenza","2026-06-27",-1,"2026-06-20","Pediatrics","quantile","0.15",399
"INFLAenza","2026-06-27",-1,"2026-06-20","Pediatrics","quantile","0.2",420
"INFLAenza","2026-06-27",-1,"2026-06-20","Pediatrics","quantile","0.25",440
"INFLAenza","2026-06-27",-1,"2026-06-20","Pediatrics","quantile","0.3",457
"INFLAenza","2026-06-27",-1,"2026-06-20","Pediatrics","quantile","0.35",475
"INFLAenza","2026-06-27",-1,"2026-06-20","Pediatrics","quantile","0.4",491
"INFLAenza","2026-06-27",-1,"2026-06-20","Pediatrics","quantile","0.45",508
"INFLAenza","2026-06-27",-1,"2026-06-20","Pediatrics","quantile","0.5",524
"INFLAenza","2026-06-27",-1,"2026-06-20","Pediatrics","quantile","0.55",542
"INFLAenza","2026-06-27",-1,"2026-06-20","Pediatrics","quantile","0.6",560
"INFLAenza","2026-06-27",-1,"2026-06-20","Pediatrics","quantile","0.65",580
"INFLAenza","2026-06-27",-1,"2026-06-20","Pediatrics","quantile","0.7",601
"INFLAenza","2026-06-27",-1,"2026-06-20","Pediatrics","quantile","0.75",625
"INFLAenza","2026-06-27",-1,"2026-06-20","Pediatrics","quantile","0.8",649
"INFLAenza","2026-06-27",-1,"2026-06-20","Pediatrics","quantile","0.85",682
"INFLAenza","2026-06-27",-1,"2026-06-20","Pediatrics","quantile","0.9",730
"INFLAenza","2026-06-27",-1,"2026-06-20","Pediatrics","quantile","0.95",799
"INFLAenza","2026-06-27",-1,"2026-06-20","Pediatrics","quantile","0.975",857
"INFLAenza","2026-06-27",-1,"2026-06-20","Pediatrics","quantile","0.99",930
"INFLAenza","2026-06-27",0,"2026-06-27","Adults","quantile","0.01",205
"INFLAenza","2026-06-27",0,"2026-06-27","Adults","quantile","0.025",233
"INFLAenza","2026-06-27",0,"2026-06-27","Adults","quantile","0.05",254
"INFLAenza","2026-06-27",0,"2026-06-27","Adults","quantile","0.1",282
"INFLAenza","2026-06-27",0,"2026-06-27","Adults","quantile","0.15",300
"INFLAenza","2026-06-27",0,"2026-06-27","Adults","quantile","0.2",319
"INFLAenza","2026-06-27",0,"2026-06-27","Adults","quantile","0.25",334
"INFLAenza","2026-06-27",0,"2026-06-27","Adults","quantile","0.3",352
"INFLAenza","2026-06-27",0,"2026-06-27","Adults","quantile","0.35",365
"INFLAenza","2026-06-27",0,"2026-06-27","Adults","quantile","0.4",381
"INFLAenza","2026-06-27",0,"2026-06-27","Adults","quantile","0.45",395
"INFLAenza","2026-06-27",0,"2026-06-27","Adults","quantile","0.5",410
"INFLAenza","2026-06-27",0,"2026-06-27","Adults","quantile","0.55",426
"INFLAenza","2026-06-27",0,"2026-06-27","Adults","quantile","0.6",443
"INFLAenza","2026-06-27",0,"2026-06-27","Adults","quantile","0.65",460
"INFLAenza","2026-06-27",0,"2026-06-27","Adults","quantile","0.7",480
"INFLAenza","2026-06-27",0,"2026-06-27","Adults","quantile","0.75",501
"INFLAenza","2026-06-27",0,"2026-06-27","Adults","quantile","0.8",521
"INFLAenza","2026-06-27",0,"2026-06-27","Adults","quantile","0.85",552
"INFLAenza","2026-06-27",0,"2026-06-27","Adults","quantile","0.9",593
"INFLAenza","2026-06-27",0,"2026-06-27","Adults","quantile","0.95",659
"INFLAenza","2026-06-27",0,"2026-06-27","Adults","quantile","0.975",724
"INFLAenza","2026-06-27",0,"2026-06-27","Adults","quantile","0.99",793
"INFLAenza","2026-06-27",0,"2026-06-27","Overall","quantile","0.01",530
"INFLAenza","2026-06-27",0,"2026-06-27","Overall","quantile","0.025",576
"INFLAenza","2026-06-27",0,"2026-06-27","Overall","quantile","0.05",624
"INFLAenza","2026-06-27",0,"2026-06-27","Overall","quantile","0.1",685
"INFLAenza","2026-06-27",0,"2026-06-27","Overall","quantile","0.15",725
"INFLAenza","2026-06-27",0,"2026-06-27","Overall","quantile","0.2",757
"INFLAenza","2026-06-27",0,"2026-06-27","Overall","quantile","0.25",790
"INFLAenza","2026-06-27",0,"2026-06-27","Overall","quantile","0.3",821
"INFLAenza","2026-06-27",0,"2026-06-27","Overall","quantile","0.35",850
"INFLAenza","2026-06-27",0,"2026-06-27","Overall","quantile","0.4",880
"INFLAenza","2026-06-27",0,"2026-06-27","Overall","quantile","0.45",907
"INFLAenza","2026-06-27",0,"2026-06-27","Overall","quantile","0.5",938
"INFLAenza","2026-06-27",0,"2026-06-27","Overall","quantile","0.55",965
"INFLAenza","2026-06-27",0,"2026-06-27","Overall","quantile","0.6",995
"INFLAenza","2026-06-27",0,"2026-06-27","Overall","quantile","0.65",1024
"INFLAenza","2026-06-27",0,"2026-06-27","Overall","quantile","0.7",1057
"INFLAenza","2026-06-27",0,"2026-06-27","Overall","quantile","0.75",1093
"INFLAenza","2026-06-27",0,"2026-06-27","Overall","quantile","0.8",1141
"INFLAenza","2026-06-27",0,"2026-06-27","Overall","quantile","0.85",1191
"INFLAenza","2026-06-27",0,"2026-06-27","Overall","quantile","0.9",1261
"INFLAenza","2026-06-27",0,"2026-06-27","Overall","quantile","0.95",1367
"INFLAenza","2026-06-27",0,"2026-06-27","Overall","quantile","0.975",1474
"INFLAenza","2026-06-27",0,"2026-06-27","Overall","quantile","0.99",1610
"INFLAenza","2026-06-27",0,"2026-06-27","Pediatrics","quantile","0.01",251
"INFLAenza","2026-06-27",0,"2026-06-27","Pediatrics","quantile","0.025",284
"INFLAenza","2026-06-27",0,"2026-06-27","Pediatrics","quantile","0.05",311
"INFLAenza","2026-06-27",0,"2026-06-27","Pediatrics","quantile","0.1",347
"INFLAenza","2026-06-27",0,"2026-06-27","Pediatrics","quantile","0.15",371
"INFLAenza","2026-06-27",0,"2026-06-27","Pediatrics","quantile","0.2",397
"INFLAenza","2026-06-27",0,"2026-06-27","Pediatrics","quantile","0.25",418
"INFLAenza","2026-06-27",0,"2026-06-27","Pediatrics","quantile","0.3",438
"INFLAenza","2026-06-27",0,"2026-06-27","Pediatrics","quantile","0.35",457
"INFLAenza","2026-06-27",0,"2026-06-27","Pediatrics","quantile","0.4",473
"INFLAenza","2026-06-27",0,"2026-06-27","Pediatrics","quantile","0.45",492
"INFLAenza","2026-06-27",0,"2026-06-27","Pediatrics","quantile","0.5",510
"INFLAenza","2026-06-27",0,"2026-06-27","Pediatrics","quantile","0.55",529
"INFLAenza","2026-06-27",0,"2026-06-27","Pediatrics","quantile","0.6",551
"INFLAenza","2026-06-27",0,"2026-06-27","Pediatrics","quantile","0.65",571
"INFLAenza","2026-06-27",0,"2026-06-27","Pediatrics","quantile","0.7",594
"INFLAenza","2026-06-27",0,"2026-06-27","Pediatrics","quantile","0.75",621
"INFLAenza","2026-06-27",0,"2026-06-27","Pediatrics","quantile","0.8",650
"INFLAenza","2026-06-27",0,"2026-06-27","Pediatrics","quantile","0.85",689
"INFLAenza","2026-06-27",0,"2026-06-27","Pediatrics","quantile","0.9",736
"INFLAenza","2026-06-27",0,"2026-06-27","Pediatrics","quantile","0.95",816
"INFLAenza","2026-06-27",0,"2026-06-27","Pediatrics","quantile","0.975",899
"INFLAenza","2026-06-27",0,"2026-06-27","Pediatrics","quantile","0.99",1007
"INFLAenza","2026-06-27",1,"2026-07-04","Adults","quantile","0.01",195
"INFLAenza","2026-06-27",1,"2026-07-04","Adults","quantile","0.025",214
"INFLAenza","2026-06-27",1,"2026-07-04","Adults","quantile","0.05",238
"INFLAenza","2026-06-27",1,"2026-07-04","Adults","quantile","0.1",266
"INFLAenza","2026-06-27",1,"2026-07-04","Adults","quantile","0.15",286
"INFLAenza","2026-06-27",1,"2026-07-04","Adults","quantile","0.2",304
"INFLAenza","2026-06-27",1,"2026-07-04","Adults","quantile","0.25",320
"INFLAenza","2026-06-27",1,"2026-07-04","Adults","quantile","0.3",337
"INFLAenza","2026-06-27",1,"2026-07-04","Adults","quantile","0.35",351
"INFLAenza","2026-06-27",1,"2026-07-04","Adults","quantile","0.4",369
"INFLAenza","2026-06-27",1,"2026-07-04","Adults","quantile","0.45",385
"INFLAenza","2026-06-27",1,"2026-07-04","Adults","quantile","0.5",401
"INFLAenza","2026-06-27",1,"2026-07-04","Adults","quantile","0.55",417
"INFLAenza","2026-06-27",1,"2026-07-04","Adults","quantile","0.6",436
"INFLAenza","2026-06-27",1,"2026-07-04","Adults","quantile","0.65",453
"INFLAenza","2026-06-27",1,"2026-07-04","Adults","quantile","0.7",473
"INFLAenza","2026-06-27",1,"2026-07-04","Adults","quantile","0.75",498
"INFLAenza","2026-06-27",1,"2026-07-04","Adults","quantile","0.8",524
"INFLAenza","2026-06-27",1,"2026-07-04","Adults","quantile","0.85",554
"INFLAenza","2026-06-27",1,"2026-07-04","Adults","quantile","0.9",602
"INFLAenza","2026-06-27",1,"2026-07-04","Adults","quantile","0.95",675
"INFLAenza","2026-06-27",1,"2026-07-04","Adults","quantile","0.975",750
"INFLAenza","2026-06-27",1,"2026-07-04","Adults","quantile","0.99",823
"INFLAenza","2026-06-27",1,"2026-07-04","Overall","quantile","0.01",495
"INFLAenza","2026-06-27",1,"2026-07-04","Overall","quantile","0.025",545
"INFLAenza","2026-06-27",1,"2026-07-04","Overall","quantile","0.05",590
"INFLAenza","2026-06-27",1,"2026-07-04","Overall","quantile","0.1",650
"INFLAenza","2026-06-27",1,"2026-07-04","Overall","quantile","0.15",694
"INFLAenza","2026-06-27",1,"2026-07-04","Overall","quantile","0.2",728
"INFLAenza","2026-06-27",1,"2026-07-04","Overall","quantile","0.25",764
"INFLAenza","2026-06-27",1,"2026-07-04","Overall","quantile","0.3",791
"INFLAenza","2026-06-27",1,"2026-07-04","Overall","quantile","0.35",822
"INFLAenza","2026-06-27",1,"2026-07-04","Overall","quantile","0.4",851
"INFLAenza","2026-06-27",1,"2026-07-04","Overall","quantile","0.45",880
"INFLAenza","2026-06-27",1,"2026-07-04","Overall","quantile","0.5",909
"INFLAenza","2026-06-27",1,"2026-07-04","Overall","quantile","0.55",937
"INFLAenza","2026-06-27",1,"2026-07-04","Overall","quantile","0.6",970
"INFLAenza","2026-06-27",1,"2026-07-04","Overall","quantile","0.65",1004
"INFLAenza","2026-06-27",1,"2026-07-04","Overall","quantile","0.7",1045
"INFLAenza","2026-06-27",1,"2026-07-04","Overall","quantile","0.75",1088
"INFLAenza","2026-06-27",1,"2026-07-04","Overall","quantile","0.8",1137
"INFLAenza","2026-06-27",1,"2026-07-04","Overall","quantile","0.85",1194
"INFLAenza","2026-06-27",1,"2026-07-04","Overall","quantile","0.9",1270
"INFLAenza","2026-06-27",1,"2026-07-04","Overall","quantile","0.95",1388
"INFLAenza","2026-06-27",1,"2026-07-04","Overall","quantile","0.975",1510
"INFLAenza","2026-06-27",1,"2026-07-04","Overall","quantile","0.99",1650
"INFLAenza","2026-06-27",1,"2026-07-04","Pediatrics","quantile","0.01",231
"INFLAenza","2026-06-27",1,"2026-07-04","Pediatrics","quantile","0.025",258
"INFLAenza","2026-06-27",1,"2026-07-04","Pediatrics","quantile","0.05",289
"INFLAenza","2026-06-27",1,"2026-07-04","Pediatrics","quantile","0.1",325
"INFLAenza","2026-06-27",1,"2026-07-04","Pediatrics","quantile","0.15",353
"INFLAenza","2026-06-27",1,"2026-07-04","Pediatrics","quantile","0.2",376
"INFLAenza","2026-06-27",1,"2026-07-04","Pediatrics","quantile","0.25",397
"INFLAenza","2026-06-27",1,"2026-07-04","Pediatrics","quantile","0.3",418
"INFLAenza","2026-06-27",1,"2026-07-04","Pediatrics","quantile","0.35",438
"INFLAenza","2026-06-27",1,"2026-07-04","Pediatrics","quantile","0.4",456
"INFLAenza","2026-06-27",1,"2026-07-04","Pediatrics","quantile","0.45",475
"INFLAenza","2026-06-27",1,"2026-07-04","Pediatrics","quantile","0.5",493
"INFLAenza","2026-06-27",1,"2026-07-04","Pediatrics","quantile","0.55",513
"INFLAenza","2026-06-27",1,"2026-07-04","Pediatrics","quantile","0.6",537
"INFLAenza","2026-06-27",1,"2026-07-04","Pediatrics","quantile","0.65",559
"INFLAenza","2026-06-27",1,"2026-07-04","Pediatrics","quantile","0.7",587
"INFLAenza","2026-06-27",1,"2026-07-04","Pediatrics","quantile","0.75",617
"INFLAenza","2026-06-27",1,"2026-07-04","Pediatrics","quantile","0.8",650
"INFLAenza","2026-06-27",1,"2026-07-04","Pediatrics","quantile","0.85",692
"INFLAenza","2026-06-27",1,"2026-07-04","Pediatrics","quantile","0.9",747
"INFLAenza","2026-06-27",1,"2026-07-04","Pediatrics","quantile","0.95",834
"INFLAenza","2026-06-27",1,"2026-07-04","Pediatrics","quantile","0.975",906
"INFLAenza","2026-06-27",1,"2026-07-04","Pediatrics","quantile","0.99",1013
"INFLAenza","2026-06-27",2,"2026-07-11","Adults","quantile","0.01",176
"INFLAenza","2026-06-27",2,"2026-07-11","Adults","quantile","0.025",198
"INFLAenza","2026-06-27",2,"2026-07-11","Adults","quantile","0.05",219
"INFLAenza","2026-06-27",2,"2026-07-11","Adults","quantile","0.1",248
"INFLAenza","2026-06-27",2,"2026-07-11","Adults","quantile","0.15",271
"INFLAenza","2026-06-27",2,"2026-07-11","Adults","quantile","0.2",290
"INFLAenza","2026-06-27",2,"2026-07-11","Adults","quantile","0.25",309
"INFLAenza","2026-06-27",2,"2026-07-11","Adults","quantile","0.3",326
"INFLAenza","2026-06-27",2,"2026-07-11","Adults","quantile","0.35",340
"INFLAenza","2026-06-27",2,"2026-07-11","Adults","quantile","0.4",355
"INFLAenza","2026-06-27",2,"2026-07-11","Adults","quantile","0.45",372
"INFLAenza","2026-06-27",2,"2026-07-11","Adults","quantile","0.5",389
"INFLAenza","2026-06-27",2,"2026-07-11","Adults","quantile","0.55",406
"INFLAenza","2026-06-27",2,"2026-07-11","Adults","quantile","0.6",424
"INFLAenza","2026-06-27",2,"2026-07-11","Adults","quantile","0.65",443
"INFLAenza","2026-06-27",2,"2026-07-11","Adults","quantile","0.7",466
"INFLAenza","2026-06-27",2,"2026-07-11","Adults","quantile","0.75",488
"INFLAenza","2026-06-27",2,"2026-07-11","Adults","quantile","0.8",516
"INFLAenza","2026-06-27",2,"2026-07-11","Adults","quantile","0.85",551
"INFLAenza","2026-06-27",2,"2026-07-11","Adults","quantile","0.9",600
"INFLAenza","2026-06-27",2,"2026-07-11","Adults","quantile","0.95",686
"INFLAenza","2026-06-27",2,"2026-07-11","Adults","quantile","0.975",758
"INFLAenza","2026-06-27",2,"2026-07-11","Adults","quantile","0.99",857
"INFLAenza","2026-06-27",2,"2026-07-11","Overall","quantile","0.01",453
"INFLAenza","2026-06-27",2,"2026-07-11","Overall","quantile","0.025",504
"INFLAenza","2026-06-27",2,"2026-07-11","Overall","quantile","0.05",554
"INFLAenza","2026-06-27",2,"2026-07-11","Overall","quantile","0.1",612
"INFLAenza","2026-06-27",2,"2026-07-11","Overall","quantile","0.15",657
"INFLAenza","2026-06-27",2,"2026-07-11","Overall","quantile","0.2",694
"INFLAenza","2026-06-27",2,"2026-07-11","Overall","quantile","0.25",729
"INFLAenza","2026-06-27",2,"2026-07-11","Overall","quantile","0.3",759
"INFLAenza","2026-06-27",2,"2026-07-11","Overall","quantile","0.35",790
"INFLAenza","2026-06-27",2,"2026-07-11","Overall","quantile","0.4",821
"INFLAenza","2026-06-27",2,"2026-07-11","Overall","quantile","0.45",849
"INFLAenza","2026-06-27",2,"2026-07-11","Overall","quantile","0.5",881
"INFLAenza","2026-06-27",2,"2026-07-11","Overall","quantile","0.55",914
"INFLAenza","2026-06-27",2,"2026-07-11","Overall","quantile","0.6",947
"INFLAenza","2026-06-27",2,"2026-07-11","Overall","quantile","0.65",984
"INFLAenza","2026-06-27",2,"2026-07-11","Overall","quantile","0.7",1024
"INFLAenza","2026-06-27",2,"2026-07-11","Overall","quantile","0.75",1067
"INFLAenza","2026-06-27",2,"2026-07-11","Overall","quantile","0.8",1118
"INFLAenza","2026-06-27",2,"2026-07-11","Overall","quantile","0.85",1186
"INFLAenza","2026-06-27",2,"2026-07-11","Overall","quantile","0.9",1269
"INFLAenza","2026-06-27",2,"2026-07-11","Overall","quantile","0.95",1406
"INFLAenza","2026-06-27",2,"2026-07-11","Overall","quantile","0.975",1542
"INFLAenza","2026-06-27",2,"2026-07-11","Overall","quantile","0.99",1680
"INFLAenza","2026-06-27",2,"2026-07-11","Pediatrics","quantile","0.01",204
"INFLAenza","2026-06-27",2,"2026-07-11","Pediatrics","quantile","0.025",236
"INFLAenza","2026-06-27",2,"2026-07-11","Pediatrics","quantile","0.05",265
"INFLAenza","2026-06-27",2,"2026-07-11","Pediatrics","quantile","0.1",304
"INFLAenza","2026-06-27",2,"2026-07-11","Pediatrics","quantile","0.15",333
"INFLAenza","2026-06-27",2,"2026-07-11","Pediatrics","quantile","0.2",355
"INFLAenza","2026-06-27",2,"2026-07-11","Pediatrics","quantile","0.25",378
"INFLAenza","2026-06-27",2,"2026-07-11","Pediatrics","quantile","0.3",398
"INFLAenza","2026-06-27",2,"2026-07-11","Pediatrics","quantile","0.35",419
"INFLAenza","2026-06-27",2,"2026-07-11","Pediatrics","quantile","0.4",439
"INFLAenza","2026-06-27",2,"2026-07-11","Pediatrics","quantile","0.45",459
"INFLAenza","2026-06-27",2,"2026-07-11","Pediatrics","quantile","0.5",479
"INFLAenza","2026-06-27",2,"2026-07-11","Pediatrics","quantile","0.55",499
"INFLAenza","2026-06-27",2,"2026-07-11","Pediatrics","quantile","0.6",522
"INFLAenza","2026-06-27",2,"2026-07-11","Pediatrics","quantile","0.65",545
"INFLAenza","2026-06-27",2,"2026-07-11","Pediatrics","quantile","0.7",573
"INFLAenza","2026-06-27",2,"2026-07-11","Pediatrics","quantile","0.75",601
"INFLAenza","2026-06-27",2,"2026-07-11","Pediatrics","quantile","0.8",639
"INFLAenza","2026-06-27",2,"2026-07-11","Pediatrics","quantile","0.85",686
"INFLAenza","2026-06-27",2,"2026-07-11","Pediatrics","quantile","0.9",748
"INFLAenza","2026-06-27",2,"2026-07-11","Pediatrics","quantile","0.95",843
"INFLAenza","2026-06-27",2,"2026-07-11","Pediatrics","quantile","0.975",934
"INFLAenza","2026-06-27",2,"2026-07-11","Pediatrics","quantile","0.99",1057
"INFLAenza","2026-06-27",3,"2026-07-18","Adults","quantile","0.01",156
"INFLAenza","2026-06-27",3,"2026-07-18","Adults","quantile","0.025",176
"INFLAenza","2026-06-27",3,"2026-07-18","Adults","quantile","0.05",198
"INFLAenza","2026-06-27",3,"2026-07-18","Adults","quantile","0.1",225
"INFLAenza","2026-06-27",3,"2026-07-18","Adults","quantile","0.15",248
"INFLAenza","2026-06-27",3,"2026-07-18","Adults","quantile","0.2",266
"INFLAenza","2026-06-27",3,"2026-07-18","Adults","quantile","0.25",284
"INFLAenza","2026-06-27",3,"2026-07-18","Adults","quantile","0.3",300
"INFLAenza","2026-06-27",3,"2026-07-18","Adults","quantile","0.35",316
"INFLAenza","2026-06-27",3,"2026-07-18","Adults","quantile","0.4",331
"INFLAenza","2026-06-27",3,"2026-07-18","Adults","quantile","0.45",349
"INFLAenza","2026-06-27",3,"2026-07-18","Adults","quantile","0.5",366
"INFLAenza","2026-06-27",3,"2026-07-18","Adults","quantile","0.55",384
"INFLAenza","2026-06-27",3,"2026-07-18","Adults","quantile","0.6",404
"INFLAenza","2026-06-27",3,"2026-07-18","Adults","quantile","0.65",423
"INFLAenza","2026-06-27",3,"2026-07-18","Adults","quantile","0.7",443
"INFLAenza","2026-06-27",3,"2026-07-18","Adults","quantile","0.75",464
"INFLAenza","2026-06-27",3,"2026-07-18","Adults","quantile","0.8",491
"INFLAenza","2026-06-27",3,"2026-07-18","Adults","quantile","0.85",529
"INFLAenza","2026-06-27",3,"2026-07-18","Adults","quantile","0.9",578
"INFLAenza","2026-06-27",3,"2026-07-18","Adults","quantile","0.95",667
"INFLAenza","2026-06-27",3,"2026-07-18","Adults","quantile","0.975",747
"INFLAenza","2026-06-27",3,"2026-07-18","Adults","quantile","0.99",855
"INFLAenza","2026-06-27",3,"2026-07-18","Overall","quantile","0.01",407
"INFLAenza","2026-06-27",3,"2026-07-18","Overall","quantile","0.025",459
"INFLAenza","2026-06-27",3,"2026-07-18","Overall","quantile","0.05",506
"INFLAenza","2026-06-27",3,"2026-07-18","Overall","quantile","0.1",566
"INFLAenza","2026-06-27",3,"2026-07-18","Overall","quantile","0.15",610
"INFLAenza","2026-06-27",3,"2026-07-18","Overall","quantile","0.2",644
"INFLAenza","2026-06-27",3,"2026-07-18","Overall","quantile","0.25",677
"INFLAenza","2026-06-27",3,"2026-07-18","Overall","quantile","0.3",706
"INFLAenza","2026-06-27",3,"2026-07-18","Overall","quantile","0.35",735
"INFLAenza","2026-06-27",3,"2026-07-18","Overall","quantile","0.4",760
"INFLAenza","2026-06-27",3,"2026-07-18","Overall","quantile","0.45",794
"INFLAenza","2026-06-27",3,"2026-07-18","Overall","quantile","0.5",823
"INFLAenza","2026-06-27",3,"2026-07-18","Overall","quantile","0.55",856
"INFLAenza","2026-06-27",3,"2026-07-18","Overall","quantile","0.6",892
"INFLAenza","2026-06-27",3,"2026-07-18","Overall","quantile","0.65",926
"INFLAenza","2026-06-27",3,"2026-07-18","Overall","quantile","0.7",969
"INFLAenza","2026-06-27",3,"2026-07-18","Overall","quantile","0.75",1012
"INFLAenza","2026-06-27",3,"2026-07-18","Overall","quantile","0.8",1064
"INFLAenza","2026-06-27",3,"2026-07-18","Overall","quantile","0.85",1123
"INFLAenza","2026-06-27",3,"2026-07-18","Overall","quantile","0.9",1219
"INFLAenza","2026-06-27",3,"2026-07-18","Overall","quantile","0.95",1357
"INFLAenza","2026-06-27",3,"2026-07-18","Overall","quantile","0.975",1486
"INFLAenza","2026-06-27",3,"2026-07-18","Overall","quantile","0.99",1652
"INFLAenza","2026-06-27",3,"2026-07-18","Pediatrics","quantile","0.01",185
"INFLAenza","2026-06-27",3,"2026-07-18","Pediatrics","quantile","0.025",214
"INFLAenza","2026-06-27",3,"2026-07-18","Pediatrics","quantile","0.05",242
"INFLAenza","2026-06-27",3,"2026-07-18","Pediatrics","quantile","0.1",279
"INFLAenza","2026-06-27",3,"2026-07-18","Pediatrics","quantile","0.15",305
"INFLAenza","2026-06-27",3,"2026-07-18","Pediatrics","quantile","0.2",327
"INFLAenza","2026-06-27",3,"2026-07-18","Pediatrics","quantile","0.25",347
"INFLAenza","2026-06-27",3,"2026-07-18","Pediatrics","quantile","0.3",368
"INFLAenza","2026-06-27",3,"2026-07-18","Pediatrics","quantile","0.35",385
"INFLAenza","2026-06-27",3,"2026-07-18","Pediatrics","quantile","0.4",405
"INFLAenza","2026-06-27",3,"2026-07-18","Pediatrics","quantile","0.45",424
"INFLAenza","2026-06-27",3,"2026-07-18","Pediatrics","quantile","0.5",444
"INFLAenza","2026-06-27",3,"2026-07-18","Pediatrics","quantile","0.55",464
"INFLAenza","2026-06-27",3,"2026-07-18","Pediatrics","quantile","0.6",487
"INFLAenza","2026-06-27",3,"2026-07-18","Pediatrics","quantile","0.65",512
"INFLAenza","2026-06-27",3,"2026-07-18","Pediatrics","quantile","0.7",539
"INFLAenza","2026-06-27",3,"2026-07-18","Pediatrics","quantile","0.75",571
"INFLAenza","2026-06-27",3,"2026-07-18","Pediatrics","quantile","0.8",609
"INFLAenza","2026-06-27",3,"2026-07-18","Pediatrics","quantile","0.85",655
"INFLAenza","2026-06-27",3,"2026-07-18","Pediatrics","quantile","0.9",707
"INFLAenza","2026-06-27",3,"2026-07-18","Pediatrics","quantile","0.95",804
"INFLAenza","2026-06-27",3,"2026-07-18","Pediatrics","quantile","0.975",910
"INFLAenza","2026-06-27",3,"2026-07-18","Pediatrics","quantile","0.99",1033
"Copycat","2026-06-27",-3,"2026-06-06","Adults","quantile","0.01",276
"Copycat","2026-06-27",-3,"2026-06-06","Adults","quantile","0.025",282
"Copycat","2026-06-27",-3,"2026-06-06","Adults","quantile","0.05",288
"Copycat","2026-06-27",-3,"2026-06-06","Adults","quantile","0.1",295
"Copycat","2026-06-27",-3,"2026-06-06","Adults","quantile","0.15",300
"Copycat","2026-06-27",-3,"2026-06-06","Adults","quantile","0.2",305
"Copycat","2026-06-27",-3,"2026-06-06","Adults","quantile","0.25",309
"Copycat","2026-06-27",-3,"2026-06-06","Adults","quantile","0.3",312
"Copycat","2026-06-27",-3,"2026-06-06","Adults","quantile","0.35",315
"Copycat","2026-06-27",-3,"2026-06-06","Adults","quantile","0.4",319
"Copycat","2026-06-27",-3,"2026-06-06","Adults","quantile","0.45",321
"Copycat","2026-06-27",-3,"2026-06-06","Adults","quantile","0.5",324
"Copycat","2026-06-27",-3,"2026-06-06","Adults","quantile","0.55",327
"Copycat","2026-06-27",-3,"2026-06-06","Adults","quantile","0.6",330
"Copycat","2026-06-27",-3,"2026-06-06","Adults","quantile","0.65",333
"Copycat","2026-06-27",-3,"2026-06-06","Adults","quantile","0.7",336
"Copycat","2026-06-27",-3,"2026-06-06","Adults","quantile","0.75",339
"Copycat","2026-06-27",-3,"2026-06-06","Adults","quantile","0.8",344
"Copycat","2026-06-27",-3,"2026-06-06","Adults","quantile","0.85",348
"Copycat","2026-06-27",-3,"2026-06-06","Adults","quantile","0.9",354
"Copycat","2026-06-27",-3,"2026-06-06","Adults","quantile","0.95",363
"Copycat","2026-06-27",-3,"2026-06-06","Adults","quantile","0.975",374
"Copycat","2026-06-27",-3,"2026-06-06","Adults","quantile","0.99",384
"Copycat","2026-06-27",-2,"2026-06-13","Adults","quantile","0.01",268
"Copycat","2026-06-27",-2,"2026-06-13","Adults","quantile","0.025",277
"Copycat","2026-06-27",-2,"2026-06-13","Adults","quantile","0.05",283
"Copycat","2026-06-27",-2,"2026-06-13","Adults","quantile","0.1",293
"Copycat","2026-06-27",-2,"2026-06-13","Adults","quantile","0.15",298
"Copycat","2026-06-27",-2,"2026-06-13","Adults","quantile","0.2",303
"Copycat","2026-06-27",-2,"2026-06-13","Adults","quantile","0.25",307
"Copycat","2026-06-27",-2,"2026-06-13","Adults","quantile","0.3",311
"Copycat","2026-06-27",-2,"2026-06-13","Adults","quantile","0.35",315
"Copycat","2026-06-27",-2,"2026-06-13","Adults","quantile","0.4",319
"Copycat","2026-06-27",-2,"2026-06-13","Adults","quantile","0.45",322
"Copycat","2026-06-27",-2,"2026-06-13","Adults","quantile","0.5",327
"Copycat","2026-06-27",-2,"2026-06-13","Adults","quantile","0.55",331
"Copycat","2026-06-27",-2,"2026-06-13","Adults","quantile","0.6",334
"Copycat","2026-06-27",-2,"2026-06-13","Adults","quantile","0.65",338
"Copycat","2026-06-27",-2,"2026-06-13","Adults","quantile","0.7",344
"Copycat","2026-06-27",-2,"2026-06-13","Adults","quantile","0.75",348
"Copycat","2026-06-27",-2,"2026-06-13","Adults","quantile","0.8",354
"Copycat","2026-06-27",-2,"2026-06-13","Adults","quantile","0.85",360
"Copycat","2026-06-27",-2,"2026-06-13","Adults","quantile","0.9",370
"Copycat","2026-06-27",-2,"2026-06-13","Adults","quantile","0.95",386
"Copycat","2026-06-27",-2,"2026-06-13","Adults","quantile","0.975",400
"Copycat","2026-06-27",-2,"2026-06-13","Adults","quantile","0.99",412
"Copycat","2026-06-27",-1,"2026-06-20","Adults","quantile","0.01",258
"Copycat","2026-06-27",-1,"2026-06-20","Adults","quantile","0.025",269
"Copycat","2026-06-27",-1,"2026-06-20","Adults","quantile","0.05",275
"Copycat","2026-06-27",-1,"2026-06-20","Adults","quantile","0.1",285
"Copycat","2026-06-27",-1,"2026-06-20","Adults","quantile","0.15",293
"Copycat","2026-06-27",-1,"2026-06-20","Adults","quantile","0.2",298
"Copycat","2026-06-27",-1,"2026-06-20","Adults","quantile","0.25",304
"Copycat","2026-06-27",-1,"2026-06-20","Adults","quantile","0.3",309
"Copycat","2026-06-27",-1,"2026-06-20","Adults","quantile","0.35",313
"Copycat","2026-06-27",-1,"2026-06-20","Adults","quantile","0.4",317
"Copycat","2026-06-27",-1,"2026-06-20","Adults","quantile","0.45",321
"Copycat","2026-06-27",-1,"2026-06-20","Adults","quantile","0.5",325
"Copycat","2026-06-27",-1,"2026-06-20","Adults","quantile","0.55",330
"Copycat","2026-06-27",-1,"2026-06-20","Adults","quantile","0.6",337
"Copycat","2026-06-27",-1,"2026-06-20","Adults","quantile","0.65",342
"Copycat","2026-06-27",-1,"2026-06-20","Adults","quantile","0.7",350
"Copycat","2026-06-27",-1,"2026-06-20","Adults","quantile","0.75",357
"Copycat","2026-06-27",-1,"2026-06-20","Adults","quantile","0.8",364
"Copycat","2026-06-27",-1,"2026-06-20","Adults","quantile","0.85",375
"Copycat","2026-06-27",-1,"2026-06-20","Adults","quantile","0.9",387
"Copycat","2026-06-27",-1,"2026-06-20","Adults","quantile","0.95",408
"Copycat","2026-06-27",-1,"2026-06-20","Adults","quantile","0.975",430
"Copycat","2026-06-27",-1,"2026-06-20","Adults","quantile","0.99",441
"Copycat","2026-06-27",0,"2026-06-27","Adults","quantile","0.01",255
"Copycat","2026-06-27",0,"2026-06-27","Adults","quantile","0.025",263
"Copycat","2026-06-27",0,"2026-06-27","Adults","quantile","0.05",271
"Copycat","2026-06-27",0,"2026-06-27","Adults","quantile","0.1",281
"Copycat","2026-06-27",0,"2026-06-27","Adults","quantile","0.15",287
"Copycat","2026-06-27",0,"2026-06-27","Adults","quantile","0.2",294
"Copycat","2026-06-27",0,"2026-06-27","Adults","quantile","0.25",300
"Copycat","2026-06-27",0,"2026-06-27","Adults","quantile","0.3",304
"Copycat","2026-06-27",0,"2026-06-27","Adults","quantile","0.35",311
"Copycat","2026-06-27",0,"2026-06-27","Adults","quantile","0.4",318
"Copycat","2026-06-27",0,"2026-06-27","Adults","quantile","0.45",322
"Copycat","2026-06-27",0,"2026-06-27","Adults","quantile","0.5",328
"Copycat","2026-06-27",0,"2026-06-27","Adults","quantile","0.55",336
"Copycat","2026-06-27",0,"2026-06-27","Adults","quantile","0.6",341
"Copycat","2026-06-27",0,"2026-06-27","Adults","quantile","0.65",348
"Copycat","2026-06-27",0,"2026-06-27","Adults","quantile","0.7",357
"Copycat","2026-06-27",0,"2026-06-27","Adults","quantile","0.75",365
"Copycat","2026-06-27",0,"2026-06-27","Adults","quantile","0.8",376
"Copycat","2026-06-27",0,"2026-06-27","Adults","quantile","0.85",386
"Copycat","2026-06-27",0,"2026-06-27","Adults","quantile","0.9",404
"Copycat","2026-06-27",0,"2026-06-27","Adults","quantile","0.95",428
"Copycat","2026-06-27",0,"2026-06-27","Adults","quantile","0.975",450
"Copycat","2026-06-27",0,"2026-06-27","Adults","quantile","0.99",469
"Copycat","2026-06-27",1,"2026-07-04","Adults","quantile","0.01",243
"Copycat","2026-06-27",1,"2026-07-04","Adults","quantile","0.025",254
"Copycat","2026-06-27",1,"2026-07-04","Adults","quantile","0.05",261
"Copycat","2026-06-27",1,"2026-07-04","Adults","quantile","0.1",274
"Copycat","2026-06-27",1,"2026-07-04","Adults","quantile","0.15",282
"Copycat","2026-06-27",1,"2026-07-04","Adults","quantile","0.2",288
"Copycat","2026-06-27",1,"2026-07-04","Adults","quantile","0.25",297
"Copycat","2026-06-27",1,"2026-07-04","Adults","quantile","0.3",302
"Copycat","2026-06-27",1,"2026-07-04","Adults","quantile","0.35",309
"Copycat","2026-06-27",1,"2026-07-04","Adults","quantile","0.4",315
"Copycat","2026-06-27",1,"2026-07-04","Adults","quantile","0.45",320
"Copycat","2026-06-27",1,"2026-07-04","Adults","quantile","0.5",328
"Copycat","2026-06-27",1,"2026-07-04","Adults","quantile","0.55",335
"Copycat","2026-06-27",1,"2026-07-04","Adults","quantile","0.6",343
"Copycat","2026-06-27",1,"2026-07-04","Adults","quantile","0.65",351
"Copycat","2026-06-27",1,"2026-07-04","Adults","quantile","0.7",362
"Copycat","2026-06-27",1,"2026-07-04","Adults","quantile","0.75",372
"Copycat","2026-06-27",1,"2026-07-04","Adults","quantile","0.8",388
"Copycat","2026-06-27",1,"2026-07-04","Adults","quantile","0.85",403
"Copycat","2026-06-27",1,"2026-07-04","Adults","quantile","0.9",424
"Copycat","2026-06-27",1,"2026-07-04","Adults","quantile","0.95",449
"Copycat","2026-06-27",1,"2026-07-04","Adults","quantile","0.975",477
"Copycat","2026-06-27",1,"2026-07-04","Adults","quantile","0.99",501
"Copycat","2026-06-27",2,"2026-07-11","Adults","quantile","0.01",235
"Copycat","2026-06-27",2,"2026-07-11","Adults","quantile","0.025",245
"Copycat","2026-06-27",2,"2026-07-11","Adults","quantile","0.05",253
"Copycat","2026-06-27",2,"2026-07-11","Adults","quantile","0.1",268
"Copycat","2026-06-27",2,"2026-07-11","Adults","quantile","0.15",275
"Copycat","2026-06-27",2,"2026-07-11","Adults","quantile","0.2",282
"Copycat","2026-06-27",2,"2026-07-11","Adults","quantile","0.25",289
"Copycat","2026-06-27",2,"2026-07-11","Adults","quantile","0.3",296
"Copycat","2026-06-27",2,"2026-07-11","Adults","quantile","0.35",303
"Copycat","2026-06-27",2,"2026-07-11","Adults","quantile","0.4",310
"Copycat","2026-06-27",2,"2026-07-11","Adults","quantile","0.45",317
"Copycat","2026-06-27",2,"2026-07-11","Adults","quantile","0.5",325
"Copycat","2026-06-27",2,"2026-07-11","Adults","quantile","0.55",332
"Copycat","2026-06-27",2,"2026-07-11","Adults","quantile","0.6",338
"Copycat","2026-06-27",2,"2026-07-11","Adults","quantile","0.65",348
"Copycat","2026-06-27",2,"2026-07-11","Adults","quantile","0.7",363
"Copycat","2026-06-27",2,"2026-07-11","Adults","quantile","0.75",381
"Copycat","2026-06-27",2,"2026-07-11","Adults","quantile","0.8",397
"Copycat","2026-06-27",2,"2026-07-11","Adults","quantile","0.85",412
"Copycat","2026-06-27",2,"2026-07-11","Adults","quantile","0.9",433
"Copycat","2026-06-27",2,"2026-07-11","Adults","quantile","0.95",463
"Copycat","2026-06-27",2,"2026-07-11","Adults","quantile","0.975",501
"Copycat","2026-06-27",2,"2026-07-11","Adults","quantile","0.99",538
"Copycat","2026-06-27",3,"2026-07-18","Adults","quantile","0.01",226
"Copycat","2026-06-27",3,"2026-07-18","Adults","quantile","0.025",236
"Copycat","2026-06-27",3,"2026-07-18","Adults","quantile","0.05",245
"Copycat","2026-06-27",3,"2026-07-18","Adults","quantile","0.1",259
"Copycat","2026-06-27",3,"2026-07-18","Adults","quantile","0.15",269
"Copycat","2026-06-27",3,"2026-07-18","Adults","quantile","0.2",278
"Copycat","2026-06-27",3,"2026-07-18","Adults","quantile","0.25",286
"Copycat","2026-06-27",3,"2026-07-18","Adults","quantile","0.3",294
"Copycat","2026-06-27",3,"2026-07-18","Adults","quantile","0.35",299
"Copycat","2026-06-27",3,"2026-07-18","Adults","quantile","0.4",305
"Copycat","2026-06-27",3,"2026-07-18","Adults","quantile","0.45",314
"Copycat","2026-06-27",3,"2026-07-18","Adults","quantile","0.5",324
"Copycat","2026-06-27",3,"2026-07-18","Adults","quantile","0.55",331
"Copycat","2026-06-27",3,"2026-07-18","Adults","quantile","0.6",341
"Copycat","2026-06-27",3,"2026-07-18","Adults","quantile","0.65",350
"Copycat","2026-06-27",3,"2026-07-18","Adults","quantile","0.7",364
"Copycat","2026-06-27",3,"2026-07-18","Adults","quantile","0.75",376
"Copycat","2026-06-27",3,"2026-07-18","Adults","quantile","0.8",401
"Copycat","2026-06-27",3,"2026-07-18","Adults","quantile","0.85",419
"Copycat","2026-06-27",3,"2026-07-18","Adults","quantile","0.9",440
"Copycat","2026-06-27",3,"2026-07-18","Adults","quantile","0.95",481
"Copycat","2026-06-27",3,"2026-07-18","Adults","quantile","0.975",517
"Copycat","2026-06-27",3,"2026-07-18","Adults","quantile","0.99",566
"Copycat","2026-06-27",-3,"2026-06-06","Overall","quantile","0.01",654
"Copycat","2026-06-27",-3,"2026-06-06","Overall","quantile","0.025",665
"Copycat","2026-06-27",-3,"2026-06-06","Overall","quantile","0.05",673
"Copycat","2026-06-27",-3,"2026-06-06","Overall","quantile","0.1",684
"Copycat","2026-06-27",-3,"2026-06-06","Overall","quantile","0.15",694
"Copycat","2026-06-27",-3,"2026-06-06","Overall","quantile","0.2",701
"Copycat","2026-06-27",-3,"2026-06-06","Overall","quantile","0.25",707
"Copycat","2026-06-27",-3,"2026-06-06","Overall","quantile","0.3",714
"Copycat","2026-06-27",-3,"2026-06-06","Overall","quantile","0.35",719
"Copycat","2026-06-27",-3,"2026-06-06","Overall","quantile","0.4",724
"Copycat","2026-06-27",-3,"2026-06-06","Overall","quantile","0.45",729
"Copycat","2026-06-27",-3,"2026-06-06","Overall","quantile","0.5",734
"Copycat","2026-06-27",-3,"2026-06-06","Overall","quantile","0.55",739
"Copycat","2026-06-27",-3,"2026-06-06","Overall","quantile","0.6",745
"Copycat","2026-06-27",-3,"2026-06-06","Overall","quantile","0.65",751
"Copycat","2026-06-27",-3,"2026-06-06","Overall","quantile","0.7",758
"Copycat","2026-06-27",-3,"2026-06-06","Overall","quantile","0.75",766
"Copycat","2026-06-27",-3,"2026-06-06","Overall","quantile","0.8",776
"Copycat","2026-06-27",-3,"2026-06-06","Overall","quantile","0.85",785
"Copycat","2026-06-27",-3,"2026-06-06","Overall","quantile","0.9",799
"Copycat","2026-06-27",-3,"2026-06-06","Overall","quantile","0.95",816
"Copycat","2026-06-27",-3,"2026-06-06","Overall","quantile","0.975",832
"Copycat","2026-06-27",-3,"2026-06-06","Overall","quantile","0.99",850
"Copycat","2026-06-27",-2,"2026-06-13","Overall","quantile","0.01",622
"Copycat","2026-06-27",-2,"2026-06-13","Overall","quantile","0.025",638
"Copycat","2026-06-27",-2,"2026-06-13","Overall","quantile","0.05",652
"Copycat","2026-06-27",-2,"2026-06-13","Overall","quantile","0.1",668
"Copycat","2026-06-27",-2,"2026-06-13","Overall","quantile","0.15",678
"Copycat","2026-06-27",-2,"2026-06-13","Overall","quantile","0.2",691
"Copycat","2026-06-27",-2,"2026-06-13","Overall","quantile","0.25",699
"Copycat","2026-06-27",-2,"2026-06-13","Overall","quantile","0.3",708
"Copycat","2026-06-27",-2,"2026-06-13","Overall","quantile","0.35",714
"Copycat","2026-06-27",-2,"2026-06-13","Overall","quantile","0.4",721
"Copycat","2026-06-27",-2,"2026-06-13","Overall","quantile","0.45",730
"Copycat","2026-06-27",-2,"2026-06-13","Overall","quantile","0.5",739
"Copycat","2026-06-27",-2,"2026-06-13","Overall","quantile","0.55",747
"Copycat","2026-06-27",-2,"2026-06-13","Overall","quantile","0.6",759
"Copycat","2026-06-27",-2,"2026-06-13","Overall","quantile","0.65",767
"Copycat","2026-06-27",-2,"2026-06-13","Overall","quantile","0.7",777
"Copycat","2026-06-27",-2,"2026-06-13","Overall","quantile","0.75",788
"Copycat","2026-06-27",-2,"2026-06-13","Overall","quantile","0.8",802
"Copycat","2026-06-27",-2,"2026-06-13","Overall","quantile","0.85",819
"Copycat","2026-06-27",-2,"2026-06-13","Overall","quantile","0.9",841
"Copycat","2026-06-27",-2,"2026-06-13","Overall","quantile","0.95",869
"Copycat","2026-06-27",-2,"2026-06-13","Overall","quantile","0.975",900
"Copycat","2026-06-27",-2,"2026-06-13","Overall","quantile","0.99",927
"Copycat","2026-06-27",-1,"2026-06-20","Overall","quantile","0.01",610
"Copycat","2026-06-27",-1,"2026-06-20","Overall","quantile","0.025",626
"Copycat","2026-06-27",-1,"2026-06-20","Overall","quantile","0.05",640
"Copycat","2026-06-27",-1,"2026-06-20","Overall","quantile","0.1",655
"Copycat","2026-06-27",-1,"2026-06-20","Overall","quantile","0.15",671
"Copycat","2026-06-27",-1,"2026-06-20","Overall","quantile","0.2",681
"Copycat","2026-06-27",-1,"2026-06-20","Overall","quantile","0.25",691
"Copycat","2026-06-27",-1,"2026-06-20","Overall","quantile","0.3",700
"Copycat","2026-06-27",-1,"2026-06-20","Overall","quantile","0.35",711
"Copycat","2026-06-27",-1,"2026-06-20","Overall","quantile","0.4",721
"Copycat","2026-06-27",-1,"2026-06-20","Overall","quantile","0.45",734
"Copycat","2026-06-27",-1,"2026-06-20","Overall","quantile","0.5",745
"Copycat","2026-06-27",-1,"2026-06-20","Overall","quantile","0.55",755
"Copycat","2026-06-27",-1,"2026-06-20","Overall","quantile","0.6",769
"Copycat","2026-06-27",-1,"2026-06-20","Overall","quantile","0.65",785
"Copycat","2026-06-27",-1,"2026-06-20","Overall","quantile","0.7",800
"Copycat","2026-06-27",-1,"2026-06-20","Overall","quantile","0.75",820
"Copycat","2026-06-27",-1,"2026-06-20","Overall","quantile","0.8",835
"Copycat","2026-06-27",-1,"2026-06-20","Overall","quantile","0.85",859
"Copycat","2026-06-27",-1,"2026-06-20","Overall","quantile","0.9",887
"Copycat","2026-06-27",-1,"2026-06-20","Overall","quantile","0.95",928
"Copycat","2026-06-27",-1,"2026-06-20","Overall","quantile","0.975",970
"Copycat","2026-06-27",-1,"2026-06-20","Overall","quantile","0.99",1002
"Copycat","2026-06-27",0,"2026-06-27","Overall","quantile","0.01",582
"Copycat","2026-06-27",0,"2026-06-27","Overall","quantile","0.025",599
"Copycat","2026-06-27",0,"2026-06-27","Overall","quantile","0.05",619
"Copycat","2026-06-27",0,"2026-06-27","Overall","quantile","0.1",645
"Copycat","2026-06-27",0,"2026-06-27","Overall","quantile","0.15",661
"Copycat","2026-06-27",0,"2026-06-27","Overall","quantile","0.2",672
"Copycat","2026-06-27",0,"2026-06-27","Overall","quantile","0.25",682
"Copycat","2026-06-27",0,"2026-06-27","Overall","quantile","0.3",694
"Copycat","2026-06-27",0,"2026-06-27","Overall","quantile","0.35",707
"Copycat","2026-06-27",0,"2026-06-27","Overall","quantile","0.4",719
"Copycat","2026-06-27",0,"2026-06-27","Overall","quantile","0.45",731
"Copycat","2026-06-27",0,"2026-06-27","Overall","quantile","0.5",743
"Copycat","2026-06-27",0,"2026-06-27","Overall","quantile","0.55",756
"Copycat","2026-06-27",0,"2026-06-27","Overall","quantile","0.6",776
"Copycat","2026-06-27",0,"2026-06-27","Overall","quantile","0.65",797
"Copycat","2026-06-27",0,"2026-06-27","Overall","quantile","0.7",818
"Copycat","2026-06-27",0,"2026-06-27","Overall","quantile","0.75",845
"Copycat","2026-06-27",0,"2026-06-27","Overall","quantile","0.8",866
"Copycat","2026-06-27",0,"2026-06-27","Overall","quantile","0.85",894
"Copycat","2026-06-27",0,"2026-06-27","Overall","quantile","0.9",929
"Copycat","2026-06-27",0,"2026-06-27","Overall","quantile","0.95",979
"Copycat","2026-06-27",0,"2026-06-27","Overall","quantile","0.975",1032
"Copycat","2026-06-27",0,"2026-06-27","Overall","quantile","0.99",1087
"Copycat","2026-06-27",1,"2026-07-04","Overall","quantile","0.01",574
"Copycat","2026-06-27",1,"2026-07-04","Overall","quantile","0.025",587
"Copycat","2026-06-27",1,"2026-07-04","Overall","quantile","0.05",597
"Copycat","2026-06-27",1,"2026-07-04","Overall","quantile","0.1",626
"Copycat","2026-06-27",1,"2026-07-04","Overall","quantile","0.15",649
"Copycat","2026-06-27",1,"2026-07-04","Overall","quantile","0.2",664
"Copycat","2026-06-27",1,"2026-07-04","Overall","quantile","0.25",677
"Copycat","2026-06-27",1,"2026-07-04","Overall","quantile","0.3",689
"Copycat","2026-06-27",1,"2026-07-04","Overall","quantile","0.35",698
"Copycat","2026-06-27",1,"2026-07-04","Overall","quantile","0.4",714
"Copycat","2026-06-27",1,"2026-07-04","Overall","quantile","0.45",730
"Copycat","2026-06-27",1,"2026-07-04","Overall","quantile","0.5",743
"Copycat","2026-06-27",1,"2026-07-04","Overall","quantile","0.55",759
"Copycat","2026-06-27",1,"2026-07-04","Overall","quantile","0.6",778
"Copycat","2026-06-27",1,"2026-07-04","Overall","quantile","0.65",798
"Copycat","2026-06-27",1,"2026-07-04","Overall","quantile","0.7",822
"Copycat","2026-06-27",1,"2026-07-04","Overall","quantile","0.75",849
"Copycat","2026-06-27",1,"2026-07-04","Overall","quantile","0.8",886
"Copycat","2026-06-27",1,"2026-07-04","Overall","quantile","0.85",919
"Copycat","2026-06-27",1,"2026-07-04","Overall","quantile","0.9",960
"Copycat","2026-06-27",1,"2026-07-04","Overall","quantile","0.95",1037
"Copycat","2026-06-27",1,"2026-07-04","Overall","quantile","0.975",1100
"Copycat","2026-06-27",1,"2026-07-04","Overall","quantile","0.99",1171
"Copycat","2026-06-27",2,"2026-07-11","Overall","quantile","0.01",534
"Copycat","2026-06-27",2,"2026-07-11","Overall","quantile","0.025",564
"Copycat","2026-06-27",2,"2026-07-11","Overall","quantile","0.05",589
"Copycat","2026-06-27",2,"2026-07-11","Overall","quantile","0.1",617
"Copycat","2026-06-27",2,"2026-07-11","Overall","quantile","0.15",632
"Copycat","2026-06-27",2,"2026-07-11","Overall","quantile","0.2",648
"Copycat","2026-06-27",2,"2026-07-11","Overall","quantile","0.25",666
"Copycat","2026-06-27",2,"2026-07-11","Overall","quantile","0.3",680
"Copycat","2026-06-27",2,"2026-07-11","Overall","quantile","0.35",695
"Copycat","2026-06-27",2,"2026-07-11","Overall","quantile","0.4",709
"Copycat","2026-06-27",2,"2026-07-11","Overall","quantile","0.45",725
"Copycat","2026-06-27",2,"2026-07-11","Overall","quantile","0.5",739
"Copycat","2026-06-27",2,"2026-07-11","Overall","quantile","0.55",760
"Copycat","2026-06-27",2,"2026-07-11","Overall","quantile","0.6",779
"Copycat","2026-06-27",2,"2026-07-11","Overall","quantile","0.65",803
"Copycat","2026-06-27",2,"2026-07-11","Overall","quantile","0.7",827
"Copycat","2026-06-27",2,"2026-07-11","Overall","quantile","0.75",861
"Copycat","2026-06-27",2,"2026-07-11","Overall","quantile","0.8",905
"Copycat","2026-06-27",2,"2026-07-11","Overall","quantile","0.85",958
"Copycat","2026-06-27",2,"2026-07-11","Overall","quantile","0.9",1007
"Copycat","2026-06-27",2,"2026-07-11","Overall","quantile","0.95",1090
"Copycat","2026-06-27",2,"2026-07-11","Overall","quantile","0.975",1172
"Copycat","2026-06-27",2,"2026-07-11","Overall","quantile","0.99",1261
"Copycat","2026-06-27",3,"2026-07-18","Overall","quantile","0.01",522
"Copycat","2026-06-27",3,"2026-07-18","Overall","quantile","0.025",544
"Copycat","2026-06-27",3,"2026-07-18","Overall","quantile","0.05",565
"Copycat","2026-06-27",3,"2026-07-18","Overall","quantile","0.1",598
"Copycat","2026-06-27",3,"2026-07-18","Overall","quantile","0.15",623
"Copycat","2026-06-27",3,"2026-07-18","Overall","quantile","0.2",646
"Copycat","2026-06-27",3,"2026-07-18","Overall","quantile","0.25",656
"Copycat","2026-06-27",3,"2026-07-18","Overall","quantile","0.3",672
"Copycat","2026-06-27",3,"2026-07-18","Overall","quantile","0.35",691
"Copycat","2026-06-27",3,"2026-07-18","Overall","quantile","0.4",704
"Copycat","2026-06-27",3,"2026-07-18","Overall","quantile","0.45",717
"Copycat","2026-06-27",3,"2026-07-18","Overall","quantile","0.5",735
"Copycat","2026-06-27",3,"2026-07-18","Overall","quantile","0.55",754
"Copycat","2026-06-27",3,"2026-07-18","Overall","quantile","0.6",776
"Copycat","2026-06-27",3,"2026-07-18","Overall","quantile","0.65",806
"Copycat","2026-06-27",3,"2026-07-18","Overall","quantile","0.7",830
"Copycat","2026-06-27",3,"2026-07-18","Overall","quantile","0.75",868
"Copycat","2026-06-27",3,"2026-07-18","Overall","quantile","0.8",906
"Copycat","2026-06-27",3,"2026-07-18","Overall","quantile","0.85",967
"Copycat","2026-06-27",3,"2026-07-18","Overall","quantile","0.9",1029
"Copycat","2026-06-27",3,"2026-07-18","Overall","quantile","0.95",1129
"Copycat","2026-06-27",3,"2026-07-18","Overall","quantile","0.975",1216
"Copycat","2026-06-27",3,"2026-07-18","Overall","quantile","0.99",1306
"Copycat","2026-06-27",-3,"2026-06-06","Pediatrics","quantile","0.01",351
"Copycat","2026-06-27",-3,"2026-06-06","Pediatrics","quantile","0.025",361
"Copycat","2026-06-27",-3,"2026-06-06","Pediatrics","quantile","0.05",371
"Copycat","2026-06-27",-3,"2026-06-06","Pediatrics","quantile","0.1",379
"Copycat","2026-06-27",-3,"2026-06-06","Pediatrics","quantile","0.15",385
"Copycat","2026-06-27",-3,"2026-06-06","Pediatrics","quantile","0.2",390
"Copycat","2026-06-27",-3,"2026-06-06","Pediatrics","quantile","0.25",394
"Copycat","2026-06-27",-3,"2026-06-06","Pediatrics","quantile","0.3",398
"Copycat","2026-06-27",-3,"2026-06-06","Pediatrics","quantile","0.35",401
"Copycat","2026-06-27",-3,"2026-06-06","Pediatrics","quantile","0.4",404
"Copycat","2026-06-27",-3,"2026-06-06","Pediatrics","quantile","0.45",407
"Copycat","2026-06-27",-3,"2026-06-06","Pediatrics","quantile","0.5",411
"Copycat","2026-06-27",-3,"2026-06-06","Pediatrics","quantile","0.55",413
"Copycat","2026-06-27",-3,"2026-06-06","Pediatrics","quantile","0.6",418
"Copycat","2026-06-27",-3,"2026-06-06","Pediatrics","quantile","0.65",422
"Copycat","2026-06-27",-3,"2026-06-06","Pediatrics","quantile","0.7",426
"Copycat","2026-06-27",-3,"2026-06-06","Pediatrics","quantile","0.75",431
"Copycat","2026-06-27",-3,"2026-06-06","Pediatrics","quantile","0.8",438
"Copycat","2026-06-27",-3,"2026-06-06","Pediatrics","quantile","0.85",443
"Copycat","2026-06-27",-3,"2026-06-06","Pediatrics","quantile","0.9",452
"Copycat","2026-06-27",-3,"2026-06-06","Pediatrics","quantile","0.95",463
"Copycat","2026-06-27",-3,"2026-06-06","Pediatrics","quantile","0.975",468
"Copycat","2026-06-27",-3,"2026-06-06","Pediatrics","quantile","0.99",482
"Copycat","2026-06-27",-2,"2026-06-13","Pediatrics","quantile","0.01",337
"Copycat","2026-06-27",-2,"2026-06-13","Pediatrics","quantile","0.025",355
"Copycat","2026-06-27",-2,"2026-06-13","Pediatrics","quantile","0.05",361
"Copycat","2026-06-27",-2,"2026-06-13","Pediatrics","quantile","0.1",372
"Copycat","2026-06-27",-2,"2026-06-13","Pediatrics","quantile","0.15",381
"Copycat","2026-06-27",-2,"2026-06-13","Pediatrics","quantile","0.2",385
"Copycat","2026-06-27",-2,"2026-06-13","Pediatrics","quantile","0.25",392
"Copycat","2026-06-27",-2,"2026-06-13","Pediatrics","quantile","0.3",397
"Copycat","2026-06-27",-2,"2026-06-13","Pediatrics","quantile","0.35",402
"Copycat","2026-06-27",-2,"2026-06-13","Pediatrics","quantile","0.4",406
"Copycat","2026-06-27",-2,"2026-06-13","Pediatrics","quantile","0.45",410
"Copycat","2026-06-27",-2,"2026-06-13","Pediatrics","quantile","0.5",416
"Copycat","2026-06-27",-2,"2026-06-13","Pediatrics","quantile","0.55",420
"Copycat","2026-06-27",-2,"2026-06-13","Pediatrics","quantile","0.6",425
"Copycat","2026-06-27",-2,"2026-06-13","Pediatrics","quantile","0.65",430
"Copycat","2026-06-27",-2,"2026-06-13","Pediatrics","quantile","0.7",437
"Copycat","2026-06-27",-2,"2026-06-13","Pediatrics","quantile","0.75",443
"Copycat","2026-06-27",-2,"2026-06-13","Pediatrics","quantile","0.8",451
"Copycat","2026-06-27",-2,"2026-06-13","Pediatrics","quantile","0.85",461
"Copycat","2026-06-27",-2,"2026-06-13","Pediatrics","quantile","0.9",473
"Copycat","2026-06-27",-2,"2026-06-13","Pediatrics","quantile","0.95",489
"Copycat","2026-06-27",-2,"2026-06-13","Pediatrics","quantile","0.975",502
"Copycat","2026-06-27",-2,"2026-06-13","Pediatrics","quantile","0.99",521
"Copycat","2026-06-27",-1,"2026-06-20","Pediatrics","quantile","0.01",333
"Copycat","2026-06-27",-1,"2026-06-20","Pediatrics","quantile","0.025",345
"Copycat","2026-06-27",-1,"2026-06-20","Pediatrics","quantile","0.05",356
"Copycat","2026-06-27",-1,"2026-06-20","Pediatrics","quantile","0.1",366
"Copycat","2026-06-27",-1,"2026-06-20","Pediatrics","quantile","0.15",374
"Copycat","2026-06-27",-1,"2026-06-20","Pediatrics","quantile","0.2",382
"Copycat","2026-06-27",-1,"2026-06-20","Pediatrics","quantile","0.25",388
"Copycat","2026-06-27",-1,"2026-06-20","Pediatrics","quantile","0.3",394
"Copycat","2026-06-27",-1,"2026-06-20","Pediatrics","quantile","0.35",398
"Copycat","2026-06-27",-1,"2026-06-20","Pediatrics","quantile","0.4",404
"Copycat","2026-06-27",-1,"2026-06-20","Pediatrics","quantile","0.45",411
"Copycat","2026-06-27",-1,"2026-06-20","Pediatrics","quantile","0.5",420
"Copycat","2026-06-27",-1,"2026-06-20","Pediatrics","quantile","0.55",425
"Copycat","2026-06-27",-1,"2026-06-20","Pediatrics","quantile","0.6",432
"Copycat","2026-06-27",-1,"2026-06-20","Pediatrics","quantile","0.65",439
"Copycat","2026-06-27",-1,"2026-06-20","Pediatrics","quantile","0.7",446
"Copycat","2026-06-27",-1,"2026-06-20","Pediatrics","quantile","0.75",458
"Copycat","2026-06-27",-1,"2026-06-20","Pediatrics","quantile","0.8",469
"Copycat","2026-06-27",-1,"2026-06-20","Pediatrics","quantile","0.85",484
"Copycat","2026-06-27",-1,"2026-06-20","Pediatrics","quantile","0.9",497
"Copycat","2026-06-27",-1,"2026-06-20","Pediatrics","quantile","0.95",522
"Copycat","2026-06-27",-1,"2026-06-20","Pediatrics","quantile","0.975",549
"Copycat","2026-06-27",-1,"2026-06-20","Pediatrics","quantile","0.99",572
"Copycat","2026-06-27",0,"2026-06-27","Pediatrics","quantile","0.01",327
"Copycat","2026-06-27",0,"2026-06-27","Pediatrics","quantile","0.025",337
"Copycat","2026-06-27",0,"2026-06-27","Pediatrics","quantile","0.05",346
"Copycat","2026-06-27",0,"2026-06-27","Pediatrics","quantile","0.1",360
"Copycat","2026-06-27",0,"2026-06-27","Pediatrics","quantile","0.15",372
"Copycat","2026-06-27",0,"2026-06-27","Pediatrics","quantile","0.2",380
"Copycat","2026-06-27",0,"2026-06-27","Pediatrics","quantile","0.25",385
"Copycat","2026-06-27",0,"2026-06-27","Pediatrics","quantile","0.3",391
"Copycat","2026-06-27",0,"2026-06-27","Pediatrics","quantile","0.35",396
"Copycat","2026-06-27",0,"2026-06-27","Pediatrics","quantile","0.4",403
"Copycat","2026-06-27",0,"2026-06-27","Pediatrics","quantile","0.45",411
"Copycat","2026-06-27",0,"2026-06-27","Pediatrics","quantile","0.5",420
"Copycat","2026-06-27",0,"2026-06-27","Pediatrics","quantile","0.55",426
"Copycat","2026-06-27",0,"2026-06-27","Pediatrics","quantile","0.6",436
"Copycat","2026-06-27",0,"2026-06-27","Pediatrics","quantile","0.65",447
"Copycat","2026-06-27",0,"2026-06-27","Pediatrics","quantile","0.7",457
"Copycat","2026-06-27",0,"2026-06-27","Pediatrics","quantile","0.75",471
"Copycat","2026-06-27",0,"2026-06-27","Pediatrics","quantile","0.8",484
"Copycat","2026-06-27",0,"2026-06-27","Pediatrics","quantile","0.85",501
"Copycat","2026-06-27",0,"2026-06-27","Pediatrics","quantile","0.9",523
"Copycat","2026-06-27",0,"2026-06-27","Pediatrics","quantile","0.95",551
"Copycat","2026-06-27",0,"2026-06-27","Pediatrics","quantile","0.975",576
"Copycat","2026-06-27",0,"2026-06-27","Pediatrics","quantile","0.99",591
"Copycat","2026-06-27",1,"2026-07-04","Pediatrics","quantile","0.01",311
"Copycat","2026-06-27",1,"2026-07-04","Pediatrics","quantile","0.025",328
"Copycat","2026-06-27",1,"2026-07-04","Pediatrics","quantile","0.05",336
"Copycat","2026-06-27",1,"2026-07-04","Pediatrics","quantile","0.1",351
"Copycat","2026-06-27",1,"2026-07-04","Pediatrics","quantile","0.15",363
"Copycat","2026-06-27",1,"2026-07-04","Pediatrics","quantile","0.2",371
"Copycat","2026-06-27",1,"2026-07-04","Pediatrics","quantile","0.25",377
"Copycat","2026-06-27",1,"2026-07-04","Pediatrics","quantile","0.3",385
"Copycat","2026-06-27",1,"2026-07-04","Pediatrics","quantile","0.35",394
"Copycat","2026-06-27",1,"2026-07-04","Pediatrics","quantile","0.4",403
"Copycat","2026-06-27",1,"2026-07-04","Pediatrics","quantile","0.45",412
"Copycat","2026-06-27",1,"2026-07-04","Pediatrics","quantile","0.5",420
"Copycat","2026-06-27",1,"2026-07-04","Pediatrics","quantile","0.55",429
"Copycat","2026-06-27",1,"2026-07-04","Pediatrics","quantile","0.6",436
"Copycat","2026-06-27",1,"2026-07-04","Pediatrics","quantile","0.65",451
"Copycat","2026-06-27",1,"2026-07-04","Pediatrics","quantile","0.7",467
"Copycat","2026-06-27",1,"2026-07-04","Pediatrics","quantile","0.75",481
"Copycat","2026-06-27",1,"2026-07-04","Pediatrics","quantile","0.8",496
"Copycat","2026-06-27",1,"2026-07-04","Pediatrics","quantile","0.85",515
"Copycat","2026-06-27",1,"2026-07-04","Pediatrics","quantile","0.9",537
"Copycat","2026-06-27",1,"2026-07-04","Pediatrics","quantile","0.95",578
"Copycat","2026-06-27",1,"2026-07-04","Pediatrics","quantile","0.975",614
"Copycat","2026-06-27",1,"2026-07-04","Pediatrics","quantile","0.99",639
"Copycat","2026-06-27",2,"2026-07-11","Pediatrics","quantile","0.01",302
"Copycat","2026-06-27",2,"2026-07-11","Pediatrics","quantile","0.025",317
"Copycat","2026-06-27",2,"2026-07-11","Pediatrics","quantile","0.05",327
"Copycat","2026-06-27",2,"2026-07-11","Pediatrics","quantile","0.1",342
"Copycat","2026-06-27",2,"2026-07-11","Pediatrics","quantile","0.15",355
"Copycat","2026-06-27",2,"2026-07-11","Pediatrics","quantile","0.2",365
"Copycat","2026-06-27",2,"2026-07-11","Pediatrics","quantile","0.25",374
"Copycat","2026-06-27",2,"2026-07-11","Pediatrics","quantile","0.3",382
"Copycat","2026-06-27",2,"2026-07-11","Pediatrics","quantile","0.35",388
"Copycat","2026-06-27",2,"2026-07-11","Pediatrics","quantile","0.4",400
"Copycat","2026-06-27",2,"2026-07-11","Pediatrics","quantile","0.45",410
"Copycat","2026-06-27",2,"2026-07-11","Pediatrics","quantile","0.5",419
"Copycat","2026-06-27",2,"2026-07-11","Pediatrics","quantile","0.55",429
"Copycat","2026-06-27",2,"2026-07-11","Pediatrics","quantile","0.6",442
"Copycat","2026-06-27",2,"2026-07-11","Pediatrics","quantile","0.65",454
"Copycat","2026-06-27",2,"2026-07-11","Pediatrics","quantile","0.7",470
"Copycat","2026-06-27",2,"2026-07-11","Pediatrics","quantile","0.75",489
"Copycat","2026-06-27",2,"2026-07-11","Pediatrics","quantile","0.8",506
"Copycat","2026-06-27",2,"2026-07-11","Pediatrics","quantile","0.85",528
"Copycat","2026-06-27",2,"2026-07-11","Pediatrics","quantile","0.9",560
"Copycat","2026-06-27",2,"2026-07-11","Pediatrics","quantile","0.95",593
"Copycat","2026-06-27",2,"2026-07-11","Pediatrics","quantile","0.975",627
"Copycat","2026-06-27",2,"2026-07-11","Pediatrics","quantile","0.99",666
"Copycat","2026-06-27",3,"2026-07-18","Pediatrics","quantile","0.01",296
"Copycat","2026-06-27",3,"2026-07-18","Pediatrics","quantile","0.025",303
"Copycat","2026-06-27",3,"2026-07-18","Pediatrics","quantile","0.05",317
"Copycat","2026-06-27",3,"2026-07-18","Pediatrics","quantile","0.1",334
"Copycat","2026-06-27",3,"2026-07-18","Pediatrics","quantile","0.15",349
"Copycat","2026-06-27",3,"2026-07-18","Pediatrics","quantile","0.2",361
"Copycat","2026-06-27",3,"2026-07-18","Pediatrics","quantile","0.25",371
"Copycat","2026-06-27",3,"2026-07-18","Pediatrics","quantile","0.3",378
"Copycat","2026-06-27",3,"2026-07-18","Pediatrics","quantile","0.35",387
"Copycat","2026-06-27",3,"2026-07-18","Pediatrics","quantile","0.4",395
"Copycat","2026-06-27",3,"2026-07-18","Pediatrics","quantile","0.45",405
"Copycat","2026-06-27",3,"2026-07-18","Pediatrics","quantile","0.5",416
"Copycat","2026-06-27",3,"2026-07-18","Pediatrics","quantile","0.55",428
"Copycat","2026-06-27",3,"2026-07-18","Pediatrics","quantile","0.6",442
"Copycat","2026-06-27",3,"2026-07-18","Pediatrics","quantile","0.65",456
"Copycat","2026-06-27",3,"2026-07-18","Pediatrics","quantile","0.7",474
"Copycat","2026-06-27",3,"2026-07-18","Pediatrics","quantile","0.75",497
"Copycat","2026-06-27",3,"2026-07-18","Pediatrics","quantile","0.8",520
"Copycat","2026-06-27",3,"2026-07-18","Pediatrics","quantile","0.85",544
"Copycat","2026-06-27",3,"2026-07-18","Pediatrics","quantile","0.9",572
"Copycat","2026-06-27",3,"2026-07-18","Pediatrics","quantile","0.95",625
"Copycat","2026-06-27",3,"2026-07-18","Pediatrics","quantile","0.975",661
"Copycat","2026-06-27",3,"2026-07-18","Pediatrics","quantile","0.99",712
"newGBQR","2026-06-27",-3,"2026-06-06","Adults","quantile","0.01",191
"newGBQR","2026-06-27",-3,"2026-06-06","Adults","quantile","0.025",239
"newGBQR","2026-06-27",-3,"2026-06-06","Adults","quantile","0.05",261
"newGBQR","2026-06-27",-3,"2026-06-06","Adults","quantile","0.1",282
"newGBQR","2026-06-27",-3,"2026-06-06","Adults","quantile","0.15",298
"newGBQR","2026-06-27",-3,"2026-06-06","Adults","quantile","0.2",311
"newGBQR","2026-06-27",-3,"2026-06-06","Adults","quantile","0.25",323
"newGBQR","2026-06-27",-3,"2026-06-06","Adults","quantile","0.3",337
"newGBQR","2026-06-27",-3,"2026-06-06","Adults","quantile","0.35",339
"newGBQR","2026-06-27",-3,"2026-06-06","Adults","quantile","0.4",352
"newGBQR","2026-06-27",-3,"2026-06-06","Adults","quantile","0.45",363
"newGBQR","2026-06-27",-3,"2026-06-06","Adults","quantile","0.5",367
"newGBQR","2026-06-27",-3,"2026-06-06","Adults","quantile","0.55",370
"newGBQR","2026-06-27",-3,"2026-06-06","Adults","quantile","0.6",372
"newGBQR","2026-06-27",-3,"2026-06-06","Adults","quantile","0.65",372
"newGBQR","2026-06-27",-3,"2026-06-06","Adults","quantile","0.7",382
"newGBQR","2026-06-27",-3,"2026-06-06","Adults","quantile","0.75",384
"newGBQR","2026-06-27",-3,"2026-06-06","Adults","quantile","0.8",389
"newGBQR","2026-06-27",-3,"2026-06-06","Adults","quantile","0.85",409
"newGBQR","2026-06-27",-3,"2026-06-06","Adults","quantile","0.9",436
"newGBQR","2026-06-27",-3,"2026-06-06","Adults","quantile","0.95",476
"newGBQR","2026-06-27",-3,"2026-06-06","Adults","quantile","0.975",509
"newGBQR","2026-06-27",-3,"2026-06-06","Adults","quantile","0.99",543
"newGBQR","2026-06-27",-2,"2026-06-13","Adults","quantile","0.01",190
"newGBQR","2026-06-27",-2,"2026-06-13","Adults","quantile","0.025",237
"newGBQR","2026-06-27",-2,"2026-06-13","Adults","quantile","0.05",252
"newGBQR","2026-06-27",-2,"2026-06-13","Adults","quantile","0.1",277
"newGBQR","2026-06-27",-2,"2026-06-13","Adults","quantile","0.15",293
"newGBQR","2026-06-27",-2,"2026-06-13","Adults","quantile","0.2",307
"newGBQR","2026-06-27",-2,"2026-06-13","Adults","quantile","0.25",321
"newGBQR","2026-06-27",-2,"2026-06-13","Adults","quantile","0.3",337
"newGBQR","2026-06-27",-2,"2026-06-13","Adults","quantile","0.35",340
"newGBQR","2026-06-27",-2,"2026-06-13","Adults","quantile","0.4",357
"newGBQR","2026-06-27",-2,"2026-06-13","Adults","quantile","0.45",371
"newGBQR","2026-06-27",-2,"2026-06-13","Adults","quantile","0.5",374
"newGBQR","2026-06-27",-2,"2026-06-13","Adults","quantile","0.55",381
"newGBQR","2026-06-27",-2,"2026-06-13","Adults","quantile","0.6",382
"newGBQR","2026-06-27",-2,"2026-06-13","Adults","quantile","0.65",392
"newGBQR","2026-06-27",-2,"2026-06-13","Adults","quantile","0.7",393
"newGBQR","2026-06-27",-2,"2026-06-13","Adults","quantile","0.75",397
"newGBQR","2026-06-27",-2,"2026-06-13","Adults","quantile","0.8",399
"newGBQR","2026-06-27",-2,"2026-06-13","Adults","quantile","0.85",417
"newGBQR","2026-06-27",-2,"2026-06-13","Adults","quantile","0.9",450
"newGBQR","2026-06-27",-2,"2026-06-13","Adults","quantile","0.95",500
"newGBQR","2026-06-27",-2,"2026-06-13","Adults","quantile","0.975",519
"newGBQR","2026-06-27",-2,"2026-06-13","Adults","quantile","0.99",546
"newGBQR","2026-06-27",-1,"2026-06-20","Adults","quantile","0.01",183
"newGBQR","2026-06-27",-1,"2026-06-20","Adults","quantile","0.025",229
"newGBQR","2026-06-27",-1,"2026-06-20","Adults","quantile","0.05",246
"newGBQR","2026-06-27",-1,"2026-06-20","Adults","quantile","0.1",263
"newGBQR","2026-06-27",-1,"2026-06-20","Adults","quantile","0.15",284
"newGBQR","2026-06-27",-1,"2026-06-20","Adults","quantile","0.2",297
"newGBQR","2026-06-27",-1,"2026-06-20","Adults","quantile","0.25",314
"newGBQR","2026-06-27",-1,"2026-06-20","Adults","quantile","0.3",334
"newGBQR","2026-06-27",-1,"2026-06-20","Adults","quantile","0.35",334
"newGBQR","2026-06-27",-1,"2026-06-20","Adults","quantile","0.4",356
"newGBQR","2026-06-27",-1,"2026-06-20","Adults","quantile","0.45",368
"newGBQR","2026-06-27",-1,"2026-06-20","Adults","quantile","0.5",378
"newGBQR","2026-06-27",-1,"2026-06-20","Adults","quantile","0.55",380
"newGBQR","2026-06-27",-1,"2026-06-20","Adults","quantile","0.6",390
"newGBQR","2026-06-27",-1,"2026-06-20","Adults","quantile","0.65",395
"newGBQR","2026-06-27",-1,"2026-06-20","Adults","quantile","0.7",396
"newGBQR","2026-06-27",-1,"2026-06-20","Adults","quantile","0.75",396
"newGBQR","2026-06-27",-1,"2026-06-20","Adults","quantile","0.8",399
"newGBQR","2026-06-27",-1,"2026-06-20","Adults","quantile","0.85",414
"newGBQR","2026-06-27",-1,"2026-06-20","Adults","quantile","0.9",447
"newGBQR","2026-06-27",-1,"2026-06-20","Adults","quantile","0.95",500
"newGBQR","2026-06-27",-1,"2026-06-20","Adults","quantile","0.975",523
"newGBQR","2026-06-27",-1,"2026-06-20","Adults","quantile","0.99",542
"newGBQR","2026-06-27",0,"2026-06-27","Adults","quantile","0.01",175
"newGBQR","2026-06-27",0,"2026-06-27","Adults","quantile","0.025",221
"newGBQR","2026-06-27",0,"2026-06-27","Adults","quantile","0.05",234
"newGBQR","2026-06-27",0,"2026-06-27","Adults","quantile","0.1",256
"newGBQR","2026-06-27",0,"2026-06-27","Adults","quantile","0.15",274
"newGBQR","2026-06-27",0,"2026-06-27","Adults","quantile","0.2",294
"newGBQR","2026-06-27",0,"2026-06-27","Adults","quantile","0.25",313
"newGBQR","2026-06-27",0,"2026-06-27","Adults","quantile","0.3",328
"newGBQR","2026-06-27",0,"2026-06-27","Adults","quantile","0.35",336
"newGBQR","2026-06-27",0,"2026-06-27","Adults","quantile","0.4",352
"newGBQR","2026-06-27",0,"2026-06-27","Adults","quantile","0.45",370
"newGBQR","2026-06-27",0,"2026-06-27","Adults","quantile","0.5",377
"newGBQR","2026-06-27",0,"2026-06-27","Adults","quantile","0.55",386
"newGBQR","2026-06-27",0,"2026-06-27","Adults","quantile","0.6",388
"newGBQR","2026-06-27",0,"2026-06-27","Adults","quantile","0.65",390
"newGBQR","2026-06-27",0,"2026-06-27","Adults","quantile","0.7",390
"newGBQR","2026-06-27",0,"2026-06-27","Adults","quantile","0.75",398
"newGBQR","2026-06-27",0,"2026-06-27","Adults","quantile","0.8",401
"newGBQR","2026-06-27",0,"2026-06-27","Adults","quantile","0.85",409
"newGBQR","2026-06-27",0,"2026-06-27","Adults","quantile","0.9",448
"newGBQR","2026-06-27",0,"2026-06-27","Adults","quantile","0.95",495
"newGBQR","2026-06-27",0,"2026-06-27","Adults","quantile","0.975",519
"newGBQR","2026-06-27",0,"2026-06-27","Adults","quantile","0.99",545
"newGBQR","2026-06-27",1,"2026-07-04","Adults","quantile","0.01",169
"newGBQR","2026-06-27",1,"2026-07-04","Adults","quantile","0.025",214
"newGBQR","2026-06-27",1,"2026-07-04","Adults","quantile","0.05",219
"newGBQR","2026-06-27",1,"2026-07-04","Adults","quantile","0.1",235
"newGBQR","2026-06-27",1,"2026-07-04","Adults","quantile","0.15",264
"newGBQR","2026-06-27",1,"2026-07-04","Adults","quantile","0.2",281
"newGBQR","2026-06-27",1,"2026-07-04","Adults","quantile","0.25",300
"newGBQR","2026-06-27",1,"2026-07-04","Adults","quantile","0.3",307
"newGBQR","2026-06-27",1,"2026-07-04","Adults","quantile","0.35",308
"newGBQR","2026-06-27",1,"2026-07-04","Adults","quantile","0.4",321
"newGBQR","2026-06-27",1,"2026-07-04","Adults","quantile","0.45",343
"newGBQR","2026-06-27",1,"2026-07-04","Adults","quantile","0.5",361
"newGBQR","2026-06-27",1,"2026-07-04","Adults","quantile","0.55",376
"newGBQR","2026-06-27",1,"2026-07-04","Adults","quantile","0.6",380
"newGBQR","2026-06-27",1,"2026-07-04","Adults","quantile","0.65",381
"newGBQR","2026-06-27",1,"2026-07-04","Adults","quantile","0.7",382
"newGBQR","2026-06-27",1,"2026-07-04","Adults","quantile","0.75",383
"newGBQR","2026-06-27",1,"2026-07-04","Adults","quantile","0.8",384
"newGBQR","2026-06-27",1,"2026-07-04","Adults","quantile","0.85",397
"newGBQR","2026-06-27",1,"2026-07-04","Adults","quantile","0.9",427
"newGBQR","2026-06-27",1,"2026-07-04","Adults","quantile","0.95",488
"newGBQR","2026-06-27",1,"2026-07-04","Adults","quantile","0.975",512
"newGBQR","2026-06-27",1,"2026-07-04","Adults","quantile","0.99",545
"newGBQR","2026-06-27",2,"2026-07-11","Adults","quantile","0.01",167
"newGBQR","2026-06-27",2,"2026-07-11","Adults","quantile","0.025",210
"newGBQR","2026-06-27",2,"2026-07-11","Adults","quantile","0.05",217
"newGBQR","2026-06-27",2,"2026-07-11","Adults","quantile","0.1",225
"newGBQR","2026-06-27",2,"2026-07-11","Adults","quantile","0.15",252
"newGBQR","2026-06-27",2,"2026-07-11","Adults","quantile","0.2",268
"newGBQR","2026-06-27",2,"2026-07-11","Adults","quantile","0.25",284
"newGBQR","2026-06-27",2,"2026-07-11","Adults","quantile","0.3",294
"newGBQR","2026-06-27",2,"2026-07-11","Adults","quantile","0.35",296
"newGBQR","2026-06-27",2,"2026-07-11","Adults","quantile","0.4",312
"newGBQR","2026-06-27",2,"2026-07-11","Adults","quantile","0.45",325
"newGBQR","2026-06-27",2,"2026-07-11","Adults","quantile","0.5",349
"newGBQR","2026-06-27",2,"2026-07-11","Adults","quantile","0.55",358
"newGBQR","2026-06-27",2,"2026-07-11","Adults","quantile","0.6",366
"newGBQR","2026-06-27",2,"2026-07-11","Adults","quantile","0.65",371
"newGBQR","2026-06-27",2,"2026-07-11","Adults","quantile","0.7",371
"newGBQR","2026-06-27",2,"2026-07-11","Adults","quantile","0.75",372
"newGBQR","2026-06-27",2,"2026-07-11","Adults","quantile","0.8",375
"newGBQR","2026-06-27",2,"2026-07-11","Adults","quantile","0.85",385
"newGBQR","2026-06-27",2,"2026-07-11","Adults","quantile","0.9",421
"newGBQR","2026-06-27",2,"2026-07-11","Adults","quantile","0.95",483
"newGBQR","2026-06-27",2,"2026-07-11","Adults","quantile","0.975",510
"newGBQR","2026-06-27",2,"2026-07-11","Adults","quantile","0.99",543
"newGBQR","2026-06-27",3,"2026-07-18","Adults","quantile","0.01",158
"newGBQR","2026-06-27",3,"2026-07-18","Adults","quantile","0.025",192
"newGBQR","2026-06-27",3,"2026-07-18","Adults","quantile","0.05",194
"newGBQR","2026-06-27",3,"2026-07-18","Adults","quantile","0.1",218
"newGBQR","2026-06-27",3,"2026-07-18","Adults","quantile","0.15",247
"newGBQR","2026-06-27",3,"2026-07-18","Adults","quantile","0.2",264
"newGBQR","2026-06-27",3,"2026-07-18","Adults","quantile","0.25",278
"newGBQR","2026-06-27",3,"2026-07-18","Adults","quantile","0.3",291
"newGBQR","2026-06-27",3,"2026-07-18","Adults","quantile","0.35",292
"newGBQR","2026-06-27",3,"2026-07-18","Adults","quantile","0.4",302
"newGBQR","2026-06-27",3,"2026-07-18","Adults","quantile","0.45",314
"newGBQR","2026-06-27",3,"2026-07-18","Adults","quantile","0.5",335
"newGBQR","2026-06-27",3,"2026-07-18","Adults","quantile","0.55",348
"newGBQR","2026-06-27",3,"2026-07-18","Adults","quantile","0.6",359
"newGBQR","2026-06-27",3,"2026-07-18","Adults","quantile","0.65",359
"newGBQR","2026-06-27",3,"2026-07-18","Adults","quantile","0.7",362
"newGBQR","2026-06-27",3,"2026-07-18","Adults","quantile","0.75",365
"newGBQR","2026-06-27",3,"2026-07-18","Adults","quantile","0.8",366
"newGBQR","2026-06-27",3,"2026-07-18","Adults","quantile","0.85",386
"newGBQR","2026-06-27",3,"2026-07-18","Adults","quantile","0.9",418
"newGBQR","2026-06-27",3,"2026-07-18","Adults","quantile","0.95",481
"newGBQR","2026-06-27",3,"2026-07-18","Adults","quantile","0.975",509
"newGBQR","2026-06-27",3,"2026-07-18","Adults","quantile","0.99",542
"newGBQR","2026-06-27",-3,"2026-06-06","Overall","quantile","0.01",462
"newGBQR","2026-06-27",-3,"2026-06-06","Overall","quantile","0.025",568
"newGBQR","2026-06-27",-3,"2026-06-06","Overall","quantile","0.05",607
"newGBQR","2026-06-27",-3,"2026-06-06","Overall","quantile","0.1",666
"newGBQR","2026-06-27",-3,"2026-06-06","Overall","quantile","0.15",698
"newGBQR","2026-06-27",-3,"2026-06-06","Overall","quantile","0.2",721
"newGBQR","2026-06-27",-3,"2026-06-06","Overall","quantile","0.25",752
"newGBQR","2026-06-27",-3,"2026-06-06","Overall","quantile","0.3",766
"newGBQR","2026-06-27",-3,"2026-06-06","Overall","quantile","0.35",773
"newGBQR","2026-06-27",-3,"2026-06-06","Overall","quantile","0.4",785
"newGBQR","2026-06-27",-3,"2026-06-06","Overall","quantile","0.45",804
"newGBQR","2026-06-27",-3,"2026-06-06","Overall","quantile","0.5",804
"newGBQR","2026-06-27",-3,"2026-06-06","Overall","quantile","0.55",809
"newGBQR","2026-06-27",-3,"2026-06-06","Overall","quantile","0.6",811
"newGBQR","2026-06-27",-3,"2026-06-06","Overall","quantile","0.65",819
"newGBQR","2026-06-27",-3,"2026-06-06","Overall","quantile","0.7",830
"newGBQR","2026-06-27",-3,"2026-06-06","Overall","quantile","0.75",832
"newGBQR","2026-06-27",-3,"2026-06-06","Overall","quantile","0.8",862
"newGBQR","2026-06-27",-3,"2026-06-06","Overall","quantile","0.85",906
"newGBQR","2026-06-27",-3,"2026-06-06","Overall","quantile","0.9",942
"newGBQR","2026-06-27",-3,"2026-06-06","Overall","quantile","0.95",1028
"newGBQR","2026-06-27",-3,"2026-06-06","Overall","quantile","0.975",1090
"newGBQR","2026-06-27",-3,"2026-06-06","Overall","quantile","0.99",1155
"newGBQR","2026-06-27",-2,"2026-06-13","Overall","quantile","0.01",461
"newGBQR","2026-06-27",-2,"2026-06-13","Overall","quantile","0.025",564
"newGBQR","2026-06-27",-2,"2026-06-13","Overall","quantile","0.05",595
"newGBQR","2026-06-27",-2,"2026-06-13","Overall","quantile","0.1",651
"newGBQR","2026-06-27",-2,"2026-06-13","Overall","quantile","0.15",686
"newGBQR","2026-06-27",-2,"2026-06-13","Overall","quantile","0.2",716
"newGBQR","2026-06-27",-2,"2026-06-13","Overall","quantile","0.25",749
"newGBQR","2026-06-27",-2,"2026-06-13","Overall","quantile","0.3",770
"newGBQR","2026-06-27",-2,"2026-06-13","Overall","quantile","0.35",776
"newGBQR","2026-06-27",-2,"2026-06-13","Overall","quantile","0.4",798
"newGBQR","2026-06-27",-2,"2026-06-13","Overall","quantile","0.45",825
"newGBQR","2026-06-27",-2,"2026-06-13","Overall","quantile","0.5",827
"newGBQR","2026-06-27",-2,"2026-06-13","Overall","quantile","0.55",839
"newGBQR","2026-06-27",-2,"2026-06-13","Overall","quantile","0.6",841
"newGBQR","2026-06-27",-2,"2026-06-13","Overall","quantile","0.65",849
"newGBQR","2026-06-27",-2,"2026-06-13","Overall","quantile","0.7",858
"newGBQR","2026-06-27",-2,"2026-06-13","Overall","quantile","0.75",864
"newGBQR","2026-06-27",-2,"2026-06-13","Overall","quantile","0.8",889
"newGBQR","2026-06-27",-2,"2026-06-13","Overall","quantile","0.85",928
"newGBQR","2026-06-27",-2,"2026-06-13","Overall","quantile","0.9",986
"newGBQR","2026-06-27",-2,"2026-06-13","Overall","quantile","0.95",1070
"newGBQR","2026-06-27",-2,"2026-06-13","Overall","quantile","0.975",1109
"newGBQR","2026-06-27",-2,"2026-06-13","Overall","quantile","0.99",1172
"newGBQR","2026-06-27",-1,"2026-06-20","Overall","quantile","0.01",441
"newGBQR","2026-06-27",-1,"2026-06-20","Overall","quantile","0.025",536
"newGBQR","2026-06-27",-1,"2026-06-20","Overall","quantile","0.05",569
"newGBQR","2026-06-27",-1,"2026-06-20","Overall","quantile","0.1",613
"newGBQR","2026-06-27",-1,"2026-06-20","Overall","quantile","0.15",662
"newGBQR","2026-06-27",-1,"2026-06-20","Overall","quantile","0.2",707
"newGBQR","2026-06-27",-1,"2026-06-20","Overall","quantile","0.25",746
"newGBQR","2026-06-27",-1,"2026-06-20","Overall","quantile","0.3",767
"newGBQR","2026-06-27",-1,"2026-06-20","Overall","quantile","0.35",775
"newGBQR","2026-06-27",-1,"2026-06-20","Overall","quantile","0.4",799
"newGBQR","2026-06-27",-1,"2026-06-20","Overall","quantile","0.45",825
"newGBQR","2026-06-27",-1,"2026-06-20","Overall","quantile","0.5",846
"newGBQR","2026-06-27",-1,"2026-06-20","Overall","quantile","0.55",857
"newGBQR","2026-06-27",-1,"2026-06-20","Overall","quantile","0.6",857
"newGBQR","2026-06-27",-1,"2026-06-20","Overall","quantile","0.65",874
"newGBQR","2026-06-27",-1,"2026-06-20","Overall","quantile","0.7",880
"newGBQR","2026-06-27",-1,"2026-06-20","Overall","quantile","0.75",886
"newGBQR","2026-06-27",-1,"2026-06-20","Overall","quantile","0.8",889
"newGBQR","2026-06-27",-1,"2026-06-20","Overall","quantile","0.85",924
"newGBQR","2026-06-27",-1,"2026-06-20","Overall","quantile","0.9",982
"newGBQR","2026-06-27",-1,"2026-06-20","Overall","quantile","0.95",1072
"newGBQR","2026-06-27",-1,"2026-06-20","Overall","quantile","0.975",1118
"newGBQR","2026-06-27",-1,"2026-06-20","Overall","quantile","0.99",1172
"newGBQR","2026-06-27",0,"2026-06-27","Overall","quantile","0.01",425
"newGBQR","2026-06-27",0,"2026-06-27","Overall","quantile","0.025",527
"newGBQR","2026-06-27",0,"2026-06-27","Overall","quantile","0.05",555
"newGBQR","2026-06-27",0,"2026-06-27","Overall","quantile","0.1",610
"newGBQR","2026-06-27",0,"2026-06-27","Overall","quantile","0.15",654
"newGBQR","2026-06-27",0,"2026-06-27","Overall","quantile","0.2",707
"newGBQR","2026-06-27",0,"2026-06-27","Overall","quantile","0.25",750
"newGBQR","2026-06-27",0,"2026-06-27","Overall","quantile","0.3",768
"newGBQR","2026-06-27",0,"2026-06-27","Overall","quantile","0.35",775
"newGBQR","2026-06-27",0,"2026-06-27","Overall","quantile","0.4",791
"newGBQR","2026-06-27",0,"2026-06-27","Overall","quantile","0.45",819
"newGBQR","2026-06-27",0,"2026-06-27","Overall","quantile","0.5",850
"newGBQR","2026-06-27",0,"2026-06-27","Overall","quantile","0.55",850
"newGBQR","2026-06-27",0,"2026-06-27","Overall","quantile","0.6",854
"newGBQR","2026-06-27",0,"2026-06-27","Overall","quantile","0.65",866
"newGBQR","2026-06-27",0,"2026-06-27","Overall","quantile","0.7",866
"newGBQR","2026-06-27",0,"2026-06-27","Overall","quantile","0.75",870
"newGBQR","2026-06-27",0,"2026-06-27","Overall","quantile","0.8",880
"newGBQR","2026-06-27",0,"2026-06-27","Overall","quantile","0.85",919
"newGBQR","2026-06-27",0,"2026-06-27","Overall","quantile","0.9",969
"newGBQR","2026-06-27",0,"2026-06-27","Overall","quantile","0.95",1055
"newGBQR","2026-06-27",0,"2026-06-27","Overall","quantile","0.975",1109
"newGBQR","2026-06-27",0,"2026-06-27","Overall","quantile","0.99",1177
"newGBQR","2026-06-27",1,"2026-07-04","Overall","quantile","0.01",419
"newGBQR","2026-06-27",1,"2026-07-04","Overall","quantile","0.025",517
"newGBQR","2026-06-27",1,"2026-07-04","Overall","quantile","0.05",537
"newGBQR","2026-06-27",1,"2026-07-04","Overall","quantile","0.1",589
"newGBQR","2026-06-27",1,"2026-07-04","Overall","quantile","0.15",636
"newGBQR","2026-06-27",1,"2026-07-04","Overall","quantile","0.2",692
"newGBQR","2026-06-27",1,"2026-07-04","Overall","quantile","0.25",733
"newGBQR","2026-06-27",1,"2026-07-04","Overall","quantile","0.3",735
"newGBQR","2026-06-27",1,"2026-07-04","Overall","quantile","0.35",743
"newGBQR","2026-06-27",1,"2026-07-04","Overall","quantile","0.4",767
"newGBQR","2026-06-27",1,"2026-07-04","Overall","quantile","0.45",805
"newGBQR","2026-06-27",1,"2026-07-04","Overall","quantile","0.5",832
"newGBQR","2026-06-27",1,"2026-07-04","Overall","quantile","0.55",832
"newGBQR","2026-06-27",1,"2026-07-04","Overall","quantile","0.6",837
"newGBQR","2026-06-27",1,"2026-07-04","Overall","quantile","0.65",838
"newGBQR","2026-06-27",1,"2026-07-04","Overall","quantile","0.7",839
"newGBQR","2026-06-27",1,"2026-07-04","Overall","quantile","0.75",839
"newGBQR","2026-06-27",1,"2026-07-04","Overall","quantile","0.8",861
"newGBQR","2026-06-27",1,"2026-07-04","Overall","quantile","0.85",887
"newGBQR","2026-06-27",1,"2026-07-04","Overall","quantile","0.9",921
"newGBQR","2026-06-27",1,"2026-07-04","Overall","quantile","0.95",1044
"newGBQR","2026-06-27",1,"2026-07-04","Overall","quantile","0.975",1110
"newGBQR","2026-06-27",1,"2026-07-04","Overall","quantile","0.99",1175
"newGBQR","2026-06-27",2,"2026-07-11","Overall","quantile","0.01",414
"newGBQR","2026-06-27",2,"2026-07-11","Overall","quantile","0.025",508
"newGBQR","2026-06-27",2,"2026-07-11","Overall","quantile","0.05",527
"newGBQR","2026-06-27",2,"2026-07-11","Overall","quantile","0.1",576
"newGBQR","2026-06-27",2,"2026-07-11","Overall","quantile","0.15",621
"newGBQR","2026-06-27",2,"2026-07-11","Overall","quantile","0.2",681
"newGBQR","2026-06-27",2,"2026-07-11","Overall","quantile","0.25",710
"newGBQR","2026-06-27",2,"2026-07-11","Overall","quantile","0.3",724
"newGBQR","2026-06-27",2,"2026-07-11","Overall","quantile","0.35",725
"newGBQR","2026-06-27",2,"2026-07-11","Overall","quantile","0.4",752
"newGBQR","2026-06-27",2,"2026-07-11","Overall","quantile","0.45",780
"newGBQR","2026-06-27",2,"2026-07-11","Overall","quantile","0.5",803
"newGBQR","2026-06-27",2,"2026-07-11","Overall","quantile","0.55",805
"newGBQR","2026-06-27",2,"2026-07-11","Overall","quantile","0.6",818
"newGBQR","2026-06-27",2,"2026-07-11","Overall","quantile","0.65",818
"newGBQR","2026-06-27",2,"2026-07-11","Overall","quantile","0.7",822
"newGBQR","2026-06-27",2,"2026-07-11","Overall","quantile","0.75",835
"newGBQR","2026-06-27",2,"2026-07-11","Overall","quantile","0.8",841
"newGBQR","2026-06-27",2,"2026-07-11","Overall","quantile","0.85",869
"newGBQR","2026-06-27",2,"2026-07-11","Overall","quantile","0.9",912
"newGBQR","2026-06-27",2,"2026-07-11","Overall","quantile","0.95",1027
"newGBQR","2026-06-27",2,"2026-07-11","Overall","quantile","0.975",1106
"newGBQR","2026-06-27",2,"2026-07-11","Overall","quantile","0.99",1171
"newGBQR","2026-06-27",3,"2026-07-18","Overall","quantile","0.01",395
"newGBQR","2026-06-27",3,"2026-07-18","Overall","quantile","0.025",489
"newGBQR","2026-06-27",3,"2026-07-18","Overall","quantile","0.05",513
"newGBQR","2026-06-27",3,"2026-07-18","Overall","quantile","0.1",570
"newGBQR","2026-06-27",3,"2026-07-18","Overall","quantile","0.15",616
"newGBQR","2026-06-27",3,"2026-07-18","Overall","quantile","0.2",670
"newGBQR","2026-06-27",3,"2026-07-18","Overall","quantile","0.25",698
"newGBQR","2026-06-27",3,"2026-07-18","Overall","quantile","0.3",714
"newGBQR","2026-06-27",3,"2026-07-18","Overall","quantile","0.35",716
"newGBQR","2026-06-27",3,"2026-07-18","Overall","quantile","0.4",734
"newGBQR","2026-06-27",3,"2026-07-18","Overall","quantile","0.45",756
"newGBQR","2026-06-27",3,"2026-07-18","Overall","quantile","0.5",773
"newGBQR","2026-06-27",3,"2026-07-18","Overall","quantile","0.55",787
"newGBQR","2026-06-27",3,"2026-07-18","Overall","quantile","0.6",798
"newGBQR","2026-06-27",3,"2026-07-18","Overall","quantile","0.65",801
"newGBQR","2026-06-27",3,"2026-07-18","Overall","quantile","0.7",801
"newGBQR","2026-06-27",3,"2026-07-18","Overall","quantile","0.75",808
"newGBQR","2026-06-27",3,"2026-07-18","Overall","quantile","0.8",827
"newGBQR","2026-06-27",3,"2026-07-18","Overall","quantile","0.85",844
"newGBQR","2026-06-27",3,"2026-07-18","Overall","quantile","0.9",903
"newGBQR","2026-06-27",3,"2026-07-18","Overall","quantile","0.95",1018
"newGBQR","2026-06-27",3,"2026-07-18","Overall","quantile","0.975",1107
"newGBQR","2026-06-27",3,"2026-07-18","Overall","quantile","0.99",1168
"newGBQR","2026-06-27",-3,"2026-06-06","Pediatrics","quantile","0.01",261
"newGBQR","2026-06-27",-3,"2026-06-06","Pediatrics","quantile","0.025",319
"newGBQR","2026-06-27",-3,"2026-06-06","Pediatrics","quantile","0.05",344
"newGBQR","2026-06-27",-3,"2026-06-06","Pediatrics","quantile","0.1",376
"newGBQR","2026-06-27",-3,"2026-06-06","Pediatrics","quantile","0.15",395
"newGBQR","2026-06-27",-3,"2026-06-06","Pediatrics","quantile","0.2",406
"newGBQR","2026-06-27",-3,"2026-06-06","Pediatrics","quantile","0.25",424
"newGBQR","2026-06-27",-3,"2026-06-06","Pediatrics","quantile","0.3",437
"newGBQR","2026-06-27",-3,"2026-06-06","Pediatrics","quantile","0.35",449
"newGBQR","2026-06-27",-3,"2026-06-06","Pediatrics","quantile","0.4",460
"newGBQR","2026-06-27",-3,"2026-06-06","Pediatrics","quantile","0.45",466
"newGBQR","2026-06-27",-3,"2026-06-06","Pediatrics","quantile","0.5",475
"newGBQR","2026-06-27",-3,"2026-06-06","Pediatrics","quantile","0.55",483
"newGBQR","2026-06-27",-3,"2026-06-06","Pediatrics","quantile","0.6",487
"newGBQR","2026-06-27",-3,"2026-06-06","Pediatrics","quantile","0.65",493
"newGBQR","2026-06-27",-3,"2026-06-06","Pediatrics","quantile","0.7",505
"newGBQR","2026-06-27",-3,"2026-06-06","Pediatrics","quantile","0.75",508
"newGBQR","2026-06-27",-3,"2026-06-06","Pediatrics","quantile","0.8",518
"newGBQR","2026-06-27",-3,"2026-06-06","Pediatrics","quantile","0.85",539
"newGBQR","2026-06-27",-3,"2026-06-06","Pediatrics","quantile","0.9",555
"newGBQR","2026-06-27",-3,"2026-06-06","Pediatrics","quantile","0.95",613
"newGBQR","2026-06-27",-3,"2026-06-06","Pediatrics","quantile","0.975",642
"newGBQR","2026-06-27",-3,"2026-06-06","Pediatrics","quantile","0.99",694
"newGBQR","2026-06-27",-2,"2026-06-13","Pediatrics","quantile","0.01",261
"newGBQR","2026-06-27",-2,"2026-06-13","Pediatrics","quantile","0.025",317
"newGBQR","2026-06-27",-2,"2026-06-13","Pediatrics","quantile","0.05",338
"newGBQR","2026-06-27",-2,"2026-06-13","Pediatrics","quantile","0.1",371
"newGBQR","2026-06-27",-2,"2026-06-13","Pediatrics","quantile","0.15",389
"newGBQR","2026-06-27",-2,"2026-06-13","Pediatrics","quantile","0.2",403
"newGBQR","2026-06-27",-2,"2026-06-13","Pediatrics","quantile","0.25",424
"newGBQR","2026-06-27",-2,"2026-06-13","Pediatrics","quantile","0.3",441
"newGBQR","2026-06-27",-2,"2026-06-13","Pediatrics","quantile","0.35",454
"newGBQR","2026-06-27",-2,"2026-06-13","Pediatrics","quantile","0.4",474
"newGBQR","2026-06-27",-2,"2026-06-13","Pediatrics","quantile","0.45",480
"newGBQR","2026-06-27",-2,"2026-06-13","Pediatrics","quantile","0.5",500
"newGBQR","2026-06-27",-2,"2026-06-13","Pediatrics","quantile","0.55",518
"newGBQR","2026-06-27",-2,"2026-06-13","Pediatrics","quantile","0.6",527
"newGBQR","2026-06-27",-2,"2026-06-13","Pediatrics","quantile","0.65",533
"newGBQR","2026-06-27",-2,"2026-06-13","Pediatrics","quantile","0.7",541
"newGBQR","2026-06-27",-2,"2026-06-13","Pediatrics","quantile","0.75",544
"newGBQR","2026-06-27",-2,"2026-06-13","Pediatrics","quantile","0.8",554
"newGBQR","2026-06-27",-2,"2026-06-13","Pediatrics","quantile","0.85",574
"newGBQR","2026-06-27",-2,"2026-06-13","Pediatrics","quantile","0.9",594
"newGBQR","2026-06-27",-2,"2026-06-13","Pediatrics","quantile","0.95",639
"newGBQR","2026-06-27",-2,"2026-06-13","Pediatrics","quantile","0.975",650
"newGBQR","2026-06-27",-2,"2026-06-13","Pediatrics","quantile","0.99",699
"newGBQR","2026-06-27",-1,"2026-06-20","Pediatrics","quantile","0.01",253
"newGBQR","2026-06-27",-1,"2026-06-20","Pediatrics","quantile","0.025",306
"newGBQR","2026-06-27",-1,"2026-06-20","Pediatrics","quantile","0.05",332
"newGBQR","2026-06-27",-1,"2026-06-20","Pediatrics","quantile","0.1",362
"newGBQR","2026-06-27",-1,"2026-06-20","Pediatrics","quantile","0.15",384
"newGBQR","2026-06-27",-1,"2026-06-20","Pediatrics","quantile","0.2",402
"newGBQR","2026-06-27",-1,"2026-06-20","Pediatrics","quantile","0.25",422
"newGBQR","2026-06-27",-1,"2026-06-20","Pediatrics","quantile","0.3",443
"newGBQR","2026-06-27",-1,"2026-06-20","Pediatrics","quantile","0.35",457
"newGBQR","2026-06-27",-1,"2026-06-20","Pediatrics","quantile","0.4",481
"newGBQR","2026-06-27",-1,"2026-06-20","Pediatrics","quantile","0.45",494
"newGBQR","2026-06-27",-1,"2026-06-20","Pediatrics","quantile","0.5",525
"newGBQR","2026-06-27",-1,"2026-06-20","Pediatrics","quantile","0.55",548
"newGBQR","2026-06-27",-1,"2026-06-20","Pediatrics","quantile","0.6",559
"newGBQR","2026-06-27",-1,"2026-06-20","Pediatrics","quantile","0.65",563
"newGBQR","2026-06-27",-1,"2026-06-20","Pediatrics","quantile","0.7",568
"newGBQR","2026-06-27",-1,"2026-06-20","Pediatrics","quantile","0.75",578
"newGBQR","2026-06-27",-1,"2026-06-20","Pediatrics","quantile","0.8",583
"newGBQR","2026-06-27",-1,"2026-06-20","Pediatrics","quantile","0.85",584
"newGBQR","2026-06-27",-1,"2026-06-20","Pediatrics","quantile","0.9",604
"newGBQR","2026-06-27",-1,"2026-06-20","Pediatrics","quantile","0.95",645
"newGBQR","2026-06-27",-1,"2026-06-20","Pediatrics","quantile","0.975",661
"newGBQR","2026-06-27",-1,"2026-06-20","Pediatrics","quantile","0.99",702
"newGBQR","2026-06-27",0,"2026-06-27","Pediatrics","quantile","0.01",249
"newGBQR","2026-06-27",0,"2026-06-27","Pediatrics","quantile","0.025",299
"newGBQR","2026-06-27",0,"2026-06-27","Pediatrics","quantile","0.05",321
"newGBQR","2026-06-27",0,"2026-06-27","Pediatrics","quantile","0.1",353
"newGBQR","2026-06-27",0,"2026-06-27","Pediatrics","quantile","0.15",383
"newGBQR","2026-06-27",0,"2026-06-27","Pediatrics","quantile","0.2",402
"newGBQR","2026-06-27",0,"2026-06-27","Pediatrics","quantile","0.25",427
"newGBQR","2026-06-27",0,"2026-06-27","Pediatrics","quantile","0.3",442
"newGBQR","2026-06-27",0,"2026-06-27","Pediatrics","quantile","0.35",463
"newGBQR","2026-06-27",0,"2026-06-27","Pediatrics","quantile","0.4",491
"newGBQR","2026-06-27",0,"2026-06-27","Pediatrics","quantile","0.45",499
"newGBQR","2026-06-27",0,"2026-06-27","Pediatrics","quantile","0.5",525
"newGBQR","2026-06-27",0,"2026-06-27","Pediatrics","quantile","0.55",557
"newGBQR","2026-06-27",0,"2026-06-27","Pediatrics","quantile","0.6",567
"newGBQR","2026-06-27",0,"2026-06-27","Pediatrics","quantile","0.65",575
"newGBQR","2026-06-27",0,"2026-06-27","Pediatrics","quantile","0.7",593
"newGBQR","2026-06-27",0,"2026-06-27","Pediatrics","quantile","0.75",594
"newGBQR","2026-06-27",0,"2026-06-27","Pediatrics","quantile","0.8",596
"newGBQR","2026-06-27",0,"2026-06-27","Pediatrics","quantile","0.85",599
"newGBQR","2026-06-27",0,"2026-06-27","Pediatrics","quantile","0.9",621
"newGBQR","2026-06-27",0,"2026-06-27","Pediatrics","quantile","0.95",641
"newGBQR","2026-06-27",0,"2026-06-27","Pediatrics","quantile","0.975",656
"newGBQR","2026-06-27",0,"2026-06-27","Pediatrics","quantile","0.99",696
"newGBQR","2026-06-27",1,"2026-07-04","Pediatrics","quantile","0.01",240
"newGBQR","2026-06-27",1,"2026-07-04","Pediatrics","quantile","0.025",295
"newGBQR","2026-06-27",1,"2026-07-04","Pediatrics","quantile","0.05",315
"newGBQR","2026-06-27",1,"2026-07-04","Pediatrics","quantile","0.1",350
"newGBQR","2026-06-27",1,"2026-07-04","Pediatrics","quantile","0.15",376
"newGBQR","2026-06-27",1,"2026-07-04","Pediatrics","quantile","0.2",402
"newGBQR","2026-06-27",1,"2026-07-04","Pediatrics","quantile","0.25",424
"newGBQR","2026-06-27",1,"2026-07-04","Pediatrics","quantile","0.3",435
"newGBQR","2026-06-27",1,"2026-07-04","Pediatrics","quantile","0.35",456
"newGBQR","2026-06-27",1,"2026-07-04","Pediatrics","quantile","0.4",483
"newGBQR","2026-06-27",1,"2026-07-04","Pediatrics","quantile","0.45",496
"newGBQR","2026-06-27",1,"2026-07-04","Pediatrics","quantile","0.5",522
"newGBQR","2026-06-27",1,"2026-07-04","Pediatrics","quantile","0.55",556
"newGBQR","2026-06-27",1,"2026-07-04","Pediatrics","quantile","0.6",571
"newGBQR","2026-06-27",1,"2026-07-04","Pediatrics","quantile","0.65",582
"newGBQR","2026-06-27",1,"2026-07-04","Pediatrics","quantile","0.7",595
"newGBQR","2026-06-27",1,"2026-07-04","Pediatrics","quantile","0.75",601
"newGBQR","2026-06-27",1,"2026-07-04","Pediatrics","quantile","0.8",609
"newGBQR","2026-06-27",1,"2026-07-04","Pediatrics","quantile","0.85",616
"newGBQR","2026-06-27",1,"2026-07-04","Pediatrics","quantile","0.9",618
"newGBQR","2026-06-27",1,"2026-07-04","Pediatrics","quantile","0.95",643
"newGBQR","2026-06-27",1,"2026-07-04","Pediatrics","quantile","0.975",653
"newGBQR","2026-06-27",1,"2026-07-04","Pediatrics","quantile","0.99",692
"newGBQR","2026-06-27",2,"2026-07-11","Pediatrics","quantile","0.01",236
"newGBQR","2026-06-27",2,"2026-07-11","Pediatrics","quantile","0.025",289
"newGBQR","2026-06-27",2,"2026-07-11","Pediatrics","quantile","0.05",309
"newGBQR","2026-06-27",2,"2026-07-11","Pediatrics","quantile","0.1",342
"newGBQR","2026-06-27",2,"2026-07-11","Pediatrics","quantile","0.15",371
"newGBQR","2026-06-27",2,"2026-07-11","Pediatrics","quantile","0.2",395
"newGBQR","2026-06-27",2,"2026-07-11","Pediatrics","quantile","0.25",414
"newGBQR","2026-06-27",2,"2026-07-11","Pediatrics","quantile","0.3",423
"newGBQR","2026-06-27",2,"2026-07-11","Pediatrics","quantile","0.35",443
"newGBQR","2026-06-27",2,"2026-07-11","Pediatrics","quantile","0.4",476
"newGBQR","2026-06-27",2,"2026-07-11","Pediatrics","quantile","0.45",486
"newGBQR","2026-06-27",2,"2026-07-11","Pediatrics","quantile","0.5",514
"newGBQR","2026-06-27",2,"2026-07-11","Pediatrics","quantile","0.55",549
"newGBQR","2026-06-27",2,"2026-07-11","Pediatrics","quantile","0.6",565
"newGBQR","2026-06-27",2,"2026-07-11","Pediatrics","quantile","0.65",576
"newGBQR","2026-06-27",2,"2026-07-11","Pediatrics","quantile","0.7",597
"newGBQR","2026-06-27",2,"2026-07-11","Pediatrics","quantile","0.75",601
"newGBQR","2026-06-27",2,"2026-07-11","Pediatrics","quantile","0.8",604
"newGBQR","2026-06-27",2,"2026-07-11","Pediatrics","quantile","0.85",608
"newGBQR","2026-06-27",2,"2026-07-11","Pediatrics","quantile","0.9",624
"newGBQR","2026-06-27",2,"2026-07-11","Pediatrics","quantile","0.95",649
"newGBQR","2026-06-27",2,"2026-07-11","Pediatrics","quantile","0.975",658
"newGBQR","2026-06-27",2,"2026-07-11","Pediatrics","quantile","0.99",691
"newGBQR","2026-06-27",3,"2026-07-18","Pediatrics","quantile","0.01",231
"newGBQR","2026-06-27",3,"2026-07-18","Pediatrics","quantile","0.025",285
"newGBQR","2026-06-27",3,"2026-07-18","Pediatrics","quantile","0.05",300
"newGBQR","2026-06-27",3,"2026-07-18","Pediatrics","quantile","0.1",328
"newGBQR","2026-06-27",3,"2026-07-18","Pediatrics","quantile","0.15",358
"newGBQR","2026-06-27",3,"2026-07-18","Pediatrics","quantile","0.2",387
"newGBQR","2026-06-27",3,"2026-07-18","Pediatrics","quantile","0.25",407
"newGBQR","2026-06-27",3,"2026-07-18","Pediatrics","quantile","0.3",419
"newGBQR","2026-06-27",3,"2026-07-18","Pediatrics","quantile","0.35",442
"newGBQR","2026-06-27",3,"2026-07-18","Pediatrics","quantile","0.4",465
"newGBQR","2026-06-27",3,"2026-07-18","Pediatrics","quantile","0.45",472
"newGBQR","2026-06-27",3,"2026-07-18","Pediatrics","quantile","0.5",498
"newGBQR","2026-06-27",3,"2026-07-18","Pediatrics","quantile","0.55",520
"newGBQR","2026-06-27",3,"2026-07-18","Pediatrics","quantile","0.6",553
"newGBQR","2026-06-27",3,"2026-07-18","Pediatrics","quantile","0.65",564
"newGBQR","2026-06-27",3,"2026-07-18","Pediatrics","quantile","0.7",589
"newGBQR","2026-06-27",3,"2026-07-18","Pediatrics","quantile","0.75",594
"newGBQR","2026-06-27",3,"2026-07-18","Pediatrics","quantile","0.8",594
"newGBQR","2026-06-27",3,"2026-07-18","Pediatrics","quantile","0.85",595
"newGBQR","2026-06-27",3,"2026-07-18","Pediatrics","quantile","0.9",620
"newGBQR","2026-06-27",3,"2026-07-18","Pediatrics","quantile","0.95",643
"newGBQR","2026-06-27",3,"2026-07-18","Pediatrics","quantile","0.975",660
"newGBQR","2026-06-27",3,"2026-07-18","Pediatrics","quantile","0.99",685
"Ensemble","2026-06-27",-3,"2026-06-06","Adults","quantile","0.01",254
"Ensemble","2026-06-27",-3,"2026-06-06","Adults","quantile","0.025",275
"Ensemble","2026-06-27",-3,"2026-06-06","Adults","quantile","0.05",288
"Ensemble","2026-06-27",-3,"2026-06-06","Adults","quantile","0.1",295
"Ensemble","2026-06-27",-3,"2026-06-06","Adults","quantile","0.15",300
"Ensemble","2026-06-27",-3,"2026-06-06","Adults","quantile","0.2",311
"Ensemble","2026-06-27",-3,"2026-06-06","Adults","quantile","0.25",323
"Ensemble","2026-06-27",-3,"2026-06-06","Adults","quantile","0.3",337
"Ensemble","2026-06-27",-3,"2026-06-06","Adults","quantile","0.35",339
"Ensemble","2026-06-27",-3,"2026-06-06","Adults","quantile","0.4",352
"Ensemble","2026-06-27",-3,"2026-06-06","Adults","quantile","0.45",363
"Ensemble","2026-06-27",-3,"2026-06-06","Adults","quantile","0.5",367
"Ensemble","2026-06-27",-3,"2026-06-06","Adults","quantile","0.55",370
"Ensemble","2026-06-27",-3,"2026-06-06","Adults","quantile","0.6",372
"Ensemble","2026-06-27",-3,"2026-06-06","Adults","quantile","0.65",372
"Ensemble","2026-06-27",-3,"2026-06-06","Adults","quantile","0.7",382
"Ensemble","2026-06-27",-3,"2026-06-06","Adults","quantile","0.75",384
"Ensemble","2026-06-27",-3,"2026-06-06","Adults","quantile","0.8",389
"Ensemble","2026-06-27",-3,"2026-06-06","Adults","quantile","0.85",409
"Ensemble","2026-06-27",-3,"2026-06-06","Adults","quantile","0.9",436
"Ensemble","2026-06-27",-3,"2026-06-06","Adults","quantile","0.95",476
"Ensemble","2026-06-27",-3,"2026-06-06","Adults","quantile","0.975",509
"Ensemble","2026-06-27",-3,"2026-06-06","Adults","quantile","0.99",542
"Ensemble","2026-06-27",-3,"2026-06-06","Overall","quantile","0.01",628
"Ensemble","2026-06-27",-3,"2026-06-06","Overall","quantile","0.025",658
"Ensemble","2026-06-27",-3,"2026-06-06","Overall","quantile","0.05",673
"Ensemble","2026-06-27",-3,"2026-06-06","Overall","quantile","0.1",684
"Ensemble","2026-06-27",-3,"2026-06-06","Overall","quantile","0.15",698
"Ensemble","2026-06-27",-3,"2026-06-06","Overall","quantile","0.2",721
"Ensemble","2026-06-27",-3,"2026-06-06","Overall","quantile","0.25",752
"Ensemble","2026-06-27",-3,"2026-06-06","Overall","quantile","0.3",766
"Ensemble","2026-06-27",-3,"2026-06-06","Overall","quantile","0.35",773
"Ensemble","2026-06-27",-3,"2026-06-06","Overall","quantile","0.4",785
"Ensemble","2026-06-27",-3,"2026-06-06","Overall","quantile","0.45",804
"Ensemble","2026-06-27",-3,"2026-06-06","Overall","quantile","0.5",804
"Ensemble","2026-06-27",-3,"2026-06-06","Overall","quantile","0.55",809
"Ensemble","2026-06-27",-3,"2026-06-06","Overall","quantile","0.6",811
"Ensemble","2026-06-27",-3,"2026-06-06","Overall","quantile","0.65",819
"Ensemble","2026-06-27",-3,"2026-06-06","Overall","quantile","0.7",830
"Ensemble","2026-06-27",-3,"2026-06-06","Overall","quantile","0.75",832
"Ensemble","2026-06-27",-3,"2026-06-06","Overall","quantile","0.8",862
"Ensemble","2026-06-27",-3,"2026-06-06","Overall","quantile","0.85",906
"Ensemble","2026-06-27",-3,"2026-06-06","Overall","quantile","0.9",942
"Ensemble","2026-06-27",-3,"2026-06-06","Overall","quantile","0.95",1028
"Ensemble","2026-06-27",-3,"2026-06-06","Overall","quantile","0.975",1080
"Ensemble","2026-06-27",-3,"2026-06-06","Overall","quantile","0.99",1125
"Ensemble","2026-06-27",-3,"2026-06-06","Pediatrics","quantile","0.01",322
"Ensemble","2026-06-27",-3,"2026-06-06","Pediatrics","quantile","0.025",342
"Ensemble","2026-06-27",-3,"2026-06-06","Pediatrics","quantile","0.05",361
"Ensemble","2026-06-27",-3,"2026-06-06","Pediatrics","quantile","0.1",379
"Ensemble","2026-06-27",-3,"2026-06-06","Pediatrics","quantile","0.15",395
"Ensemble","2026-06-27",-3,"2026-06-06","Pediatrics","quantile","0.2",406
"Ensemble","2026-06-27",-3,"2026-06-06","Pediatrics","quantile","0.25",420
"Ensemble","2026-06-27",-3,"2026-06-06","Pediatrics","quantile","0.3",429
"Ensemble","2026-06-27",-3,"2026-06-06","Pediatrics","quantile","0.35",439
"Ensemble","2026-06-27",-3,"2026-06-06","Pediatrics","quantile","0.4",449
"Ensemble","2026-06-27",-3,"2026-06-06","Pediatrics","quantile","0.45",458
"Ensemble","2026-06-27",-3,"2026-06-06","Pediatrics","quantile","0.5",467
"Ensemble","2026-06-27",-3,"2026-06-06","Pediatrics","quantile","0.55",478
"Ensemble","2026-06-27",-3,"2026-06-06","Pediatrics","quantile","0.6",487
"Ensemble","2026-06-27",-3,"2026-06-06","Pediatrics","quantile","0.65",493
"Ensemble","2026-06-27",-3,"2026-06-06","Pediatrics","quantile","0.7",505
"Ensemble","2026-06-27",-3,"2026-06-06","Pediatrics","quantile","0.75",508
"Ensemble","2026-06-27",-3,"2026-06-06","Pediatrics","quantile","0.8",518
"Ensemble","2026-06-27",-3,"2026-06-06","Pediatrics","quantile","0.85",539
"Ensemble","2026-06-27",-3,"2026-06-06","Pediatrics","quantile","0.9",555
"Ensemble","2026-06-27",-3,"2026-06-06","Pediatrics","quantile","0.95",607
"Ensemble","2026-06-27",-3,"2026-06-06","Pediatrics","quantile","0.975",639
"Ensemble","2026-06-27",-3,"2026-06-06","Pediatrics","quantile","0.99",676
"Ensemble","2026-06-27",-2,"2026-06-13","Adults","quantile","0.01",254
"Ensemble","2026-06-27",-2,"2026-06-13","Adults","quantile","0.025",276
"Ensemble","2026-06-27",-2,"2026-06-13","Adults","quantile","0.05",283
"Ensemble","2026-06-27",-2,"2026-06-13","Adults","quantile","0.1",293
"Ensemble","2026-06-27",-2,"2026-06-13","Adults","quantile","0.15",298
"Ensemble","2026-06-27",-2,"2026-06-13","Adults","quantile","0.2",307
"Ensemble","2026-06-27",-2,"2026-06-13","Adults","quantile","0.25",321
"Ensemble","2026-06-27",-2,"2026-06-13","Adults","quantile","0.3",337
"Ensemble","2026-06-27",-2,"2026-06-13","Adults","quantile","0.35",340
"Ensemble","2026-06-27",-2,"2026-06-13","Adults","quantile","0.4",357
"Ensemble","2026-06-27",-2,"2026-06-13","Adults","quantile","0.45",371
"Ensemble","2026-06-27",-2,"2026-06-13","Adults","quantile","0.5",374
"Ensemble","2026-06-27",-2,"2026-06-13","Adults","quantile","0.55",381
"Ensemble","2026-06-27",-2,"2026-06-13","Adults","quantile","0.6",382
"Ensemble","2026-06-27",-2,"2026-06-13","Adults","quantile","0.65",392
"Ensemble","2026-06-27",-2,"2026-06-13","Adults","quantile","0.7",393
"Ensemble","2026-06-27",-2,"2026-06-13","Adults","quantile","0.75",397
"Ensemble","2026-06-27",-2,"2026-06-13","Adults","quantile","0.8",399
"Ensemble","2026-06-27",-2,"2026-06-13","Adults","quantile","0.85",417
"Ensemble","2026-06-27",-2,"2026-06-13","Adults","quantile","0.9",450
"Ensemble","2026-06-27",-2,"2026-06-13","Adults","quantile","0.95",500
"Ensemble","2026-06-27",-2,"2026-06-13","Adults","quantile","0.975",519
"Ensemble","2026-06-27",-2,"2026-06-13","Adults","quantile","0.99",546
"Ensemble","2026-06-27",-2,"2026-06-13","Overall","quantile","0.01",622
"Ensemble","2026-06-27",-2,"2026-06-13","Overall","quantile","0.025",638
"Ensemble","2026-06-27",-2,"2026-06-13","Overall","quantile","0.05",652
"Ensemble","2026-06-27",-2,"2026-06-13","Overall","quantile","0.1",668
"Ensemble","2026-06-27",-2,"2026-06-13","Overall","quantile","0.15",686
"Ensemble","2026-06-27",-2,"2026-06-13","Overall","quantile","0.2",716
"Ensemble","2026-06-27",-2,"2026-06-13","Overall","quantile","0.25",749
"Ensemble","2026-06-27",-2,"2026-06-13","Overall","quantile","0.3",770
"Ensemble","2026-06-27",-2,"2026-06-13","Overall","quantile","0.35",776
"Ensemble","2026-06-27",-2,"2026-06-13","Overall","quantile","0.4",798
"Ensemble","2026-06-27",-2,"2026-06-13","Overall","quantile","0.45",825
"Ensemble","2026-06-27",-2,"2026-06-13","Overall","quantile","0.5",827
"Ensemble","2026-06-27",-2,"2026-06-13","Overall","quantile","0.55",839
"Ensemble","2026-06-27",-2,"2026-06-13","Overall","quantile","0.6",841
"Ensemble","2026-06-27",-2,"2026-06-13","Overall","quantile","0.65",849
"Ensemble","2026-06-27",-2,"2026-06-13","Overall","quantile","0.7",858
"Ensemble","2026-06-27",-2,"2026-06-13","Overall","quantile","0.75",864
"Ensemble","2026-06-27",-2,"2026-06-13","Overall","quantile","0.8",889
"Ensemble","2026-06-27",-2,"2026-06-13","Overall","quantile","0.85",928
"Ensemble","2026-06-27",-2,"2026-06-13","Overall","quantile","0.9",986
"Ensemble","2026-06-27",-2,"2026-06-13","Overall","quantile","0.95",1070
"Ensemble","2026-06-27",-2,"2026-06-13","Overall","quantile","0.975",1109
"Ensemble","2026-06-27",-2,"2026-06-13","Overall","quantile","0.99",1172
"Ensemble","2026-06-27",-2,"2026-06-13","Pediatrics","quantile","0.01",320
"Ensemble","2026-06-27",-2,"2026-06-13","Pediatrics","quantile","0.025",343
"Ensemble","2026-06-27",-2,"2026-06-13","Pediatrics","quantile","0.05",361
"Ensemble","2026-06-27",-2,"2026-06-13","Pediatrics","quantile","0.1",372
"Ensemble","2026-06-27",-2,"2026-06-13","Pediatrics","quantile","0.15",389
"Ensemble","2026-06-27",-2,"2026-06-13","Pediatrics","quantile","0.2",403
"Ensemble","2026-06-27",-2,"2026-06-13","Pediatrics","quantile","0.25",424
"Ensemble","2026-06-27",-2,"2026-06-13","Pediatrics","quantile","0.3",441
"Ensemble","2026-06-27",-2,"2026-06-13","Pediatrics","quantile","0.35",454
"Ensemble","2026-06-27",-2,"2026-06-13","Pediatrics","quantile","0.4",474
"Ensemble","2026-06-27",-2,"2026-06-13","Pediatrics","quantile","0.45",480
"Ensemble","2026-06-27",-2,"2026-06-13","Pediatrics","quantile","0.5",500
"Ensemble","2026-06-27",-2,"2026-06-13","Pediatrics","quantile","0.55",518
"Ensemble","2026-06-27",-2,"2026-06-13","Pediatrics","quantile","0.6",527
"Ensemble","2026-06-27",-2,"2026-06-13","Pediatrics","quantile","0.65",533
"Ensemble","2026-06-27",-2,"2026-06-13","Pediatrics","quantile","0.7",541
"Ensemble","2026-06-27",-2,"2026-06-13","Pediatrics","quantile","0.75",544
"Ensemble","2026-06-27",-2,"2026-06-13","Pediatrics","quantile","0.8",554
"Ensemble","2026-06-27",-2,"2026-06-13","Pediatrics","quantile","0.85",574
"Ensemble","2026-06-27",-2,"2026-06-13","Pediatrics","quantile","0.9",594
"Ensemble","2026-06-27",-2,"2026-06-13","Pediatrics","quantile","0.95",639
"Ensemble","2026-06-27",-2,"2026-06-13","Pediatrics","quantile","0.975",650
"Ensemble","2026-06-27",-2,"2026-06-13","Pediatrics","quantile","0.99",699
"Ensemble","2026-06-27",-1,"2026-06-20","Adults","quantile","0.01",231
"Ensemble","2026-06-27",-1,"2026-06-20","Adults","quantile","0.025",251
"Ensemble","2026-06-27",-1,"2026-06-20","Adults","quantile","0.05",274
"Ensemble","2026-06-27",-1,"2026-06-20","Adults","quantile","0.1",285
"Ensemble","2026-06-27",-1,"2026-06-20","Adults","quantile","0.15",293
"Ensemble","2026-06-27",-1,"2026-06-20","Adults","quantile","0.2",298
"Ensemble","2026-06-27",-1,"2026-06-20","Adults","quantile","0.25",314
"Ensemble","2026-06-27",-1,"2026-06-20","Adults","quantile","0.3",334
"Ensemble","2026-06-27",-1,"2026-06-20","Adults","quantile","0.35",334
"Ensemble","2026-06-27",-1,"2026-06-20","Adults","quantile","0.4",356
"Ensemble","2026-06-27",-1,"2026-06-20","Adults","quantile","0.45",368
"Ensemble","2026-06-27",-1,"2026-06-20","Adults","quantile","0.5",378
"Ensemble","2026-06-27",-1,"2026-06-20","Adults","quantile","0.55",380
"Ensemble","2026-06-27",-1,"2026-06-20","Adults","quantile","0.6",390
"Ensemble","2026-06-27",-1,"2026-06-20","Adults","quantile","0.65",395
"Ensemble","2026-06-27",-1,"2026-06-20","Adults","quantile","0.7",396
"Ensemble","2026-06-27",-1,"2026-06-20","Adults","quantile","0.75",396
"Ensemble","2026-06-27",-1,"2026-06-20","Adults","quantile","0.8",399
"Ensemble","2026-06-27",-1,"2026-06-20","Adults","quantile","0.85",414
"Ensemble","2026-06-27",-1,"2026-06-20","Adults","quantile","0.9",447
"Ensemble","2026-06-27",-1,"2026-06-20","Adults","quantile","0.95",500
"Ensemble","2026-06-27",-1,"2026-06-20","Adults","quantile","0.975",523
"Ensemble","2026-06-27",-1,"2026-06-20","Adults","quantile","0.99",542
"Ensemble","2026-06-27",-1,"2026-06-20","Overall","quantile","0.01",574
"Ensemble","2026-06-27",-1,"2026-06-20","Overall","quantile","0.025",626
"Ensemble","2026-06-27",-1,"2026-06-20","Overall","quantile","0.05",640
"Ensemble","2026-06-27",-1,"2026-06-20","Overall","quantile","0.1",655
"Ensemble","2026-06-27",-1,"2026-06-20","Overall","quantile","0.15",671
"Ensemble","2026-06-27",-1,"2026-06-20","Overall","quantile","0.2",707
"Ensemble","2026-06-27",-1,"2026-06-20","Overall","quantile","0.25",746
"Ensemble","2026-06-27",-1,"2026-06-20","Overall","quantile","0.3",767
"Ensemble","2026-06-27",-1,"2026-06-20","Overall","quantile","0.35",775
"Ensemble","2026-06-27",-1,"2026-06-20","Overall","quantile","0.4",799
"Ensemble","2026-06-27",-1,"2026-06-20","Overall","quantile","0.45",825
"Ensemble","2026-06-27",-1,"2026-06-20","Overall","quantile","0.5",846
"Ensemble","2026-06-27",-1,"2026-06-20","Overall","quantile","0.55",857
"Ensemble","2026-06-27",-1,"2026-06-20","Overall","quantile","0.6",857
"Ensemble","2026-06-27",-1,"2026-06-20","Overall","quantile","0.65",874
"Ensemble","2026-06-27",-1,"2026-06-20","Overall","quantile","0.7",880
"Ensemble","2026-06-27",-1,"2026-06-20","Overall","quantile","0.75",886
"Ensemble","2026-06-27",-1,"2026-06-20","Overall","quantile","0.8",889
"Ensemble","2026-06-27",-1,"2026-06-20","Overall","quantile","0.85",924
"Ensemble","2026-06-27",-1,"2026-06-20","Overall","quantile","0.9",982
"Ensemble","2026-06-27",-1,"2026-06-20","Overall","quantile","0.95",1072
"Ensemble","2026-06-27",-1,"2026-06-20","Overall","quantile","0.975",1118
"Ensemble","2026-06-27",-1,"2026-06-20","Overall","quantile","0.99",1172
"Ensemble","2026-06-27",-1,"2026-06-20","Pediatrics","quantile","0.01",286
"Ensemble","2026-06-27",-1,"2026-06-20","Pediatrics","quantile","0.025",314
"Ensemble","2026-06-27",-1,"2026-06-20","Pediatrics","quantile","0.05",338
"Ensemble","2026-06-27",-1,"2026-06-20","Pediatrics","quantile","0.1",366
"Ensemble","2026-06-27",-1,"2026-06-20","Pediatrics","quantile","0.15",384
"Ensemble","2026-06-27",-1,"2026-06-20","Pediatrics","quantile","0.2",402
"Ensemble","2026-06-27",-1,"2026-06-20","Pediatrics","quantile","0.25",422
"Ensemble","2026-06-27",-1,"2026-06-20","Pediatrics","quantile","0.3",443
"Ensemble","2026-06-27",-1,"2026-06-20","Pediatrics","quantile","0.35",457
"Ensemble","2026-06-27",-1,"2026-06-20","Pediatrics","quantile","0.4",481
"Ensemble","2026-06-27",-1,"2026-06-20","Pediatrics","quantile","0.45",494
"Ensemble","2026-06-27",-1,"2026-06-20","Pediatrics","quantile","0.5",524
"Ensemble","2026-06-27",-1,"2026-06-20","Pediatrics","quantile","0.55",542
"Ensemble","2026-06-27",-1,"2026-06-20","Pediatrics","quantile","0.6",559
"Ensemble","2026-06-27",-1,"2026-06-20","Pediatrics","quantile","0.65",563
"Ensemble","2026-06-27",-1,"2026-06-20","Pediatrics","quantile","0.7",568
"Ensemble","2026-06-27",-1,"2026-06-20","Pediatrics","quantile","0.75",578
"Ensemble","2026-06-27",-1,"2026-06-20","Pediatrics","quantile","0.8",583
"Ensemble","2026-06-27",-1,"2026-06-20","Pediatrics","quantile","0.85",584
"Ensemble","2026-06-27",-1,"2026-06-20","Pediatrics","quantile","0.9",604
"Ensemble","2026-06-27",-1,"2026-06-20","Pediatrics","quantile","0.95",645
"Ensemble","2026-06-27",-1,"2026-06-20","Pediatrics","quantile","0.975",661
"Ensemble","2026-06-27",-1,"2026-06-20","Pediatrics","quantile","0.99",702
"Ensemble","2026-06-27",0,"2026-06-27","Adults","quantile","0.01",205
"Ensemble","2026-06-27",0,"2026-06-27","Adults","quantile","0.025",233
"Ensemble","2026-06-27",0,"2026-06-27","Adults","quantile","0.05",254
"Ensemble","2026-06-27",0,"2026-06-27","Adults","quantile","0.1",281
"Ensemble","2026-06-27",0,"2026-06-27","Adults","quantile","0.15",287
"Ensemble","2026-06-27",0,"2026-06-27","Adults","quantile","0.2",294
"Ensemble","2026-06-27",0,"2026-06-27","Adults","quantile","0.25",313
"Ensemble","2026-06-27",0,"2026-06-27","Adults","quantile","0.3",328
"Ensemble","2026-06-27",0,"2026-06-27","Adults","quantile","0.35",336
"Ensemble","2026-06-27",0,"2026-06-27","Adults","quantile","0.4",352
"Ensemble","2026-06-27",0,"2026-06-27","Adults","quantile","0.45",370
"Ensemble","2026-06-27",0,"2026-06-27","Adults","quantile","0.5",377
"Ensemble","2026-06-27",0,"2026-06-27","Adults","quantile","0.55",386
"Ensemble","2026-06-27",0,"2026-06-27","Adults","quantile","0.6",388
"Ensemble","2026-06-27",0,"2026-06-27","Adults","quantile","0.65",390
"Ensemble","2026-06-27",0,"2026-06-27","Adults","quantile","0.7",390
"Ensemble","2026-06-27",0,"2026-06-27","Adults","quantile","0.75",398
"Ensemble","2026-06-27",0,"2026-06-27","Adults","quantile","0.8",401
"Ensemble","2026-06-27",0,"2026-06-27","Adults","quantile","0.85",409
"Ensemble","2026-06-27",0,"2026-06-27","Adults","quantile","0.9",448
"Ensemble","2026-06-27",0,"2026-06-27","Adults","quantile","0.95",495
"Ensemble","2026-06-27",0,"2026-06-27","Adults","quantile","0.975",519
"Ensemble","2026-06-27",0,"2026-06-27","Adults","quantile","0.99",545
"Ensemble","2026-06-27",0,"2026-06-27","Overall","quantile","0.01",530
"Ensemble","2026-06-27",0,"2026-06-27","Overall","quantile","0.025",576
"Ensemble","2026-06-27",0,"2026-06-27","Overall","quantile","0.05",619
"Ensemble","2026-06-27",0,"2026-06-27","Overall","quantile","0.1",645
"Ensemble","2026-06-27",0,"2026-06-27","Overall","quantile","0.15",661
"Ensemble","2026-06-27",0,"2026-06-27","Overall","quantile","0.2",707
"Ensemble","2026-06-27",0,"2026-06-27","Overall","quantile","0.25",750
"Ensemble","2026-06-27",0,"2026-06-27","Overall","quantile","0.3",768
"Ensemble","2026-06-27",0,"2026-06-27","Overall","quantile","0.35",775
"Ensemble","2026-06-27",0,"2026-06-27","Overall","quantile","0.4",791
"Ensemble","2026-06-27",0,"2026-06-27","Overall","quantile","0.45",819
"Ensemble","2026-06-27",0,"2026-06-27","Overall","quantile","0.5",850
"Ensemble","2026-06-27",0,"2026-06-27","Overall","quantile","0.55",850
"Ensemble","2026-06-27",0,"2026-06-27","Overall","quantile","0.6",854
"Ensemble","2026-06-27",0,"2026-06-27","Overall","quantile","0.65",866
"Ensemble","2026-06-27",0,"2026-06-27","Overall","quantile","0.7",866
"Ensemble","2026-06-27",0,"2026-06-27","Overall","quantile","0.75",870
"Ensemble","2026-06-27",0,"2026-06-27","Overall","quantile","0.8",880
"Ensemble","2026-06-27",0,"2026-06-27","Overall","quantile","0.85",919
"Ensemble","2026-06-27",0,"2026-06-27","Overall","quantile","0.9",969
"Ensemble","2026-06-27",0,"2026-06-27","Overall","quantile","0.95",1055
"Ensemble","2026-06-27",0,"2026-06-27","Overall","quantile","0.975",1109
"Ensemble","2026-06-27",0,"2026-06-27","Overall","quantile","0.99",1177
"Ensemble","2026-06-27",0,"2026-06-27","Pediatrics","quantile","0.01",251
"Ensemble","2026-06-27",0,"2026-06-27","Pediatrics","quantile","0.025",299
"Ensemble","2026-06-27",0,"2026-06-27","Pediatrics","quantile","0.05",321
"Ensemble","2026-06-27",0,"2026-06-27","Pediatrics","quantile","0.1",353
"Ensemble","2026-06-27",0,"2026-06-27","Pediatrics","quantile","0.15",372
"Ensemble","2026-06-27",0,"2026-06-27","Pediatrics","quantile","0.2",397
"Ensemble","2026-06-27",0,"2026-06-27","Pediatrics","quantile","0.25",418
"Ensemble","2026-06-27",0,"2026-06-27","Pediatrics","quantile","0.3",438
"Ensemble","2026-06-27",0,"2026-06-27","Pediatrics","quantile","0.35",457
"Ensemble","2026-06-27",0,"2026-06-27","Pediatrics","quantile","0.4",473
"Ensemble","2026-06-27",0,"2026-06-27","Pediatrics","quantile","0.45",492
"Ensemble","2026-06-27",0,"2026-06-27","Pediatrics","quantile","0.5",510
"Ensemble","2026-06-27",0,"2026-06-27","Pediatrics","quantile","0.55",529
"Ensemble","2026-06-27",0,"2026-06-27","Pediatrics","quantile","0.6",551
"Ensemble","2026-06-27",0,"2026-06-27","Pediatrics","quantile","0.65",571
"Ensemble","2026-06-27",0,"2026-06-27","Pediatrics","quantile","0.7",593
"Ensemble","2026-06-27",0,"2026-06-27","Pediatrics","quantile","0.75",594
"Ensemble","2026-06-27",0,"2026-06-27","Pediatrics","quantile","0.8",596
"Ensemble","2026-06-27",0,"2026-06-27","Pediatrics","quantile","0.85",599
"Ensemble","2026-06-27",0,"2026-06-27","Pediatrics","quantile","0.9",621
"Ensemble","2026-06-27",0,"2026-06-27","Pediatrics","quantile","0.95",641
"Ensemble","2026-06-27",0,"2026-06-27","Pediatrics","quantile","0.975",656
"Ensemble","2026-06-27",0,"2026-06-27","Pediatrics","quantile","0.99",696
"Ensemble","2026-06-27",1,"2026-07-04","Adults","quantile","0.01",195
"Ensemble","2026-06-27",1,"2026-07-04","Adults","quantile","0.025",214
"Ensemble","2026-06-27",1,"2026-07-04","Adults","quantile","0.05",238
"Ensemble","2026-06-27",1,"2026-07-04","Adults","quantile","0.1",266
"Ensemble","2026-06-27",1,"2026-07-04","Adults","quantile","0.15",282
"Ensemble","2026-06-27",1,"2026-07-04","Adults","quantile","0.2",288
"Ensemble","2026-06-27",1,"2026-07-04","Adults","quantile","0.25",300
"Ensemble","2026-06-27",1,"2026-07-04","Adults","quantile","0.3",307
"Ensemble","2026-06-27",1,"2026-07-04","Adults","quantile","0.35",309
"Ensemble","2026-06-27",1,"2026-07-04","Adults","quantile","0.4",321
"Ensemble","2026-06-27",1,"2026-07-04","Adults","quantile","0.45",343
"Ensemble","2026-06-27",1,"2026-07-04","Adults","quantile","0.5",361
"Ensemble","2026-06-27",1,"2026-07-04","Adults","quantile","0.55",376
"Ensemble","2026-06-27",1,"2026-07-04","Adults","quantile","0.6",380
"Ensemble","2026-06-27",1,"2026-07-04","Adults","quantile","0.65",381
"Ensemble","2026-06-27",1,"2026-07-04","Adults","quantile","0.7",382
"Ensemble","2026-06-27",1,"2026-07-04","Adults","quantile","0.75",383
"Ensemble","2026-06-27",1,"2026-07-04","Adults","quantile","0.8",388
"Ensemble","2026-06-27",1,"2026-07-04","Adults","quantile","0.85",403
"Ensemble","2026-06-27",1,"2026-07-04","Adults","quantile","0.9",427
"Ensemble","2026-06-27",1,"2026-07-04","Adults","quantile","0.95",488
"Ensemble","2026-06-27",1,"2026-07-04","Adults","quantile","0.975",512
"Ensemble","2026-06-27",1,"2026-07-04","Adults","quantile","0.99",545
"Ensemble","2026-06-27",1,"2026-07-04","Overall","quantile","0.01",495
"Ensemble","2026-06-27",1,"2026-07-04","Overall","quantile","0.025",545
"Ensemble","2026-06-27",1,"2026-07-04","Overall","quantile","0.05",590
"Ensemble","2026-06-27",1,"2026-07-04","Overall","quantile","0.1",626
"Ensemble","2026-06-27",1,"2026-07-04","Overall","quantile","0.15",649
"Ensemble","2026-06-27",1,"2026-07-04","Overall","quantile","0.2",692
"Ensemble","2026-06-27",1,"2026-07-04","Overall","quantile","0.25",733
"Ensemble","2026-06-27",1,"2026-07-04","Overall","quantile","0.3",735
"Ensemble","2026-06-27",1,"2026-07-04","Overall","quantile","0.35",743
"Ensemble","2026-06-27",1,"2026-07-04","Overall","quantile","0.4",767
"Ensemble","2026-06-27",1,"2026-07-04","Overall","quantile","0.45",805
"Ensemble","2026-06-27",1,"2026-07-04","Overall","quantile","0.5",832
"Ensemble","2026-06-27",1,"2026-07-04","Overall","quantile","0.55",832
"Ensemble","2026-06-27",1,"2026-07-04","Overall","quantile","0.6",837
"Ensemble","2026-06-27",1,"2026-07-04","Overall","quantile","0.65",838
"Ensemble","2026-06-27",1,"2026-07-04","Overall","quantile","0.7",839
"Ensemble","2026-06-27",1,"2026-07-04","Overall","quantile","0.75",849
"Ensemble","2026-06-27",1,"2026-07-04","Overall","quantile","0.8",886
"Ensemble","2026-06-27",1,"2026-07-04","Overall","quantile","0.85",919
"Ensemble","2026-06-27",1,"2026-07-04","Overall","quantile","0.9",960
"Ensemble","2026-06-27",1,"2026-07-04","Overall","quantile","0.95",1044
"Ensemble","2026-06-27",1,"2026-07-04","Overall","quantile","0.975",1110
"Ensemble","2026-06-27",1,"2026-07-04","Overall","quantile","0.99",1175
"Ensemble","2026-06-27",1,"2026-07-04","Pediatrics","quantile","0.01",240
"Ensemble","2026-06-27",1,"2026-07-04","Pediatrics","quantile","0.025",295
"Ensemble","2026-06-27",1,"2026-07-04","Pediatrics","quantile","0.05",315
"Ensemble","2026-06-27",1,"2026-07-04","Pediatrics","quantile","0.1",350
"Ensemble","2026-06-27",1,"2026-07-04","Pediatrics","quantile","0.15",363
"Ensemble","2026-06-27",1,"2026-07-04","Pediatrics","quantile","0.2",376
"Ensemble","2026-06-27",1,"2026-07-04","Pediatrics","quantile","0.25",397
"Ensemble","2026-06-27",1,"2026-07-04","Pediatrics","quantile","0.3",418
"Ensemble","2026-06-27",1,"2026-07-04","Pediatrics","quantile","0.35",438
"Ensemble","2026-06-27",1,"2026-07-04","Pediatrics","quantile","0.4",456
"Ensemble","2026-06-27",1,"2026-07-04","Pediatrics","quantile","0.45",475
"Ensemble","2026-06-27",1,"2026-07-04","Pediatrics","quantile","0.5",493
"Ensemble","2026-06-27",1,"2026-07-04","Pediatrics","quantile","0.55",513
"Ensemble","2026-06-27",1,"2026-07-04","Pediatrics","quantile","0.6",537
"Ensemble","2026-06-27",1,"2026-07-04","Pediatrics","quantile","0.65",559
"Ensemble","2026-06-27",1,"2026-07-04","Pediatrics","quantile","0.7",587
"Ensemble","2026-06-27",1,"2026-07-04","Pediatrics","quantile","0.75",601
"Ensemble","2026-06-27",1,"2026-07-04","Pediatrics","quantile","0.8",609
"Ensemble","2026-06-27",1,"2026-07-04","Pediatrics","quantile","0.85",616
"Ensemble","2026-06-27",1,"2026-07-04","Pediatrics","quantile","0.9",618
"Ensemble","2026-06-27",1,"2026-07-04","Pediatrics","quantile","0.95",643
"Ensemble","2026-06-27",1,"2026-07-04","Pediatrics","quantile","0.975",653
"Ensemble","2026-06-27",1,"2026-07-04","Pediatrics","quantile","0.99",692
"Ensemble","2026-06-27",2,"2026-07-11","Adults","quantile","0.01",176
"Ensemble","2026-06-27",2,"2026-07-11","Adults","quantile","0.025",210
"Ensemble","2026-06-27",2,"2026-07-11","Adults","quantile","0.05",219
"Ensemble","2026-06-27",2,"2026-07-11","Adults","quantile","0.1",248
"Ensemble","2026-06-27",2,"2026-07-11","Adults","quantile","0.15",271
"Ensemble","2026-06-27",2,"2026-07-11","Adults","quantile","0.2",282
"Ensemble","2026-06-27",2,"2026-07-11","Adults","quantile","0.25",289
"Ensemble","2026-06-27",2,"2026-07-11","Adults","quantile","0.3",296
"Ensemble","2026-06-27",2,"2026-07-11","Adults","quantile","0.35",303
"Ensemble","2026-06-27",2,"2026-07-11","Adults","quantile","0.4",312
"Ensemble","2026-06-27",2,"2026-07-11","Adults","quantile","0.45",325
"Ensemble","2026-06-27",2,"2026-07-11","Adults","quantile","0.5",349
"Ensemble","2026-06-27",2,"2026-07-11","Adults","quantile","0.55",358
"Ensemble","2026-06-27",2,"2026-07-11","Adults","quantile","0.6",366
"Ensemble","2026-06-27",2,"2026-07-11","Adults","quantile","0.65",371
"Ensemble","2026-06-27",2,"2026-07-11","Adults","quantile","0.7",371
"Ensemble","2026-06-27",2,"2026-07-11","Adults","quantile","0.75",381
"Ensemble","2026-06-27",2,"2026-07-11","Adults","quantile","0.8",397
"Ensemble","2026-06-27",2,"2026-07-11","Adults","quantile","0.85",412
"Ensemble","2026-06-27",2,"2026-07-11","Adults","quantile","0.9",433
"Ensemble","2026-06-27",2,"2026-07-11","Adults","quantile","0.95",483
"Ensemble","2026-06-27",2,"2026-07-11","Adults","quantile","0.975",510
"Ensemble","2026-06-27",2,"2026-07-11","Adults","quantile","0.99",543
"Ensemble","2026-06-27",2,"2026-07-11","Overall","quantile","0.01",453
"Ensemble","2026-06-27",2,"2026-07-11","Overall","quantile","0.025",508
"Ensemble","2026-06-27",2,"2026-07-11","Overall","quantile","0.05",554
"Ensemble","2026-06-27",2,"2026-07-11","Overall","quantile","0.1",612
"Ensemble","2026-06-27",2,"2026-07-11","Overall","quantile","0.15",632
"Ensemble","2026-06-27",2,"2026-07-11","Overall","quantile","0.2",681
"Ensemble","2026-06-27",2,"2026-07-11","Overall","quantile","0.25",710
"Ensemble","2026-06-27",2,"2026-07-11","Overall","quantile","0.3",724
"Ensemble","2026-06-27",2,"2026-07-11","Overall","quantile","0.35",725
"Ensemble","2026-06-27",2,"2026-07-11","Overall","quantile","0.4",752
"Ensemble","2026-06-27",2,"2026-07-11","Overall","quantile","0.45",780
"Ensemble","2026-06-27",2,"2026-07-11","Overall","quantile","0.5",803
"Ensemble","2026-06-27",2,"2026-07-11","Overall","quantile","0.55",805
"Ensemble","2026-06-27",2,"2026-07-11","Overall","quantile","0.6",818
"Ensemble","2026-06-27",2,"2026-07-11","Overall","quantile","0.65",818
"Ensemble","2026-06-27",2,"2026-07-11","Overall","quantile","0.7",827
"Ensemble","2026-06-27",2,"2026-07-11","Overall","quantile","0.75",861
"Ensemble","2026-06-27",2,"2026-07-11","Overall","quantile","0.8",905
"Ensemble","2026-06-27",2,"2026-07-11","Overall","quantile","0.85",958
"Ensemble","2026-06-27",2,"2026-07-11","Overall","quantile","0.9",1007
"Ensemble","2026-06-27",2,"2026-07-11","Overall","quantile","0.95",1090
"Ensemble","2026-06-27",2,"2026-07-11","Overall","quantile","0.975",1172
"Ensemble","2026-06-27",2,"2026-07-11","Overall","quantile","0.99",1261
"Ensemble","2026-06-27",2,"2026-07-11","Pediatrics","quantile","0.01",236
"Ensemble","2026-06-27",2,"2026-07-11","Pediatrics","quantile","0.025",289
"Ensemble","2026-06-27",2,"2026-07-11","Pediatrics","quantile","0.05",309
"Ensemble","2026-06-27",2,"2026-07-11","Pediatrics","quantile","0.1",342
"Ensemble","2026-06-27",2,"2026-07-11","Pediatrics","quantile","0.15",355
"Ensemble","2026-06-27",2,"2026-07-11","Pediatrics","quantile","0.2",365
"Ensemble","2026-06-27",2,"2026-07-11","Pediatrics","quantile","0.25",378
"Ensemble","2026-06-27",2,"2026-07-11","Pediatrics","quantile","0.3",398
"Ensemble","2026-06-27",2,"2026-07-11","Pediatrics","quantile","0.35",419
"Ensemble","2026-06-27",2,"2026-07-11","Pediatrics","quantile","0.4",439
"Ensemble","2026-06-27",2,"2026-07-11","Pediatrics","quantile","0.45",459
"Ensemble","2026-06-27",2,"2026-07-11","Pediatrics","quantile","0.5",479
"Ensemble","2026-06-27",2,"2026-07-11","Pediatrics","quantile","0.55",499
"Ensemble","2026-06-27",2,"2026-07-11","Pediatrics","quantile","0.6",522
"Ensemble","2026-06-27",2,"2026-07-11","Pediatrics","quantile","0.65",545
"Ensemble","2026-06-27",2,"2026-07-11","Pediatrics","quantile","0.7",573
"Ensemble","2026-06-27",2,"2026-07-11","Pediatrics","quantile","0.75",601
"Ensemble","2026-06-27",2,"2026-07-11","Pediatrics","quantile","0.8",604
"Ensemble","2026-06-27",2,"2026-07-11","Pediatrics","quantile","0.85",608
"Ensemble","2026-06-27",2,"2026-07-11","Pediatrics","quantile","0.9",624
"Ensemble","2026-06-27",2,"2026-07-11","Pediatrics","quantile","0.95",649
"Ensemble","2026-06-27",2,"2026-07-11","Pediatrics","quantile","0.975",658
"Ensemble","2026-06-27",2,"2026-07-11","Pediatrics","quantile","0.99",691
"Ensemble","2026-06-27",3,"2026-07-18","Adults","quantile","0.01",158
"Ensemble","2026-06-27",3,"2026-07-18","Adults","quantile","0.025",192
"Ensemble","2026-06-27",3,"2026-07-18","Adults","quantile","0.05",198
"Ensemble","2026-06-27",3,"2026-07-18","Adults","quantile","0.1",225
"Ensemble","2026-06-27",3,"2026-07-18","Adults","quantile","0.15",248
"Ensemble","2026-06-27",3,"2026-07-18","Adults","quantile","0.2",266
"Ensemble","2026-06-27",3,"2026-07-18","Adults","quantile","0.25",284
"Ensemble","2026-06-27",3,"2026-07-18","Adults","quantile","0.3",294
"Ensemble","2026-06-27",3,"2026-07-18","Adults","quantile","0.35",299
"Ensemble","2026-06-27",3,"2026-07-18","Adults","quantile","0.4",305
"Ensemble","2026-06-27",3,"2026-07-18","Adults","quantile","0.45",314
"Ensemble","2026-06-27",3,"2026-07-18","Adults","quantile","0.5",335
"Ensemble","2026-06-27",3,"2026-07-18","Adults","quantile","0.55",348
"Ensemble","2026-06-27",3,"2026-07-18","Adults","quantile","0.6",359
"Ensemble","2026-06-27",3,"2026-07-18","Adults","quantile","0.65",359
"Ensemble","2026-06-27",3,"2026-07-18","Adults","quantile","0.7",364
"Ensemble","2026-06-27",3,"2026-07-18","Adults","quantile","0.75",376
"Ensemble","2026-06-27",3,"2026-07-18","Adults","quantile","0.8",401
"Ensemble","2026-06-27",3,"2026-07-18","Adults","quantile","0.85",419
"Ensemble","2026-06-27",3,"2026-07-18","Adults","quantile","0.9",440
"Ensemble","2026-06-27",3,"2026-07-18","Adults","quantile","0.95",481
"Ensemble","2026-06-27",3,"2026-07-18","Adults","quantile","0.975",517
"Ensemble","2026-06-27",3,"2026-07-18","Adults","quantile","0.99",566
"Ensemble","2026-06-27",3,"2026-07-18","Overall","quantile","0.01",407
"Ensemble","2026-06-27",3,"2026-07-18","Overall","quantile","0.025",489
"Ensemble","2026-06-27",3,"2026-07-18","Overall","quantile","0.05",513
"Ensemble","2026-06-27",3,"2026-07-18","Overall","quantile","0.1",570
"Ensemble","2026-06-27",3,"2026-07-18","Overall","quantile","0.15",616
"Ensemble","2026-06-27",3,"2026-07-18","Overall","quantile","0.2",646
"Ensemble","2026-06-27",3,"2026-07-18","Overall","quantile","0.25",677
"Ensemble","2026-06-27",3,"2026-07-18","Overall","quantile","0.3",706
"Ensemble","2026-06-27",3,"2026-07-18","Overall","quantile","0.35",716
"Ensemble","2026-06-27",3,"2026-07-18","Overall","quantile","0.4",734
"Ensemble","2026-06-27",3,"2026-07-18","Overall","quantile","0.45",756
"Ensemble","2026-06-27",3,"2026-07-18","Overall","quantile","0.5",773
"Ensemble","2026-06-27",3,"2026-07-18","Overall","quantile","0.55",787
"Ensemble","2026-06-27",3,"2026-07-18","Overall","quantile","0.6",798
"Ensemble","2026-06-27",3,"2026-07-18","Overall","quantile","0.65",806
"Ensemble","2026-06-27",3,"2026-07-18","Overall","quantile","0.7",830
"Ensemble","2026-06-27",3,"2026-07-18","Overall","quantile","0.75",868
"Ensemble","2026-06-27",3,"2026-07-18","Overall","quantile","0.8",906
"Ensemble","2026-06-27",3,"2026-07-18","Overall","quantile","0.85",967
"Ensemble","2026-06-27",3,"2026-07-18","Overall","quantile","0.9",1029
"Ensemble","2026-06-27",3,"2026-07-18","Overall","quantile","0.95",1129
"Ensemble","2026-06-27",3,"2026-07-18","Overall","quantile","0.975",1216
"Ensemble","2026-06-27",3,"2026-07-18","Overall","quantile","0.99",1306
"Ensemble","2026-06-27",3,"2026-07-18","Pediatrics","quantile","0.01",231
"Ensemble","2026-06-27",3,"2026-07-18","Pediatrics","quantile","0.025",285
"Ensemble","2026-06-27",3,"2026-07-18","Pediatrics","quantile","0.05",300
"Ensemble","2026-06-27",3,"2026-07-18","Pediatrics","quantile","0.1",328
"Ensemble","2026-06-27",3,"2026-07-18","Pediatrics","quantile","0.15",349
"Ensemble","2026-06-27",3,"2026-07-18","Pediatrics","quantile","0.2",361
"Ensemble","2026-06-27",3,"2026-07-18","Pediatrics","quantile","0.25",371
"Ensemble","2026-06-27",3,"2026-07-18","Pediatrics","quantile","0.3",378
"Ensemble","2026-06-27",3,"2026-07-18","Pediatrics","quantile","0.35",387
"Ensemble","2026-06-27",3,"2026-07-18","Pediatrics","quantile","0.4",405
"Ensemble","2026-06-27",3,"2026-07-18","Pediatrics","quantile","0.45",424
"Ensemble","2026-06-27",3,"2026-07-18","Pediatrics","quantile","0.5",444
"Ensemble","2026-06-27",3,"2026-07-18","Pediatrics","quantile","0.55",464
"Ensemble","2026-06-27",3,"2026-07-18","Pediatrics","quantile","0.6",487
"Ensemble","2026-06-27",3,"2026-07-18","Pediatrics","quantile","0.65",512
"Ensemble","2026-06-27",3,"2026-07-18","Pediatrics","quantile","0.7",539
"Ensemble","2026-06-27",3,"2026-07-18","Pediatrics","quantile","0.75",571
"Ensemble","2026-06-27",3,"2026-07-18","Pediatrics","quantile","0.8",594
"Ensemble","2026-06-27",3,"2026-07-18","Pediatrics","quantile","0.85",595
"Ensemble","2026-06-27",3,"2026-07-18","Pediatrics","quantile","0.9",620
"Ensemble","2026-06-27",3,"2026-07-18","Pediatrics","quantile","0.95",643
"Ensemble","2026-06-27",3,"2026-07-18","Pediatrics","quantile","0.975",661
"Ensemble","2026-06-27",3,"2026-07-18","Pediatrics","quantile","0.99",712
