"model","reference_date","horizon","target_end_date","target_group","output_type","output_type_id","value"
"Regular Baseline","2026-08-15",-8,"2026-06-20","Adults","quantile","0.01",42
"Regular Baseline","2026-08-15",-8,"2026-06-20","Adults","quantile","0.025",51
"Regular Baseline","2026-08-15",-8,"2026-06-20","Adults","quantile","0.05",62
"Regular Baseline","2026-08-15",-8,"2026-06-20","Adults","quantile","0.1",72
"Regular Baseline","2026-08-15",-8,"2026-06-20","Adults","quantile","0.15",76
"Regular Baseline","2026-08-15",-8,"2026-06-20","Adults","quantile","0.2",82
"Regular Baseline","2026-08-15",-8,"2026-06-20","Adults","quantile","0.25",87
"Regular Baseline","2026-08-15",-8,"2026-06-20","Adults","quantile","0.3",90
"Regular Baseline","2026-08-15",-8,"2026-06-20","Adults","quantile","0.35",93
"Regular Baseline","2026-08-15",-8,"2026-06-20","Adults","quantile","0.4",97
"Regular Baseline","2026-08-15",-8,"2026-06-20","Adults","quantile","0.45",99
"Regular Baseline","2026-08-15",-8,"2026-06-20","Adults","quantile","0.5",102
"Regular Baseline","2026-08-15",-8,"2026-06-20","Adults","quantile","0.55",105
"Regular Baseline","2026-08-15",-8,"2026-06-20","Adults","quantile","0.6",108
"Regular Baseline","2026-08-15",-8,"2026-06-20","Adults","quantile","0.65",111
"Regular Baseline","2026-08-15",-8,"2026-06-20","Adults","quantile","0.7",115
"Regular Baseline","2026-08-15",-8,"2026-06-20","Adults","quantile","0.75",118
"Regular Baseline","2026-08-15",-8,"2026-06-20","Adults","quantile","0.8",124
"Regular Baseline","2026-08-15",-8,"2026-06-20","Adults","quantile","0.85",131
"Regular Baseline","2026-08-15",-8,"2026-06-20","Adults","quantile","0.9",137
"Regular Baseline","2026-08-15",-8,"2026-06-20","Adults","quantile","0.95",151
"Regular Baseline","2026-08-15",-8,"2026-06-20","Adults","quantile","0.975",170
"Regular Baseline","2026-08-15",-8,"2026-06-20","Adults","quantile","0.99",189
"Regular Baseline","2026-08-15",-7,"2026-06-27","Adults","quantile","0.01",26
"Regular Baseline","2026-08-15",-7,"2026-06-27","Adults","quantile","0.025",37
"Regular Baseline","2026-08-15",-7,"2026-06-27","Adults","quantile","0.05",48
"Regular Baseline","2026-08-15",-7,"2026-06-27","Adults","quantile","0.1",60
"Regular Baseline","2026-08-15",-7,"2026-06-27","Adults","quantile","0.15",67
"Regular Baseline","2026-08-15",-7,"2026-06-27","Adults","quantile","0.2",74
"Regular Baseline","2026-08-15",-7,"2026-06-27","Adults","quantile","0.25",79
"Regular Baseline","2026-08-15",-7,"2026-06-27","Adults","quantile","0.3",84
"Regular Baseline","2026-08-15",-7,"2026-06-27","Adults","quantile","0.35",89
"Regular Baseline","2026-08-15",-7,"2026-06-27","Adults","quantile","0.4",93
"Regular Baseline","2026-08-15",-7,"2026-06-27","Adults","quantile","0.45",98
"Regular Baseline","2026-08-15",-7,"2026-06-27","Adults","quantile","0.5",102
"Regular Baseline","2026-08-15",-7,"2026-06-27","Adults","quantile","0.55",107
"Regular Baseline","2026-08-15",-7,"2026-06-27","Adults","quantile","0.6",112
"Regular Baseline","2026-08-15",-7,"2026-06-27","Adults","quantile","0.65",117
"Regular Baseline","2026-08-15",-7,"2026-06-27","Adults","quantile","0.7",122
"Regular Baseline","2026-08-15",-7,"2026-06-27","Adults","quantile","0.75",129
"Regular Baseline","2026-08-15",-7,"2026-06-27","Adults","quantile","0.8",136
"Regular Baseline","2026-08-15",-7,"2026-06-27","Adults","quantile","0.85",146
"Regular Baseline","2026-08-15",-7,"2026-06-27","Adults","quantile","0.9",159
"Regular Baseline","2026-08-15",-7,"2026-06-27","Adults","quantile","0.95",177
"Regular Baseline","2026-08-15",-7,"2026-06-27","Adults","quantile","0.975",202
"Regular Baseline","2026-08-15",-7,"2026-06-27","Adults","quantile","0.99",238
"Regular Baseline","2026-08-15",-6,"2026-07-04","Adults","quantile","0.01",15
"Regular Baseline","2026-08-15",-6,"2026-07-04","Adults","quantile","0.025",27
"Regular Baseline","2026-08-15",-6,"2026-07-04","Adults","quantile","0.05",37
"Regular Baseline","2026-08-15",-6,"2026-07-04","Adults","quantile","0.1",50
"Regular Baseline","2026-08-15",-6,"2026-07-04","Adults","quantile","0.15",59
"Regular Baseline","2026-08-15",-6,"2026-07-04","Adults","quantile","0.2",66
"Regular Baseline","2026-08-15",-6,"2026-07-04","Adults","quantile","0.25",73
"Regular Baseline","2026-08-15",-6,"2026-07-04","Adults","quantile","0.3",80
"Regular Baseline","2026-08-15",-6,"2026-07-04","Adults","quantile","0.35",85
"Regular Baseline","2026-08-15",-6,"2026-07-04","Adults","quantile","0.4",91
"Regular Baseline","2026-08-15",-6,"2026-07-04","Adults","quantile","0.45",96
"Regular Baseline","2026-08-15",-6,"2026-07-04","Adults","quantile","0.5",102
"Regular Baseline","2026-08-15",-6,"2026-07-04","Adults","quantile","0.55",107
"Regular Baseline","2026-08-15",-6,"2026-07-04","Adults","quantile","0.6",114
"Regular Baseline","2026-08-15",-6,"2026-07-04","Adults","quantile","0.65",120
"Regular Baseline","2026-08-15",-6,"2026-07-04","Adults","quantile","0.7",127
"Regular Baseline","2026-08-15",-6,"2026-07-04","Adults","quantile","0.75",135
"Regular Baseline","2026-08-15",-6,"2026-07-04","Adults","quantile","0.8",145
"Regular Baseline","2026-08-15",-6,"2026-07-04","Adults","quantile","0.85",157
"Regular Baseline","2026-08-15",-6,"2026-07-04","Adults","quantile","0.9",173
"Regular Baseline","2026-08-15",-6,"2026-07-04","Adults","quantile","0.95",199
"Regular Baseline","2026-08-15",-6,"2026-07-04","Adults","quantile","0.975",228
"Regular Baseline","2026-08-15",-6,"2026-07-04","Adults","quantile","0.99",265
"Regular Baseline","2026-08-15",-5,"2026-07-11","Adults","quantile","0.01",9
"Regular Baseline","2026-08-15",-5,"2026-07-11","Adults","quantile","0.025",19
"Regular Baseline","2026-08-15",-5,"2026-07-11","Adults","quantile","0.05",29
"Regular Baseline","2026-08-15",-5,"2026-07-11","Adults","quantile","0.1",43
"Regular Baseline","2026-08-15",-5,"2026-07-11","Adults","quantile","0.15",53
"Regular Baseline","2026-08-15",-5,"2026-07-11","Adults","quantile","0.2",61
"Regular Baseline","2026-08-15",-5,"2026-07-11","Adults","quantile","0.25",68
"Regular Baseline","2026-08-15",-5,"2026-07-11","Adults","quantile","0.3",75
"Regular Baseline","2026-08-15",-5,"2026-07-11","Adults","quantile","0.35",82
"Regular Baseline","2026-08-15",-5,"2026-07-11","Adults","quantile","0.4",89
"Regular Baseline","2026-08-15",-5,"2026-07-11","Adults","quantile","0.45",95
"Regular Baseline","2026-08-15",-5,"2026-07-11","Adults","quantile","0.5",102
"Regular Baseline","2026-08-15",-5,"2026-07-11","Adults","quantile","0.55",109
"Regular Baseline","2026-08-15",-5,"2026-07-11","Adults","quantile","0.6",116
"Regular Baseline","2026-08-15",-5,"2026-07-11","Adults","quantile","0.65",123
"Regular Baseline","2026-08-15",-5,"2026-07-11","Adults","quantile","0.7",132
"Regular Baseline","2026-08-15",-5,"2026-07-11","Adults","quantile","0.75",141
"Regular Baseline","2026-08-15",-5,"2026-07-11","Adults","quantile","0.8",152
"Regular Baseline","2026-08-15",-5,"2026-07-11","Adults","quantile","0.85",166
"Regular Baseline","2026-08-15",-5,"2026-07-11","Adults","quantile","0.9",185
"Regular Baseline","2026-08-15",-5,"2026-07-11","Adults","quantile","0.95",216
"Regular Baseline","2026-08-15",-5,"2026-07-11","Adults","quantile","0.975",245
"Regular Baseline","2026-08-15",-5,"2026-07-11","Adults","quantile","0.99",295
"Regular Baseline","2026-08-15",-4,"2026-07-18","Adults","quantile","0.01",6
"Regular Baseline","2026-08-15",-4,"2026-07-18","Adults","quantile","0.025",13
"Regular Baseline","2026-08-15",-4,"2026-07-18","Adults","quantile","0.05",23
"Regular Baseline","2026-08-15",-4,"2026-07-18","Adults","quantile","0.1",37
"Regular Baseline","2026-08-15",-4,"2026-07-18","Adults","quantile","0.15",47
"Regular Baseline","2026-08-15",-4,"2026-07-18","Adults","quantile","0.2",56
"Regular Baseline","2026-08-15",-4,"2026-07-18","Adults","quantile","0.25",65
"Regular Baseline","2026-08-15",-4,"2026-07-18","Adults","quantile","0.3",73
"Regular Baseline","2026-08-15",-4,"2026-07-18","Adults","quantile","0.35",80
"Regular Baseline","2026-08-15",-4,"2026-07-18","Adults","quantile","0.4",87
"Regular Baseline","2026-08-15",-4,"2026-07-18","Adults","quantile","0.45",95
"Regular Baseline","2026-08-15",-4,"2026-07-18","Adults","quantile","0.5",102
"Regular Baseline","2026-08-15",-4,"2026-07-18","Adults","quantile","0.55",110
"Regular Baseline","2026-08-15",-4,"2026-07-18","Adults","quantile","0.6",118
"Regular Baseline","2026-08-15",-4,"2026-07-18","Adults","quantile","0.65",127
"Regular Baseline","2026-08-15",-4,"2026-07-18","Adults","quantile","0.7",137
"Regular Baseline","2026-08-15",-4,"2026-07-18","Adults","quantile","0.75",149
"Regular Baseline","2026-08-15",-4,"2026-07-18","Adults","quantile","0.8",162
"Regular Baseline","2026-08-15",-4,"2026-07-18","Adults","quantile","0.85",178
"Regular Baseline","2026-08-15",-4,"2026-07-18","Adults","quantile","0.9",199
"Regular Baseline","2026-08-15",-4,"2026-07-18","Adults","quantile","0.95",234
"Regular Baseline","2026-08-15",-4,"2026-07-18","Adults","quantile","0.975",270
"Regular Baseline","2026-08-15",-4,"2026-07-18","Adults","quantile","0.99",321
"Regular Baseline","2026-08-15",-3,"2026-07-25","Adults","quantile","0.01",2
"Regular Baseline","2026-08-15",-3,"2026-07-25","Adults","quantile","0.025",10
"Regular Baseline","2026-08-15",-3,"2026-07-25","Adults","quantile","0.05",19
"Regular Baseline","2026-08-15",-3,"2026-07-25","Adults","quantile","0.1",33
"Regular Baseline","2026-08-15",-3,"2026-07-25","Adults","quantile","0.15",43
"Regular Baseline","2026-08-15",-3,"2026-07-25","Adults","quantile","0.2",52
"Regular Baseline","2026-08-15",-3,"2026-07-25","Adults","quantile","0.25",61
"Regular Baseline","2026-08-15",-3,"2026-07-25","Adults","quantile","0.3",69
"Regular Baseline","2026-08-15",-3,"2026-07-25","Adults","quantile","0.35",77
"Regular Baseline","2026-08-15",-3,"2026-07-25","Adults","quantile","0.4",85
"Regular Baseline","2026-08-15",-3,"2026-07-25","Adults","quantile","0.45",94
"Regular Baseline","2026-08-15",-3,"2026-07-25","Adults","quantile","0.5",102
"Regular Baseline","2026-08-15",-3,"2026-07-25","Adults","quantile","0.55",111
"Regular Baseline","2026-08-15",-3,"2026-07-25","Adults","quantile","0.6",120
"Regular Baseline","2026-08-15",-3,"2026-07-25","Adults","quantile","0.65",130
"Regular Baseline","2026-08-15",-3,"2026-07-25","Adults","quantile","0.7",141
"Regular Baseline","2026-08-15",-3,"2026-07-25","Adults","quantile","0.75",152
"Regular Baseline","2026-08-15",-3,"2026-07-25","Adults","quantile","0.8",167
"Regular Baseline","2026-08-15",-3,"2026-07-25","Adults","quantile","0.85",187
"Regular Baseline","2026-08-15",-3,"2026-07-25","Adults","quantile","0.9",211
"Regular Baseline","2026-08-15",-3,"2026-07-25","Adults","quantile","0.95",250
"Regular Baseline","2026-08-15",-3,"2026-07-25","Adults","quantile","0.975",291
"Regular Baseline","2026-08-15",-3,"2026-07-25","Adults","quantile","0.99",342
"Regular Baseline","2026-08-15",-2,"2026-08-01","Adults","quantile","0.01",0
"Regular Baseline","2026-08-15",-2,"2026-08-01","Adults","quantile","0.025",6
"Regular Baseline","2026-08-15",-2,"2026-08-01","Adults","quantile","0.05",13
"Regular Baseline","2026-08-15",-2,"2026-08-01","Adults","quantile","0.1",27
"Regular Baseline","2026-08-15",-2,"2026-08-01","Adults","quantile","0.15",39
"Regular Baseline","2026-08-15",-2,"2026-08-01","Adults","quantile","0.2",48
"Regular Baseline","2026-08-15",-2,"2026-08-01","Adults","quantile","0.25",57
"Regular Baseline","2026-08-15",-2,"2026-08-01","Adults","quantile","0.3",67
"Regular Baseline","2026-08-15",-2,"2026-08-01","Adults","quantile","0.35",75
"Regular Baseline","2026-08-15",-2,"2026-08-01","Adults","quantile","0.4",83
"Regular Baseline","2026-08-15",-2,"2026-08-01","Adults","quantile","0.45",92
"Regular Baseline","2026-08-15",-2,"2026-08-01","Adults","quantile","0.5",102
"Regular Baseline","2026-08-15",-2,"2026-08-01","Adults","quantile","0.55",112
"Regular Baseline","2026-08-15",-2,"2026-08-01","Adults","quantile","0.6",121
"Regular Baseline","2026-08-15",-2,"2026-08-01","Adults","quantile","0.65",133
"Regular Baseline","2026-08-15",-2,"2026-08-01","Adults","quantile","0.7",144
"Regular Baseline","2026-08-15",-2,"2026-08-01","Adults","quantile","0.75",157
"Regular Baseline","2026-08-15",-2,"2026-08-01","Adults","quantile","0.8",174
"Regular Baseline","2026-08-15",-2,"2026-08-01","Adults","quantile","0.85",194
"Regular Baseline","2026-08-15",-2,"2026-08-01","Adults","quantile","0.9",220
"Regular Baseline","2026-08-15",-2,"2026-08-01","Adults","quantile","0.95",264
"Regular Baseline","2026-08-15",-2,"2026-08-01","Adults","quantile","0.975",311
"Regular Baseline","2026-08-15",-2,"2026-08-01","Adults","quantile","0.99",364
"Regular Baseline","2026-08-15",-1,"2026-08-08","Adults","quantile","0.01",0
"Regular Baseline","2026-08-15",-1,"2026-08-08","Adults","quantile","0.025",3
"Regular Baseline","2026-08-15",-1,"2026-08-08","Adults","quantile","0.05",11
"Regular Baseline","2026-08-15",-1,"2026-08-08","Adults","quantile","0.1",24
"Regular Baseline","2026-08-15",-1,"2026-08-08","Adults","quantile","0.15",36
"Regular Baseline","2026-08-15",-1,"2026-08-08","Adults","quantile","0.2",45
"Regular Baseline","2026-08-15",-1,"2026-08-08","Adults","quantile","0.25",54
"Regular Baseline","2026-08-15",-1,"2026-08-08","Adults","quantile","0.3",64
"Regular Baseline","2026-08-15",-1,"2026-08-08","Adults","quantile","0.35",73
"Regular Baseline","2026-08-15",-1,"2026-08-08","Adults","quantile","0.4",83
"Regular Baseline","2026-08-15",-1,"2026-08-08","Adults","quantile","0.45",92
"Regular Baseline","2026-08-15",-1,"2026-08-08","Adults","quantile","0.5",102
"Regular Baseline","2026-08-15",-1,"2026-08-08","Adults","quantile","0.55",112
"Regular Baseline","2026-08-15",-1,"2026-08-08","Adults","quantile","0.6",123
"Regular Baseline","2026-08-15",-1,"2026-08-08","Adults","quantile","0.65",134
"Regular Baseline","2026-08-15",-1,"2026-08-08","Adults","quantile","0.7",147
"Regular Baseline","2026-08-15",-1,"2026-08-08","Adults","quantile","0.75",163
"Regular Baseline","2026-08-15",-1,"2026-08-08","Adults","quantile","0.8",179
"Regular Baseline","2026-08-15",-1,"2026-08-08","Adults","quantile","0.85",200
"Regular Baseline","2026-08-15",-1,"2026-08-08","Adults","quantile","0.9",227
"Regular Baseline","2026-08-15",-1,"2026-08-08","Adults","quantile","0.95",277
"Regular Baseline","2026-08-15",-1,"2026-08-08","Adults","quantile","0.975",326
"Regular Baseline","2026-08-15",-1,"2026-08-08","Adults","quantile","0.99",385
"Regular Baseline","2026-08-15",0,"2026-08-15","Adults","quantile","0.01",0
"Regular Baseline","2026-08-15",0,"2026-08-15","Adults","quantile","0.025",2
"Regular Baseline","2026-08-15",0,"2026-08-15","Adults","quantile","0.05",9
"Regular Baseline","2026-08-15",0,"2026-08-15","Adults","quantile","0.1",23
"Regular Baseline","2026-08-15",0,"2026-08-15","Adults","quantile","0.15",33
"Regular Baseline","2026-08-15",0,"2026-08-15","Adults","quantile","0.2",43
"Regular Baseline","2026-08-15",0,"2026-08-15","Adults","quantile","0.25",53
"Regular Baseline","2026-08-15",0,"2026-08-15","Adults","quantile","0.3",62
"Regular Baseline","2026-08-15",0,"2026-08-15","Adults","quantile","0.35",72
"Regular Baseline","2026-08-15",0,"2026-08-15","Adults","quantile","0.4",82
"Regular Baseline","2026-08-15",0,"2026-08-15","Adults","quantile","0.45",92
"Regular Baseline","2026-08-15",0,"2026-08-15","Adults","quantile","0.5",102
"Regular Baseline","2026-08-15",0,"2026-08-15","Adults","quantile","0.55",113
"Regular Baseline","2026-08-15",0,"2026-08-15","Adults","quantile","0.6",123
"Regular Baseline","2026-08-15",0,"2026-08-15","Adults","quantile","0.65",136
"Regular Baseline","2026-08-15",0,"2026-08-15","Adults","quantile","0.7",152
"Regular Baseline","2026-08-15",0,"2026-08-15","Adults","quantile","0.75",167
"Regular Baseline","2026-08-15",0,"2026-08-15","Adults","quantile","0.8",186
"Regular Baseline","2026-08-15",0,"2026-08-15","Adults","quantile","0.85",208
"Regular Baseline","2026-08-15",0,"2026-08-15","Adults","quantile","0.9",241
"Regular Baseline","2026-08-15",0,"2026-08-15","Adults","quantile","0.95",293
"Regular Baseline","2026-08-15",0,"2026-08-15","Adults","quantile","0.975",345
"Regular Baseline","2026-08-15",0,"2026-08-15","Adults","quantile","0.99",415
"Regular Baseline","2026-08-15",1,"2026-08-22","Adults","quantile","0.01",0
"Regular Baseline","2026-08-15",1,"2026-08-22","Adults","quantile","0.025",0
"Regular Baseline","2026-08-15",1,"2026-08-22","Adults","quantile","0.05",7
"Regular Baseline","2026-08-15",1,"2026-08-22","Adults","quantile","0.1",20
"Regular Baseline","2026-08-15",1,"2026-08-22","Adults","quantile","0.15",29
"Regular Baseline","2026-08-15",1,"2026-08-22","Adults","quantile","0.2",40
"Regular Baseline","2026-08-15",1,"2026-08-22","Adults","quantile","0.25",50
"Regular Baseline","2026-08-15",1,"2026-08-22","Adults","quantile","0.3",61
"Regular Baseline","2026-08-15",1,"2026-08-22","Adults","quantile","0.35",71
"Regular Baseline","2026-08-15",1,"2026-08-22","Adults","quantile","0.4",81
"Regular Baseline","2026-08-15",1,"2026-08-22","Adults","quantile","0.45",92
"Regular Baseline","2026-08-15",1,"2026-08-22","Adults","quantile","0.5",102
"Regular Baseline","2026-08-15",1,"2026-08-22","Adults","quantile","0.55",113
"Regular Baseline","2026-08-15",1,"2026-08-22","Adults","quantile","0.6",125
"Regular Baseline","2026-08-15",1,"2026-08-22","Adults","quantile","0.65",138
"Regular Baseline","2026-08-15",1,"2026-08-22","Adults","quantile","0.7",153
"Regular Baseline","2026-08-15",1,"2026-08-22","Adults","quantile","0.75",171
"Regular Baseline","2026-08-15",1,"2026-08-22","Adults","quantile","0.8",192
"Regular Baseline","2026-08-15",1,"2026-08-22","Adults","quantile","0.85",218
"Regular Baseline","2026-08-15",1,"2026-08-22","Adults","quantile","0.9",252
"Regular Baseline","2026-08-15",1,"2026-08-22","Adults","quantile","0.95",306
"Regular Baseline","2026-08-15",1,"2026-08-22","Adults","quantile","0.975",360
"Regular Baseline","2026-08-15",1,"2026-08-22","Adults","quantile","0.99",432
"Regular Baseline","2026-08-15",2,"2026-08-29","Adults","quantile","0.01",0
"Regular Baseline","2026-08-15",2,"2026-08-29","Adults","quantile","0.025",0
"Regular Baseline","2026-08-15",2,"2026-08-29","Adults","quantile","0.05",5
"Regular Baseline","2026-08-15",2,"2026-08-29","Adults","quantile","0.1",16
"Regular Baseline","2026-08-15",2,"2026-08-29","Adults","quantile","0.15",28
"Regular Baseline","2026-08-15",2,"2026-08-29","Adults","quantile","0.2",38
"Regular Baseline","2026-08-15",2,"2026-08-29","Adults","quantile","0.25",49
"Regular Baseline","2026-08-15",2,"2026-08-29","Adults","quantile","0.3",59
"Regular Baseline","2026-08-15",2,"2026-08-29","Adults","quantile","0.35",69
"Regular Baseline","2026-08-15",2,"2026-08-29","Adults","quantile","0.4",80
"Regular Baseline","2026-08-15",2,"2026-08-29","Adults","quantile","0.45",91
"Regular Baseline","2026-08-15",2,"2026-08-29","Adults","quantile","0.5",102
"Regular Baseline","2026-08-15",2,"2026-08-29","Adults","quantile","0.55",114
"Regular Baseline","2026-08-15",2,"2026-08-29","Adults","quantile","0.6",126
"Regular Baseline","2026-08-15",2,"2026-08-29","Adults","quantile","0.65",141
"Regular Baseline","2026-08-15",2,"2026-08-29","Adults","quantile","0.7",156
"Regular Baseline","2026-08-15",2,"2026-08-29","Adults","quantile","0.75",174
"Regular Baseline","2026-08-15",2,"2026-08-29","Adults","quantile","0.8",197
"Regular Baseline","2026-08-15",2,"2026-08-29","Adults","quantile","0.85",225
"Regular Baseline","2026-08-15",2,"2026-08-29","Adults","quantile","0.9",263
"Regular Baseline","2026-08-15",2,"2026-08-29","Adults","quantile","0.95",322
"Regular Baseline","2026-08-15",2,"2026-08-29","Adults","quantile","0.975",381
"Regular Baseline","2026-08-15",2,"2026-08-29","Adults","quantile","0.99",452
"Regular Baseline","2026-08-15",3,"2026-09-05","Adults","quantile","0.01",0
"Regular Baseline","2026-08-15",3,"2026-09-05","Adults","quantile","0.025",0
"Regular Baseline","2026-08-15",3,"2026-09-05","Adults","quantile","0.05",3
"Regular Baseline","2026-08-15",3,"2026-09-05","Adults","quantile","0.1",15
"Regular Baseline","2026-08-15",3,"2026-09-05","Adults","quantile","0.15",25
"Regular Baseline","2026-08-15",3,"2026-09-05","Adults","quantile","0.2",36
"Regular Baseline","2026-08-15",3,"2026-09-05","Adults","quantile","0.25",47
"Regular Baseline","2026-08-15",3,"2026-09-05","Adults","quantile","0.3",56
"Regular Baseline","2026-08-15",3,"2026-09-05","Adults","quantile","0.35",67
"Regular Baseline","2026-08-15",3,"2026-09-05","Adults","quantile","0.4",78
"Regular Baseline","2026-08-15",3,"2026-09-05","Adults","quantile","0.45",90
"Regular Baseline","2026-08-15",3,"2026-09-05","Adults","quantile","0.5",102
"Regular Baseline","2026-08-15",3,"2026-09-05","Adults","quantile","0.55",115
"Regular Baseline","2026-08-15",3,"2026-09-05","Adults","quantile","0.6",128
"Regular Baseline","2026-08-15",3,"2026-09-05","Adults","quantile","0.65",143
"Regular Baseline","2026-08-15",3,"2026-09-05","Adults","quantile","0.7",160
"Regular Baseline","2026-08-15",3,"2026-09-05","Adults","quantile","0.75",180
"Regular Baseline","2026-08-15",3,"2026-09-05","Adults","quantile","0.8",202
"Regular Baseline","2026-08-15",3,"2026-09-05","Adults","quantile","0.85",230
"Regular Baseline","2026-08-15",3,"2026-09-05","Adults","quantile","0.9",269
"Regular Baseline","2026-08-15",3,"2026-09-05","Adults","quantile","0.95",336
"Regular Baseline","2026-08-15",3,"2026-09-05","Adults","quantile","0.975",396
"Regular Baseline","2026-08-15",3,"2026-09-05","Adults","quantile","0.99",472
"Regular Baseline","2026-08-15",-8,"2026-06-20","Overall","quantile","0.01",109
"Regular Baseline","2026-08-15",-8,"2026-06-20","Overall","quantile","0.025",140
"Regular Baseline","2026-08-15",-8,"2026-06-20","Overall","quantile","0.05",154
"Regular Baseline","2026-08-15",-8,"2026-06-20","Overall","quantile","0.1",172
"Regular Baseline","2026-08-15",-8,"2026-06-20","Overall","quantile","0.15",182
"Regular Baseline","2026-08-15",-8,"2026-06-20","Overall","quantile","0.2",190
"Regular Baseline","2026-08-15",-8,"2026-06-20","Overall","quantile","0.25",198
"Regular Baseline","2026-08-15",-8,"2026-06-20","Overall","quantile","0.3",204
"Regular Baseline","2026-08-15",-8,"2026-06-20","Overall","quantile","0.35",210
"Regular Baseline","2026-08-15",-8,"2026-06-20","Overall","quantile","0.4",217
"Regular Baseline","2026-08-15",-8,"2026-06-20","Overall","quantile","0.45",223
"Regular Baseline","2026-08-15",-8,"2026-06-20","Overall","quantile","0.5",228
"Regular Baseline","2026-08-15",-8,"2026-06-20","Overall","quantile","0.55",233
"Regular Baseline","2026-08-15",-8,"2026-06-20","Overall","quantile","0.6",240
"Regular Baseline","2026-08-15",-8,"2026-06-20","Overall","quantile","0.65",246
"Regular Baseline","2026-08-15",-8,"2026-06-20","Overall","quantile","0.7",253
"Regular Baseline","2026-08-15",-8,"2026-06-20","Overall","quantile","0.75",261
"Regular Baseline","2026-08-15",-8,"2026-06-20","Overall","quantile","0.8",270
"Regular Baseline","2026-08-15",-8,"2026-06-20","Overall","quantile","0.85",279
"Regular Baseline","2026-08-15",-8,"2026-06-20","Overall","quantile","0.9",292
"Regular Baseline","2026-08-15",-8,"2026-06-20","Overall","quantile","0.95",316
"Regular Baseline","2026-08-15",-8,"2026-06-20","Overall","quantile","0.975",338
"Regular Baseline","2026-08-15",-8,"2026-06-20","Overall","quantile","0.99",391
"Regular Baseline","2026-08-15",-7,"2026-06-27","Overall","quantile","0.01",80
"Regular Baseline","2026-08-15",-7,"2026-06-27","Overall","quantile","0.025",105
"Regular Baseline","2026-08-15",-7,"2026-06-27","Overall","quantile","0.05",126
"Regular Baseline","2026-08-15",-7,"2026-06-27","Overall","quantile","0.1",148
"Regular Baseline","2026-08-15",-7,"2026-06-27","Overall","quantile","0.15",161
"Regular Baseline","2026-08-15",-7,"2026-06-27","Overall","quantile","0.2",173
"Regular Baseline","2026-08-15",-7,"2026-06-27","Overall","quantile","0.25",184
"Regular Baseline","2026-08-15",-7,"2026-06-27","Overall","quantile","0.3",193
"Regular Baseline","2026-08-15",-7,"2026-06-27","Overall","quantile","0.35",202
"Regular Baseline","2026-08-15",-7,"2026-06-27","Overall","quantile","0.4",212
"Regular Baseline","2026-08-15",-7,"2026-06-27","Overall","quantile","0.45",220
"Regular Baseline","2026-08-15",-7,"2026-06-27","Overall","quantile","0.5",228
"Regular Baseline","2026-08-15",-7,"2026-06-27","Overall","quantile","0.55",236
"Regular Baseline","2026-08-15",-7,"2026-06-27","Overall","quantile","0.6",246
"Regular Baseline","2026-08-15",-7,"2026-06-27","Overall","quantile","0.65",255
"Regular Baseline","2026-08-15",-7,"2026-06-27","Overall","quantile","0.7",265
"Regular Baseline","2026-08-15",-7,"2026-06-27","Overall","quantile","0.75",275
"Regular Baseline","2026-08-15",-7,"2026-06-27","Overall","quantile","0.8",289
"Regular Baseline","2026-08-15",-7,"2026-06-27","Overall","quantile","0.85",304
"Regular Baseline","2026-08-15",-7,"2026-06-27","Overall","quantile","0.9",326
"Regular Baseline","2026-08-15",-7,"2026-06-27","Overall","quantile","0.95",359
"Regular Baseline","2026-08-15",-7,"2026-06-27","Overall","quantile","0.975",400
"Regular Baseline","2026-08-15",-7,"2026-06-27","Overall","quantile","0.99",448
"Regular Baseline","2026-08-15",-6,"2026-07-04","Overall","quantile","0.01",60
"Regular Baseline","2026-08-15",-6,"2026-07-04","Overall","quantile","0.025",87
"Regular Baseline","2026-08-15",-6,"2026-07-04","Overall","quantile","0.05",107
"Regular Baseline","2026-08-15",-6,"2026-07-04","Overall","quantile","0.1",131
"Regular Baseline","2026-08-15",-6,"2026-07-04","Overall","quantile","0.15",148
"Regular Baseline","2026-08-15",-6,"2026-07-04","Overall","quantile","0.2",162
"Regular Baseline","2026-08-15",-6,"2026-07-04","Overall","quantile","0.25",174
"Regular Baseline","2026-08-15",-6,"2026-07-04","Overall","quantile","0.3",186
"Regular Baseline","2026-08-15",-6,"2026-07-04","Overall","quantile","0.35",197
"Regular Baseline","2026-08-15",-6,"2026-07-04","Overall","quantile","0.4",208
"Regular Baseline","2026-08-15",-6,"2026-07-04","Overall","quantile","0.45",218
"Regular Baseline","2026-08-15",-6,"2026-07-04","Overall","quantile","0.5",228
"Regular Baseline","2026-08-15",-6,"2026-07-04","Overall","quantile","0.55",239
"Regular Baseline","2026-08-15",-6,"2026-07-04","Overall","quantile","0.6",250
"Regular Baseline","2026-08-15",-6,"2026-07-04","Overall","quantile","0.65",261
"Regular Baseline","2026-08-15",-6,"2026-07-04","Overall","quantile","0.7",275
"Regular Baseline","2026-08-15",-6,"2026-07-04","Overall","quantile","0.75",289
"Regular Baseline","2026-08-15",-6,"2026-07-04","Overall","quantile","0.8",304
"Regular Baseline","2026-08-15",-6,"2026-07-04","Overall","quantile","0.85",325
"Regular Baseline","2026-08-15",-6,"2026-07-04","Overall","quantile","0.9",352
"Regular Baseline","2026-08-15",-6,"2026-07-04","Overall","quantile","0.95",396
"Regular Baseline","2026-08-15",-6,"2026-07-04","Overall","quantile","0.975",440
"Regular Baseline","2026-08-15",-6,"2026-07-04","Overall","quantile","0.99",505
"Regular Baseline","2026-08-15",-5,"2026-07-11","Overall","quantile","0.01",46
"Regular Baseline","2026-08-15",-5,"2026-07-11","Overall","quantile","0.025",72
"Regular Baseline","2026-08-15",-5,"2026-07-11","Overall","quantile","0.05",92
"Regular Baseline","2026-08-15",-5,"2026-07-11","Overall","quantile","0.1",118
"Regular Baseline","2026-08-15",-5,"2026-07-11","Overall","quantile","0.15",137
"Regular Baseline","2026-08-15",-5,"2026-07-11","Overall","quantile","0.2",153
"Regular Baseline","2026-08-15",-5,"2026-07-11","Overall","quantile","0.25",168
"Regular Baseline","2026-08-15",-5,"2026-07-11","Overall","quantile","0.3",181
"Regular Baseline","2026-08-15",-5,"2026-07-11","Overall","quantile","0.35",192
"Regular Baseline","2026-08-15",-5,"2026-07-11","Overall","quantile","0.4",203
"Regular Baseline","2026-08-15",-5,"2026-07-11","Overall","quantile","0.45",215
"Regular Baseline","2026-08-15",-5,"2026-07-11","Overall","quantile","0.5",228
"Regular Baseline","2026-08-15",-5,"2026-07-11","Overall","quantile","0.55",241
"Regular Baseline","2026-08-15",-5,"2026-07-11","Overall","quantile","0.6",254
"Regular Baseline","2026-08-15",-5,"2026-07-11","Overall","quantile","0.65",267
"Regular Baseline","2026-08-15",-5,"2026-07-11","Overall","quantile","0.7",282
"Regular Baseline","2026-08-15",-5,"2026-07-11","Overall","quantile","0.75",298
"Regular Baseline","2026-08-15",-5,"2026-07-11","Overall","quantile","0.8",319
"Regular Baseline","2026-08-15",-5,"2026-07-11","Overall","quantile","0.85",343
"Regular Baseline","2026-08-15",-5,"2026-07-11","Overall","quantile","0.9",376
"Regular Baseline","2026-08-15",-5,"2026-07-11","Overall","quantile","0.95",434
"Regular Baseline","2026-08-15",-5,"2026-07-11","Overall","quantile","0.975",484
"Regular Baseline","2026-08-15",-5,"2026-07-11","Overall","quantile","0.99",556
"Regular Baseline","2026-08-15",-4,"2026-07-18","Overall","quantile","0.01",34
"Regular Baseline","2026-08-15",-4,"2026-07-18","Overall","quantile","0.025",58
"Regular Baseline","2026-08-15",-4,"2026-07-18","Overall","quantile","0.05",80
"Regular Baseline","2026-08-15",-4,"2026-07-18","Overall","quantile","0.1",110
"Regular Baseline","2026-08-15",-4,"2026-07-18","Overall","quantile","0.15",130
"Regular Baseline","2026-08-15",-4,"2026-07-18","Overall","quantile","0.2",147
"Regular Baseline","2026-08-15",-4,"2026-07-18","Overall","quantile","0.25",161
"Regular Baseline","2026-08-15",-4,"2026-07-18","Overall","quantile","0.3",174
"Regular Baseline","2026-08-15",-4,"2026-07-18","Overall","quantile","0.35",188
"Regular Baseline","2026-08-15",-4,"2026-07-18","Overall","quantile","0.4",201
"Regular Baseline","2026-08-15",-4,"2026-07-18","Overall","quantile","0.45",214
"Regular Baseline","2026-08-15",-4,"2026-07-18","Overall","quantile","0.5",228
"Regular Baseline","2026-08-15",-4,"2026-07-18","Overall","quantile","0.55",242
"Regular Baseline","2026-08-15",-4,"2026-07-18","Overall","quantile","0.6",257
"Regular Baseline","2026-08-15",-4,"2026-07-18","Overall","quantile","0.65",272
"Regular Baseline","2026-08-15",-4,"2026-07-18","Overall","quantile","0.7",289
"Regular Baseline","2026-08-15",-4,"2026-07-18","Overall","quantile","0.75",308
"Regular Baseline","2026-08-15",-4,"2026-07-18","Overall","quantile","0.8",332
"Regular Baseline","2026-08-15",-4,"2026-07-18","Overall","quantile","0.85",360
"Regular Baseline","2026-08-15",-4,"2026-07-18","Overall","quantile","0.9",398
"Regular Baseline","2026-08-15",-4,"2026-07-18","Overall","quantile","0.95",460
"Regular Baseline","2026-08-15",-4,"2026-07-18","Overall","quantile","0.975",519
"Regular Baseline","2026-08-15",-4,"2026-07-18","Overall","quantile","0.99",597
"Regular Baseline","2026-08-15",-3,"2026-07-25","Overall","quantile","0.01",24
"Regular Baseline","2026-08-15",-3,"2026-07-25","Overall","quantile","0.025",49
"Regular Baseline","2026-08-15",-3,"2026-07-25","Overall","quantile","0.05",70
"Regular Baseline","2026-08-15",-3,"2026-07-25","Overall","quantile","0.1",98
"Regular Baseline","2026-08-15",-3,"2026-07-25","Overall","quantile","0.15",120
"Regular Baseline","2026-08-15",-3,"2026-07-25","Overall","quantile","0.2",138
"Regular Baseline","2026-08-15",-3,"2026-07-25","Overall","quantile","0.25",155
"Regular Baseline","2026-08-15",-3,"2026-07-25","Overall","quantile","0.3",169
"Regular Baseline","2026-08-15",-3,"2026-07-25","Overall","quantile","0.35",184
"Regular Baseline","2026-08-15",-3,"2026-07-25","Overall","quantile","0.4",198
"Regular Baseline","2026-08-15",-3,"2026-07-25","Overall","quantile","0.45",212
"Regular Baseline","2026-08-15",-3,"2026-07-25","Overall","quantile","0.5",228
"Regular Baseline","2026-08-15",-3,"2026-07-25","Overall","quantile","0.55",243
"Regular Baseline","2026-08-15",-3,"2026-07-25","Overall","quantile","0.6",259
"Regular Baseline","2026-08-15",-3,"2026-07-25","Overall","quantile","0.65",277
"Regular Baseline","2026-08-15",-3,"2026-07-25","Overall","quantile","0.7",296
"Regular Baseline","2026-08-15",-3,"2026-07-25","Overall","quantile","0.75",318
"Regular Baseline","2026-08-15",-3,"2026-07-25","Overall","quantile","0.8",343
"Regular Baseline","2026-08-15",-3,"2026-07-25","Overall","quantile","0.85",375
"Regular Baseline","2026-08-15",-3,"2026-07-25","Overall","quantile","0.9",415
"Regular Baseline","2026-08-15",-3,"2026-07-25","Overall","quantile","0.95",490
"Regular Baseline","2026-08-15",-3,"2026-07-25","Overall","quantile","0.975",556
"Regular Baseline","2026-08-15",-3,"2026-07-25","Overall","quantile","0.99",652
"Regular Baseline","2026-08-15",-2,"2026-08-01","Overall","quantile","0.01",19
"Regular Baseline","2026-08-15",-2,"2026-08-01","Overall","quantile","0.025",38
"Regular Baseline","2026-08-15",-2,"2026-08-01","Overall","quantile","0.05",61
"Regular Baseline","2026-08-15",-2,"2026-08-01","Overall","quantile","0.1",90
"Regular Baseline","2026-08-15",-2,"2026-08-01","Overall","quantile","0.15",113
"Regular Baseline","2026-08-15",-2,"2026-08-01","Overall","quantile","0.2",132
"Regular Baseline","2026-08-15",-2,"2026-08-01","Overall","quantile","0.25",149
"Regular Baseline","2026-08-15",-2,"2026-08-01","Overall","quantile","0.3",165
"Regular Baseline","2026-08-15",-2,"2026-08-01","Overall","quantile","0.35",180
"Regular Baseline","2026-08-15",-2,"2026-08-01","Overall","quantile","0.4",197
"Regular Baseline","2026-08-15",-2,"2026-08-01","Overall","quantile","0.45",212
"Regular Baseline","2026-08-15",-2,"2026-08-01","Overall","quantile","0.5",228
"Regular Baseline","2026-08-15",-2,"2026-08-01","Overall","quantile","0.55",245
"Regular Baseline","2026-08-15",-2,"2026-08-01","Overall","quantile","0.6",262
"Regular Baseline","2026-08-15",-2,"2026-08-01","Overall","quantile","0.65",280
"Regular Baseline","2026-08-15",-2,"2026-08-01","Overall","quantile","0.7",301
"Regular Baseline","2026-08-15",-2,"2026-08-01","Overall","quantile","0.75",326
"Regular Baseline","2026-08-15",-2,"2026-08-01","Overall","quantile","0.8",353
"Regular Baseline","2026-08-15",-2,"2026-08-01","Overall","quantile","0.85",391
"Regular Baseline","2026-08-15",-2,"2026-08-01","Overall","quantile","0.9",437
"Regular Baseline","2026-08-15",-2,"2026-08-01","Overall","quantile","0.95",513
"Regular Baseline","2026-08-15",-2,"2026-08-01","Overall","quantile","0.975",587
"Regular Baseline","2026-08-15",-2,"2026-08-01","Overall","quantile","0.99",686
"Regular Baseline","2026-08-15",-1,"2026-08-08","Overall","quantile","0.01",11
"Regular Baseline","2026-08-15",-1,"2026-08-08","Overall","quantile","0.025",29
"Regular Baseline","2026-08-15",-1,"2026-08-08","Overall","quantile","0.05",51
"Regular Baseline","2026-08-15",-1,"2026-08-08","Overall","quantile","0.1",82
"Regular Baseline","2026-08-15",-1,"2026-08-08","Overall","quantile","0.15",104
"Regular Baseline","2026-08-15",-1,"2026-08-08","Overall","quantile","0.2",123
"Regular Baseline","2026-08-15",-1,"2026-08-08","Overall","quantile","0.25",142
"Regular Baseline","2026-08-15",-1,"2026-08-08","Overall","quantile","0.3",159
"Regular Baseline","2026-08-15",-1,"2026-08-08","Overall","quantile","0.35",177
"Regular Baseline","2026-08-15",-1,"2026-08-08","Overall","quantile","0.4",193
"Regular Baseline","2026-08-15",-1,"2026-08-08","Overall","quantile","0.45",210
"Regular Baseline","2026-08-15",-1,"2026-08-08","Overall","quantile","0.5",228
"Regular Baseline","2026-08-15",-1,"2026-08-08","Overall","quantile","0.55",246
"Regular Baseline","2026-08-15",-1,"2026-08-08","Overall","quantile","0.6",265
"Regular Baseline","2026-08-15",-1,"2026-08-08","Overall","quantile","0.65",284
"Regular Baseline","2026-08-15",-1,"2026-08-08","Overall","quantile","0.7",305
"Regular Baseline","2026-08-15",-1,"2026-08-08","Overall","quantile","0.75",331
"Regular Baseline","2026-08-15",-1,"2026-08-08","Overall","quantile","0.8",362
"Regular Baseline","2026-08-15",-1,"2026-08-08","Overall","quantile","0.85",399
"Regular Baseline","2026-08-15",-1,"2026-08-08","Overall","quantile","0.9",451
"Regular Baseline","2026-08-15",-1,"2026-08-08","Overall","quantile","0.95",535
"Regular Baseline","2026-08-15",-1,"2026-08-08","Overall","quantile","0.975",613
"Regular Baseline","2026-08-15",-1,"2026-08-08","Overall","quantile","0.99",730
"Regular Baseline","2026-08-15",0,"2026-08-15","Overall","quantile","0.01",6
"Regular Baseline","2026-08-15",0,"2026-08-15","Overall","quantile","0.025",23
"Regular Baseline","2026-08-15",0,"2026-08-15","Overall","quantile","0.05",43
"Regular Baseline","2026-08-15",0,"2026-08-15","Overall","quantile","0.1",75
"Regular Baseline","2026-08-15",0,"2026-08-15","Overall","quantile","0.15",98
"Regular Baseline","2026-08-15",0,"2026-08-15","Overall","quantile","0.2",120
"Regular Baseline","2026-08-15",0,"2026-08-15","Overall","quantile","0.25",138
"Regular Baseline","2026-08-15",0,"2026-08-15","Overall","quantile","0.3",156
"Regular Baseline","2026-08-15",0,"2026-08-15","Overall","quantile","0.35",174
"Regular Baseline","2026-08-15",0,"2026-08-15","Overall","quantile","0.4",192
"Regular Baseline","2026-08-15",0,"2026-08-15","Overall","quantile","0.45",210
"Regular Baseline","2026-08-15",0,"2026-08-15","Overall","quantile","0.5",228
"Regular Baseline","2026-08-15",0,"2026-08-15","Overall","quantile","0.55",248
"Regular Baseline","2026-08-15",0,"2026-08-15","Overall","quantile","0.6",270
"Regular Baseline","2026-08-15",0,"2026-08-15","Overall","quantile","0.65",292
"Regular Baseline","2026-08-15",0,"2026-08-15","Overall","quantile","0.7",315
"Regular Baseline","2026-08-15",0,"2026-08-15","Overall","quantile","0.75",343
"Regular Baseline","2026-08-15",0,"2026-08-15","Overall","quantile","0.8",375
"Regular Baseline","2026-08-15",0,"2026-08-15","Overall","quantile","0.85",411
"Regular Baseline","2026-08-15",0,"2026-08-15","Overall","quantile","0.9",464
"Regular Baseline","2026-08-15",0,"2026-08-15","Overall","quantile","0.95",560
"Regular Baseline","2026-08-15",0,"2026-08-15","Overall","quantile","0.975",645
"Regular Baseline","2026-08-15",0,"2026-08-15","Overall","quantile","0.99",771
"Regular Baseline","2026-08-15",1,"2026-08-22","Overall","quantile","0.01",3
"Regular Baseline","2026-08-15",1,"2026-08-22","Overall","quantile","0.025",18
"Regular Baseline","2026-08-15",1,"2026-08-22","Overall","quantile","0.05",37
"Regular Baseline","2026-08-15",1,"2026-08-22","Overall","quantile","0.1",66
"Regular Baseline","2026-08-15",1,"2026-08-22","Overall","quantile","0.15",91
"Regular Baseline","2026-08-15",1,"2026-08-22","Overall","quantile","0.2",111
"Regular Baseline","2026-08-15",1,"2026-08-22","Overall","quantile","0.25",132
"Regular Baseline","2026-08-15",1,"2026-08-22","Overall","quantile","0.3",151
"Regular Baseline","2026-08-15",1,"2026-08-22","Overall","quantile","0.35",170
"Regular Baseline","2026-08-15",1,"2026-08-22","Overall","quantile","0.4",188
"Regular Baseline","2026-08-15",1,"2026-08-22","Overall","quantile","0.45",207
"Regular Baseline","2026-08-15",1,"2026-08-22","Overall","quantile","0.5",228
"Regular Baseline","2026-08-15",1,"2026-08-22","Overall","quantile","0.55",248
"Regular Baseline","2026-08-15",1,"2026-08-22","Overall","quantile","0.6",271
"Regular Baseline","2026-08-15",1,"2026-08-22","Overall","quantile","0.65",294
"Regular Baseline","2026-08-15",1,"2026-08-22","Overall","quantile","0.7",319
"Regular Baseline","2026-08-15",1,"2026-08-22","Overall","quantile","0.75",344
"Regular Baseline","2026-08-15",1,"2026-08-22","Overall","quantile","0.8",381
"Regular Baseline","2026-08-15",1,"2026-08-22","Overall","quantile","0.85",420
"Regular Baseline","2026-08-15",1,"2026-08-22","Overall","quantile","0.9",479
"Regular Baseline","2026-08-15",1,"2026-08-22","Overall","quantile","0.95",572
"Regular Baseline","2026-08-15",1,"2026-08-22","Overall","quantile","0.975",667
"Regular Baseline","2026-08-15",1,"2026-08-22","Overall","quantile","0.99",795
"Regular Baseline","2026-08-15",2,"2026-08-29","Overall","quantile","0.01",1
"Regular Baseline","2026-08-15",2,"2026-08-29","Overall","quantile","0.025",14
"Regular Baseline","2026-08-15",2,"2026-08-29","Overall","quantile","0.05",35
"Regular Baseline","2026-08-15",2,"2026-08-29","Overall","quantile","0.1",63
"Regular Baseline","2026-08-15",2,"2026-08-29","Overall","quantile","0.15",87
"Regular Baseline","2026-08-15",2,"2026-08-29","Overall","quantile","0.2",109
"Regular Baseline","2026-08-15",2,"2026-08-29","Overall","quantile","0.25",130
"Regular Baseline","2026-08-15",2,"2026-08-29","Overall","quantile","0.3",149
"Regular Baseline","2026-08-15",2,"2026-08-29","Overall","quantile","0.35",169
"Regular Baseline","2026-08-15",2,"2026-08-29","Overall","quantile","0.4",189
"Regular Baseline","2026-08-15",2,"2026-08-29","Overall","quantile","0.45",209
"Regular Baseline","2026-08-15",2,"2026-08-29","Overall","quantile","0.5",228
"Regular Baseline","2026-08-15",2,"2026-08-29","Overall","quantile","0.55",251
"Regular Baseline","2026-08-15",2,"2026-08-29","Overall","quantile","0.6",276
"Regular Baseline","2026-08-15",2,"2026-08-29","Overall","quantile","0.65",300
"Regular Baseline","2026-08-15",2,"2026-08-29","Overall","quantile","0.7",327
"Regular Baseline","2026-08-15",2,"2026-08-29","Overall","quantile","0.75",356
"Regular Baseline","2026-08-15",2,"2026-08-29","Overall","quantile","0.8",391
"Regular Baseline","2026-08-15",2,"2026-08-29","Overall","quantile","0.85",434
"Regular Baseline","2026-08-15",2,"2026-08-29","Overall","quantile","0.9",498
"Regular Baseline","2026-08-15",2,"2026-08-29","Overall","quantile","0.95",596
"Regular Baseline","2026-08-15",2,"2026-08-29","Overall","quantile","0.975",699
"Regular Baseline","2026-08-15",2,"2026-08-29","Overall","quantile","0.99",835
"Regular Baseline","2026-08-15",3,"2026-09-05","Overall","quantile","0.01",0
"Regular Baseline","2026-08-15",3,"2026-09-05","Overall","quantile","0.025",10
"Regular Baseline","2026-08-15",3,"2026-09-05","Overall","quantile","0.05",28
"Regular Baseline","2026-08-15",3,"2026-09-05","Overall","quantile","0.1",58
"Regular Baseline","2026-08-15",3,"2026-09-05","Overall","quantile","0.15",83
"Regular Baseline","2026-08-15",3,"2026-09-05","Overall","quantile","0.2",105
"Regular Baseline","2026-08-15",3,"2026-09-05","Overall","quantile","0.25",126
"Regular Baseline","2026-08-15",3,"2026-09-05","Overall","quantile","0.3",146
"Regular Baseline","2026-08-15",3,"2026-09-05","Overall","quantile","0.35",165
"Regular Baseline","2026-08-15",3,"2026-09-05","Overall","quantile","0.4",187
"Regular Baseline","2026-08-15",3,"2026-09-05","Overall","quantile","0.45",208
"Regular Baseline","2026-08-15",3,"2026-09-05","Overall","quantile","0.5",228
"Regular Baseline","2026-08-15",3,"2026-09-05","Overall","quantile","0.55",250
"Regular Baseline","2026-08-15",3,"2026-09-05","Overall","quantile","0.6",276
"Regular Baseline","2026-08-15",3,"2026-09-05","Overall","quantile","0.65",301
"Regular Baseline","2026-08-15",3,"2026-09-05","Overall","quantile","0.7",330
"Regular Baseline","2026-08-15",3,"2026-09-05","Overall","quantile","0.75",362
"Regular Baseline","2026-08-15",3,"2026-09-05","Overall","quantile","0.8",401
"Regular Baseline","2026-08-15",3,"2026-09-05","Overall","quantile","0.85",448
"Regular Baseline","2026-08-15",3,"2026-09-05","Overall","quantile","0.9",509
"Regular Baseline","2026-08-15",3,"2026-09-05","Overall","quantile","0.95",613
"Regular Baseline","2026-08-15",3,"2026-09-05","Overall","quantile","0.975",720
"Regular Baseline","2026-08-15",3,"2026-09-05","Overall","quantile","0.99",849
"Regular Baseline","2026-08-15",-8,"2026-06-20","Pediatrics","quantile","0.01",62
"Regular Baseline","2026-08-15",-8,"2026-06-20","Pediatrics","quantile","0.025",74
"Regular Baseline","2026-08-15",-8,"2026-06-20","Pediatrics","quantile","0.05",83
"Regular Baseline","2026-08-15",-8,"2026-06-20","Pediatrics","quantile","0.1",90
"Regular Baseline","2026-08-15",-8,"2026-06-20","Pediatrics","quantile","0.15",95
"Regular Baseline","2026-08-15",-8,"2026-06-20","Pediatrics","quantile","0.2",102
"Regular Baseline","2026-08-15",-8,"2026-06-20","Pediatrics","quantile","0.25",107
"Regular Baseline","2026-08-15",-8,"2026-06-20","Pediatrics","quantile","0.3",113
"Regular Baseline","2026-08-15",-8,"2026-06-20","Pediatrics","quantile","0.35",115
"Regular Baseline","2026-08-15",-8,"2026-06-20","Pediatrics","quantile","0.4",118
"Regular Baseline","2026-08-15",-8,"2026-06-20","Pediatrics","quantile","0.45",123
"Regular Baseline","2026-08-15",-8,"2026-06-20","Pediatrics","quantile","0.5",126
"Regular Baseline","2026-08-15",-8,"2026-06-20","Pediatrics","quantile","0.55",129
"Regular Baseline","2026-08-15",-8,"2026-06-20","Pediatrics","quantile","0.6",134
"Regular Baseline","2026-08-15",-8,"2026-06-20","Pediatrics","quantile","0.65",137
"Regular Baseline","2026-08-15",-8,"2026-06-20","Pediatrics","quantile","0.7",140
"Regular Baseline","2026-08-15",-8,"2026-06-20","Pediatrics","quantile","0.75",147
"Regular Baseline","2026-08-15",-8,"2026-06-20","Pediatrics","quantile","0.8",153
"Regular Baseline","2026-08-15",-8,"2026-06-20","Pediatrics","quantile","0.85",161
"Regular Baseline","2026-08-15",-8,"2026-06-20","Pediatrics","quantile","0.9",169
"Regular Baseline","2026-08-15",-8,"2026-06-20","Pediatrics","quantile","0.95",178
"Regular Baseline","2026-08-15",-8,"2026-06-20","Pediatrics","quantile","0.975",192
"Regular Baseline","2026-08-15",-8,"2026-06-20","Pediatrics","quantile","0.99",213
"Regular Baseline","2026-08-15",-7,"2026-06-27","Pediatrics","quantile","0.01",41
"Regular Baseline","2026-08-15",-7,"2026-06-27","Pediatrics","quantile","0.025",54
"Regular Baseline","2026-08-15",-7,"2026-06-27","Pediatrics","quantile","0.05",64
"Regular Baseline","2026-08-15",-7,"2026-06-27","Pediatrics","quantile","0.1",77
"Regular Baseline","2026-08-15",-7,"2026-06-27","Pediatrics","quantile","0.15",85
"Regular Baseline","2026-08-15",-7,"2026-06-27","Pediatrics","quantile","0.2",93
"Regular Baseline","2026-08-15",-7,"2026-06-27","Pediatrics","quantile","0.25",99
"Regular Baseline","2026-08-15",-7,"2026-06-27","Pediatrics","quantile","0.3",105
"Regular Baseline","2026-08-15",-7,"2026-06-27","Pediatrics","quantile","0.35",110
"Regular Baseline","2026-08-15",-7,"2026-06-27","Pediatrics","quantile","0.4",116
"Regular Baseline","2026-08-15",-7,"2026-06-27","Pediatrics","quantile","0.45",121
"Regular Baseline","2026-08-15",-7,"2026-06-27","Pediatrics","quantile","0.5",126
"Regular Baseline","2026-08-15",-7,"2026-06-27","Pediatrics","quantile","0.55",131
"Regular Baseline","2026-08-15",-7,"2026-06-27","Pediatrics","quantile","0.6",137
"Regular Baseline","2026-08-15",-7,"2026-06-27","Pediatrics","quantile","0.65",142
"Regular Baseline","2026-08-15",-7,"2026-06-27","Pediatrics","quantile","0.7",149
"Regular Baseline","2026-08-15",-7,"2026-06-27","Pediatrics","quantile","0.75",156
"Regular Baseline","2026-08-15",-7,"2026-06-27","Pediatrics","quantile","0.8",164
"Regular Baseline","2026-08-15",-7,"2026-06-27","Pediatrics","quantile","0.85",174
"Regular Baseline","2026-08-15",-7,"2026-06-27","Pediatrics","quantile","0.9",185
"Regular Baseline","2026-08-15",-7,"2026-06-27","Pediatrics","quantile","0.95",206
"Regular Baseline","2026-08-15",-7,"2026-06-27","Pediatrics","quantile","0.975",225
"Regular Baseline","2026-08-15",-7,"2026-06-27","Pediatrics","quantile","0.99",252
"Regular Baseline","2026-08-15",-6,"2026-07-04","Pediatrics","quantile","0.01",30
"Regular Baseline","2026-08-15",-6,"2026-07-04","Pediatrics","quantile","0.025",42
"Regular Baseline","2026-08-15",-6,"2026-07-04","Pediatrics","quantile","0.05",53
"Regular Baseline","2026-08-15",-6,"2026-07-04","Pediatrics","quantile","0.1",67
"Regular Baseline","2026-08-15",-6,"2026-07-04","Pediatrics","quantile","0.15",78
"Regular Baseline","2026-08-15",-6,"2026-07-04","Pediatrics","quantile","0.2",86
"Regular Baseline","2026-08-15",-6,"2026-07-04","Pediatrics","quantile","0.25",93
"Regular Baseline","2026-08-15",-6,"2026-07-04","Pediatrics","quantile","0.3",100
"Regular Baseline","2026-08-15",-6,"2026-07-04","Pediatrics","quantile","0.35",107
"Regular Baseline","2026-08-15",-6,"2026-07-04","Pediatrics","quantile","0.4",113
"Regular Baseline","2026-08-15",-6,"2026-07-04","Pediatrics","quantile","0.45",119
"Regular Baseline","2026-08-15",-6,"2026-07-04","Pediatrics","quantile","0.5",126
"Regular Baseline","2026-08-15",-6,"2026-07-04","Pediatrics","quantile","0.55",133
"Regular Baseline","2026-08-15",-6,"2026-07-04","Pediatrics","quantile","0.6",140
"Regular Baseline","2026-08-15",-6,"2026-07-04","Pediatrics","quantile","0.65",147
"Regular Baseline","2026-08-15",-6,"2026-07-04","Pediatrics","quantile","0.7",155
"Regular Baseline","2026-08-15",-6,"2026-07-04","Pediatrics","quantile","0.75",164
"Regular Baseline","2026-08-15",-6,"2026-07-04","Pediatrics","quantile","0.8",174
"Regular Baseline","2026-08-15",-6,"2026-07-04","Pediatrics","quantile","0.85",186
"Regular Baseline","2026-08-15",-6,"2026-07-04","Pediatrics","quantile","0.9",202
"Regular Baseline","2026-08-15",-6,"2026-07-04","Pediatrics","quantile","0.95",229
"Regular Baseline","2026-08-15",-6,"2026-07-04","Pediatrics","quantile","0.975",255
"Regular Baseline","2026-08-15",-6,"2026-07-04","Pediatrics","quantile","0.99",289
"Regular Baseline","2026-08-15",-5,"2026-07-11","Pediatrics","quantile","0.01",23
"Regular Baseline","2026-08-15",-5,"2026-07-11","Pediatrics","quantile","0.025",35
"Regular Baseline","2026-08-15",-5,"2026-07-11","Pediatrics","quantile","0.05",46
"Regular Baseline","2026-08-15",-5,"2026-07-11","Pediatrics","quantile","0.1",61
"Regular Baseline","2026-08-15",-5,"2026-07-11","Pediatrics","quantile","0.15",72
"Regular Baseline","2026-08-15",-5,"2026-07-11","Pediatrics","quantile","0.2",81
"Regular Baseline","2026-08-15",-5,"2026-07-11","Pediatrics","quantile","0.25",89
"Regular Baseline","2026-08-15",-5,"2026-07-11","Pediatrics","quantile","0.3",97
"Regular Baseline","2026-08-15",-5,"2026-07-11","Pediatrics","quantile","0.35",105
"Regular Baseline","2026-08-15",-5,"2026-07-11","Pediatrics","quantile","0.4",112
"Regular Baseline","2026-08-15",-5,"2026-07-11","Pediatrics","quantile","0.45",119
"Regular Baseline","2026-08-15",-5,"2026-07-11","Pediatrics","quantile","0.5",126
"Regular Baseline","2026-08-15",-5,"2026-07-11","Pediatrics","quantile","0.55",134
"Regular Baseline","2026-08-15",-5,"2026-07-11","Pediatrics","quantile","0.6",142
"Regular Baseline","2026-08-15",-5,"2026-07-11","Pediatrics","quantile","0.65",151
"Regular Baseline","2026-08-15",-5,"2026-07-11","Pediatrics","quantile","0.7",161
"Regular Baseline","2026-08-15",-5,"2026-07-11","Pediatrics","quantile","0.75",171
"Regular Baseline","2026-08-15",-5,"2026-07-11","Pediatrics","quantile","0.8",183
"Regular Baseline","2026-08-15",-5,"2026-07-11","Pediatrics","quantile","0.85",198
"Regular Baseline","2026-08-15",-5,"2026-07-11","Pediatrics","quantile","0.9",218
"Regular Baseline","2026-08-15",-5,"2026-07-11","Pediatrics","quantile","0.95",249
"Regular Baseline","2026-08-15",-5,"2026-07-11","Pediatrics","quantile","0.975",283
"Regular Baseline","2026-08-15",-5,"2026-07-11","Pediatrics","quantile","0.99",327
"Regular Baseline","2026-08-15",-4,"2026-07-18","Pediatrics","quantile","0.01",16
"Regular Baseline","2026-08-15",-4,"2026-07-18","Pediatrics","quantile","0.025",28
"Regular Baseline","2026-08-15",-4,"2026-07-18","Pediatrics","quantile","0.05",39
"Regular Baseline","2026-08-15",-4,"2026-07-18","Pediatrics","quantile","0.1",54
"Regular Baseline","2026-08-15",-4,"2026-07-18","Pediatrics","quantile","0.15",66
"Regular Baseline","2026-08-15",-4,"2026-07-18","Pediatrics","quantile","0.2",76
"Regular Baseline","2026-08-15",-4,"2026-07-18","Pediatrics","quantile","0.25",86
"Regular Baseline","2026-08-15",-4,"2026-07-18","Pediatrics","quantile","0.3",94
"Regular Baseline","2026-08-15",-4,"2026-07-18","Pediatrics","quantile","0.35",102
"Regular Baseline","2026-08-15",-4,"2026-07-18","Pediatrics","quantile","0.4",110
"Regular Baseline","2026-08-15",-4,"2026-07-18","Pediatrics","quantile","0.45",118
"Regular Baseline","2026-08-15",-4,"2026-07-18","Pediatrics","quantile","0.5",126
"Regular Baseline","2026-08-15",-4,"2026-07-18","Pediatrics","quantile","0.55",135
"Regular Baseline","2026-08-15",-4,"2026-07-18","Pediatrics","quantile","0.6",143
"Regular Baseline","2026-08-15",-4,"2026-07-18","Pediatrics","quantile","0.65",154
"Regular Baseline","2026-08-15",-4,"2026-07-18","Pediatrics","quantile","0.7",164
"Regular Baseline","2026-08-15",-4,"2026-07-18","Pediatrics","quantile","0.75",177
"Regular Baseline","2026-08-15",-4,"2026-07-18","Pediatrics","quantile","0.8",190
"Regular Baseline","2026-08-15",-4,"2026-07-18","Pediatrics","quantile","0.85",208
"Regular Baseline","2026-08-15",-4,"2026-07-18","Pediatrics","quantile","0.9",230
"Regular Baseline","2026-08-15",-4,"2026-07-18","Pediatrics","quantile","0.95",270
"Regular Baseline","2026-08-15",-4,"2026-07-18","Pediatrics","quantile","0.975",307
"Regular Baseline","2026-08-15",-4,"2026-07-18","Pediatrics","quantile","0.99",354
"Regular Baseline","2026-08-15",-3,"2026-07-25","Pediatrics","quantile","0.01",11
"Regular Baseline","2026-08-15",-3,"2026-07-25","Pediatrics","quantile","0.025",20
"Regular Baseline","2026-08-15",-3,"2026-07-25","Pediatrics","quantile","0.05",33
"Regular Baseline","2026-08-15",-3,"2026-07-25","Pediatrics","quantile","0.1",49
"Regular Baseline","2026-08-15",-3,"2026-07-25","Pediatrics","quantile","0.15",61
"Regular Baseline","2026-08-15",-3,"2026-07-25","Pediatrics","quantile","0.2",71
"Regular Baseline","2026-08-15",-3,"2026-07-25","Pediatrics","quantile","0.25",81
"Regular Baseline","2026-08-15",-3,"2026-07-25","Pediatrics","quantile","0.3",89
"Regular Baseline","2026-08-15",-3,"2026-07-25","Pediatrics","quantile","0.35",99
"Regular Baseline","2026-08-15",-3,"2026-07-25","Pediatrics","quantile","0.4",108
"Regular Baseline","2026-08-15",-3,"2026-07-25","Pediatrics","quantile","0.45",117
"Regular Baseline","2026-08-15",-3,"2026-07-25","Pediatrics","quantile","0.5",126
"Regular Baseline","2026-08-15",-3,"2026-07-25","Pediatrics","quantile","0.55",136
"Regular Baseline","2026-08-15",-3,"2026-07-25","Pediatrics","quantile","0.6",145
"Regular Baseline","2026-08-15",-3,"2026-07-25","Pediatrics","quantile","0.65",156
"Regular Baseline","2026-08-15",-3,"2026-07-25","Pediatrics","quantile","0.7",169
"Regular Baseline","2026-08-15",-3,"2026-07-25","Pediatrics","quantile","0.75",182
"Regular Baseline","2026-08-15",-3,"2026-07-25","Pediatrics","quantile","0.8",197
"Regular Baseline","2026-08-15",-3,"2026-07-25","Pediatrics","quantile","0.85",215
"Regular Baseline","2026-08-15",-3,"2026-07-25","Pediatrics","quantile","0.9",241
"Regular Baseline","2026-08-15",-3,"2026-07-25","Pediatrics","quantile","0.95",284
"Regular Baseline","2026-08-15",-3,"2026-07-25","Pediatrics","quantile","0.975",326
"Regular Baseline","2026-08-15",-3,"2026-07-25","Pediatrics","quantile","0.99",381
"Regular Baseline","2026-08-15",-2,"2026-08-01","Pediatrics","quantile","0.01",7
"Regular Baseline","2026-08-15",-2,"2026-08-01","Pediatrics","quantile","0.025",16
"Regular Baseline","2026-08-15",-2,"2026-08-01","Pediatrics","quantile","0.05",27
"Regular Baseline","2026-08-15",-2,"2026-08-01","Pediatrics","quantile","0.1",44
"Regular Baseline","2026-08-15",-2,"2026-08-01","Pediatrics","quantile","0.15",57
"Regular Baseline","2026-08-15",-2,"2026-08-01","Pediatrics","quantile","0.2",68
"Regular Baseline","2026-08-15",-2,"2026-08-01","Pediatrics","quantile","0.25",78
"Regular Baseline","2026-08-15",-2,"2026-08-01","Pediatrics","quantile","0.3",88
"Regular Baseline","2026-08-15",-2,"2026-08-01","Pediatrics","quantile","0.35",97
"Regular Baseline","2026-08-15",-2,"2026-08-01","Pediatrics","quantile","0.4",107
"Regular Baseline","2026-08-15",-2,"2026-08-01","Pediatrics","quantile","0.45",117
"Regular Baseline","2026-08-15",-2,"2026-08-01","Pediatrics","quantile","0.5",126
"Regular Baseline","2026-08-15",-2,"2026-08-01","Pediatrics","quantile","0.55",137
"Regular Baseline","2026-08-15",-2,"2026-08-01","Pediatrics","quantile","0.6",147
"Regular Baseline","2026-08-15",-2,"2026-08-01","Pediatrics","quantile","0.65",158
"Regular Baseline","2026-08-15",-2,"2026-08-01","Pediatrics","quantile","0.7",171
"Regular Baseline","2026-08-15",-2,"2026-08-01","Pediatrics","quantile","0.75",186
"Regular Baseline","2026-08-15",-2,"2026-08-01","Pediatrics","quantile","0.8",203
"Regular Baseline","2026-08-15",-2,"2026-08-01","Pediatrics","quantile","0.85",226
"Regular Baseline","2026-08-15",-2,"2026-08-01","Pediatrics","quantile","0.9",252
"Regular Baseline","2026-08-15",-2,"2026-08-01","Pediatrics","quantile","0.95",297
"Regular Baseline","2026-08-15",-2,"2026-08-01","Pediatrics","quantile","0.975",345
"Regular Baseline","2026-08-15",-2,"2026-08-01","Pediatrics","quantile","0.99",399
"Regular Baseline","2026-08-15",-1,"2026-08-08","Pediatrics","quantile","0.01",3
"Regular Baseline","2026-08-15",-1,"2026-08-08","Pediatrics","quantile","0.025",12
"Regular Baseline","2026-08-15",-1,"2026-08-08","Pediatrics","quantile","0.05",22
"Regular Baseline","2026-08-15",-1,"2026-08-08","Pediatrics","quantile","0.1",39
"Regular Baseline","2026-08-15",-1,"2026-08-08","Pediatrics","quantile","0.15",52
"Regular Baseline","2026-08-15",-1,"2026-08-08","Pediatrics","quantile","0.2",64
"Regular Baseline","2026-08-15",-1,"2026-08-08","Pediatrics","quantile","0.25",75
"Regular Baseline","2026-08-15",-1,"2026-08-08","Pediatrics","quantile","0.3",85
"Regular Baseline","2026-08-15",-1,"2026-08-08","Pediatrics","quantile","0.35",95
"Regular Baseline","2026-08-15",-1,"2026-08-08","Pediatrics","quantile","0.4",105
"Regular Baseline","2026-08-15",-1,"2026-08-08","Pediatrics","quantile","0.45",115
"Regular Baseline","2026-08-15",-1,"2026-08-08","Pediatrics","quantile","0.5",126
"Regular Baseline","2026-08-15",-1,"2026-08-08","Pediatrics","quantile","0.55",137
"Regular Baseline","2026-08-15",-1,"2026-08-08","Pediatrics","quantile","0.6",149
"Regular Baseline","2026-08-15",-1,"2026-08-08","Pediatrics","quantile","0.65",162
"Regular Baseline","2026-08-15",-1,"2026-08-08","Pediatrics","quantile","0.7",176
"Regular Baseline","2026-08-15",-1,"2026-08-08","Pediatrics","quantile","0.75",192
"Regular Baseline","2026-08-15",-1,"2026-08-08","Pediatrics","quantile","0.8",210
"Regular Baseline","2026-08-15",-1,"2026-08-08","Pediatrics","quantile","0.85",231
"Regular Baseline","2026-08-15",-1,"2026-08-08","Pediatrics","quantile","0.9",261
"Regular Baseline","2026-08-15",-1,"2026-08-08","Pediatrics","quantile","0.95",314
"Regular Baseline","2026-08-15",-1,"2026-08-08","Pediatrics","quantile","0.975",362
"Regular Baseline","2026-08-15",-1,"2026-08-08","Pediatrics","quantile","0.99",420
"Regular Baseline","2026-08-15",0,"2026-08-15","Pediatrics","quantile","0.01",1
"Regular Baseline","2026-08-15",0,"2026-08-15","Pediatrics","quantile","0.025",8
"Regular Baseline","2026-08-15",0,"2026-08-15","Pediatrics","quantile","0.05",19
"Regular Baseline","2026-08-15",0,"2026-08-15","Pediatrics","quantile","0.1",35
"Regular Baseline","2026-08-15",0,"2026-08-15","Pediatrics","quantile","0.15",48
"Regular Baseline","2026-08-15",0,"2026-08-15","Pediatrics","quantile","0.2",60
"Regular Baseline","2026-08-15",0,"2026-08-15","Pediatrics","quantile","0.25",71
"Regular Baseline","2026-08-15",0,"2026-08-15","Pediatrics","quantile","0.3",82
"Regular Baseline","2026-08-15",0,"2026-08-15","Pediatrics","quantile","0.35",93
"Regular Baseline","2026-08-15",0,"2026-08-15","Pediatrics","quantile","0.4",104
"Regular Baseline","2026-08-15",0,"2026-08-15","Pediatrics","quantile","0.45",114
"Regular Baseline","2026-08-15",0,"2026-08-15","Pediatrics","quantile","0.5",126
"Regular Baseline","2026-08-15",0,"2026-08-15","Pediatrics","quantile","0.55",137
"Regular Baseline","2026-08-15",0,"2026-08-15","Pediatrics","quantile","0.6",149
"Regular Baseline","2026-08-15",0,"2026-08-15","Pediatrics","quantile","0.65",163
"Regular Baseline","2026-08-15",0,"2026-08-15","Pediatrics","quantile","0.7",178
"Regular Baseline","2026-08-15",0,"2026-08-15","Pediatrics","quantile","0.75",194
"Regular Baseline","2026-08-15",0,"2026-08-15","Pediatrics","quantile","0.8",213
"Regular Baseline","2026-08-15",0,"2026-08-15","Pediatrics","quantile","0.85",236
"Regular Baseline","2026-08-15",0,"2026-08-15","Pediatrics","quantile","0.9",272
"Regular Baseline","2026-08-15",0,"2026-08-15","Pediatrics","quantile","0.95",327
"Regular Baseline","2026-08-15",0,"2026-08-15","Pediatrics","quantile","0.975",383
"Regular Baseline","2026-08-15",0,"2026-08-15","Pediatrics","quantile","0.99",454
"Regular Baseline","2026-08-15",1,"2026-08-22","Pediatrics","quantile","0.01",0
"Regular Baseline","2026-08-15",1,"2026-08-22","Pediatrics","quantile","0.025",5
"Regular Baseline","2026-08-15",1,"2026-08-22","Pediatrics","quantile","0.05",15
"Regular Baseline","2026-08-15",1,"2026-08-22","Pediatrics","quantile","0.1",30
"Regular Baseline","2026-08-15",1,"2026-08-22","Pediatrics","quantile","0.15",44
"Regular Baseline","2026-08-15",1,"2026-08-22","Pediatrics","quantile","0.2",56
"Regular Baseline","2026-08-15",1,"2026-08-22","Pediatrics","quantile","0.25",68
"Regular Baseline","2026-08-15",1,"2026-08-22","Pediatrics","quantile","0.3",80
"Regular Baseline","2026-08-15",1,"2026-08-22","Pediatrics","quantile","0.35",91
"Regular Baseline","2026-08-15",1,"2026-08-22","Pediatrics","quantile","0.4",102
"Regular Baseline","2026-08-15",1,"2026-08-22","Pediatrics","quantile","0.45",114
"Regular Baseline","2026-08-15",1,"2026-08-22","Pediatrics","quantile","0.5",126
"Regular Baseline","2026-08-15",1,"2026-08-22","Pediatrics","quantile","0.55",139
"Regular Baseline","2026-08-15",1,"2026-08-22","Pediatrics","quantile","0.6",151
"Regular Baseline","2026-08-15",1,"2026-08-22","Pediatrics","quantile","0.65",165
"Regular Baseline","2026-08-15",1,"2026-08-22","Pediatrics","quantile","0.7",180
"Regular Baseline","2026-08-15",1,"2026-08-22","Pediatrics","quantile","0.75",197
"Regular Baseline","2026-08-15",1,"2026-08-22","Pediatrics","quantile","0.8",216
"Regular Baseline","2026-08-15",1,"2026-08-22","Pediatrics","quantile","0.85",244
"Regular Baseline","2026-08-15",1,"2026-08-22","Pediatrics","quantile","0.9",280
"Regular Baseline","2026-08-15",1,"2026-08-22","Pediatrics","quantile","0.95",338
"Regular Baseline","2026-08-15",1,"2026-08-22","Pediatrics","quantile","0.975",399
"Regular Baseline","2026-08-15",1,"2026-08-22","Pediatrics","quantile","0.99",487
"Regular Baseline","2026-08-15",2,"2026-08-29","Pediatrics","quantile","0.01",0
"Regular Baseline","2026-08-15",2,"2026-08-29","Pediatrics","quantile","0.025",3
"Regular Baseline","2026-08-15",2,"2026-08-29","Pediatrics","quantile","0.05",11
"Regular Baseline","2026-08-15",2,"2026-08-29","Pediatrics","quantile","0.1",28
"Regular Baseline","2026-08-15",2,"2026-08-29","Pediatrics","quantile","0.15",41
"Regular Baseline","2026-08-15",2,"2026-08-29","Pediatrics","quantile","0.2",53
"Regular Baseline","2026-08-15",2,"2026-08-29","Pediatrics","quantile","0.25",64
"Regular Baseline","2026-08-15",2,"2026-08-29","Pediatrics","quantile","0.3",77
"Regular Baseline","2026-08-15",2,"2026-08-29","Pediatrics","quantile","0.35",90
"Regular Baseline","2026-08-15",2,"2026-08-29","Pediatrics","quantile","0.4",102
"Regular Baseline","2026-08-15",2,"2026-08-29","Pediatrics","quantile","0.45",114
"Regular Baseline","2026-08-15",2,"2026-08-29","Pediatrics","quantile","0.5",126
"Regular Baseline","2026-08-15",2,"2026-08-29","Pediatrics","quantile","0.55",139
"Regular Baseline","2026-08-15",2,"2026-08-29","Pediatrics","quantile","0.6",152
"Regular Baseline","2026-08-15",2,"2026-08-29","Pediatrics","quantile","0.65",166
"Regular Baseline","2026-08-15",2,"2026-08-29","Pediatrics","quantile","0.7",183
"Regular Baseline","2026-08-15",2,"2026-08-29","Pediatrics","quantile","0.75",202
"Regular Baseline","2026-08-15",2,"2026-08-29","Pediatrics","quantile","0.8",223
"Regular Baseline","2026-08-15",2,"2026-08-29","Pediatrics","quantile","0.85",251
"Regular Baseline","2026-08-15",2,"2026-08-29","Pediatrics","quantile","0.9",290
"Regular Baseline","2026-08-15",2,"2026-08-29","Pediatrics","quantile","0.95",355
"Regular Baseline","2026-08-15",2,"2026-08-29","Pediatrics","quantile","0.975",416
"Regular Baseline","2026-08-15",2,"2026-08-29","Pediatrics","quantile","0.99",502
"Regular Baseline","2026-08-15",3,"2026-09-05","Pediatrics","quantile","0.01",0
"Regular Baseline","2026-08-15",3,"2026-09-05","Pediatrics","quantile","0.025",2
"Regular Baseline","2026-08-15",3,"2026-09-05","Pediatrics","quantile","0.05",9
"Regular Baseline","2026-08-15",3,"2026-09-05","Pediatrics","quantile","0.1",25
"Regular Baseline","2026-08-15",3,"2026-09-05","Pediatrics","quantile","0.15",38
"Regular Baseline","2026-08-15",3,"2026-09-05","Pediatrics","quantile","0.2",51
"Regular Baseline","2026-08-15",3,"2026-09-05","Pediatrics","quantile","0.25",63
"Regular Baseline","2026-08-15",3,"2026-09-05","Pediatrics","quantile","0.3",76
"Regular Baseline","2026-08-15",3,"2026-09-05","Pediatrics","quantile","0.35",88
"Regular Baseline","2026-08-15",3,"2026-09-05","Pediatrics","quantile","0.4",101
"Regular Baseline","2026-08-15",3,"2026-09-05","Pediatrics","quantile","0.45",113
"Regular Baseline","2026-08-15",3,"2026-09-05","Pediatrics","quantile","0.5",126
"Regular Baseline","2026-08-15",3,"2026-09-05","Pediatrics","quantile","0.55",140
"Regular Baseline","2026-08-15",3,"2026-09-05","Pediatrics","quantile","0.6",154
"Regular Baseline","2026-08-15",3,"2026-09-05","Pediatrics","quantile","0.65",169
"Regular Baseline","2026-08-15",3,"2026-09-05","Pediatrics","quantile","0.7",187
"Regular Baseline","2026-08-15",3,"2026-09-05","Pediatrics","quantile","0.75",206
"Regular Baseline","2026-08-15",3,"2026-09-05","Pediatrics","quantile","0.8",229
"Regular Baseline","2026-08-15",3,"2026-09-05","Pediatrics","quantile","0.85",259
"Regular Baseline","2026-08-15",3,"2026-09-05","Pediatrics","quantile","0.9",302
"Regular Baseline","2026-08-15",3,"2026-09-05","Pediatrics","quantile","0.95",367
"Regular Baseline","2026-08-15",3,"2026-09-05","Pediatrics","quantile","0.975",441
"Regular Baseline","2026-08-15",3,"2026-09-05","Pediatrics","quantile","0.99",533
"Seasonal Baseline","2026-08-15",-8,"2026-06-20","Adults","quantile","0.01",93
"Seasonal Baseline","2026-08-15",-8,"2026-06-20","Adults","quantile","0.025",111
"Seasonal Baseline","2026-08-15",-8,"2026-06-20","Adults","quantile","0.05",134
"Seasonal Baseline","2026-08-15",-8,"2026-06-20","Adults","quantile","0.1",163
"Seasonal Baseline","2026-08-15",-8,"2026-06-20","Adults","quantile","0.15",184
"Seasonal Baseline","2026-08-15",-8,"2026-06-20","Adults","quantile","0.2",204
"Seasonal Baseline","2026-08-15",-8,"2026-06-20","Adults","quantile","0.25",225
"Seasonal Baseline","2026-08-15",-8,"2026-06-20","Adults","quantile","0.3",244
"Seasonal Baseline","2026-08-15",-8,"2026-06-20","Adults","quantile","0.35",261
"Seasonal Baseline","2026-08-15",-8,"2026-06-20","Adults","quantile","0.4",283
"Seasonal Baseline","2026-08-15",-8,"2026-06-20","Adults","quantile","0.45",302
"Seasonal Baseline","2026-08-15",-8,"2026-06-20","Adults","quantile","0.5",323
"Seasonal Baseline","2026-08-15",-8,"2026-06-20","Adults","quantile","0.55",347
"Seasonal Baseline","2026-08-15",-8,"2026-06-20","Adults","quantile","0.6",371
"Seasonal Baseline","2026-08-15",-8,"2026-06-20","Adults","quantile","0.65",400
"Seasonal Baseline","2026-08-15",-8,"2026-06-20","Adults","quantile","0.7",431
"Seasonal Baseline","2026-08-15",-8,"2026-06-20","Adults","quantile","0.75",467
"Seasonal Baseline","2026-08-15",-8,"2026-06-20","Adults","quantile","0.8",512
"Seasonal Baseline","2026-08-15",-8,"2026-06-20","Adults","quantile","0.85",572
"Seasonal Baseline","2026-08-15",-8,"2026-06-20","Adults","quantile","0.9",659
"Seasonal Baseline","2026-08-15",-8,"2026-06-20","Adults","quantile","0.95",809
"Seasonal Baseline","2026-08-15",-8,"2026-06-20","Adults","quantile","0.975",953
"Seasonal Baseline","2026-08-15",-8,"2026-06-20","Adults","quantile","0.99",1145
"Seasonal Baseline","2026-08-15",-7,"2026-06-27","Adults","quantile","0.01",87
"Seasonal Baseline","2026-08-15",-7,"2026-06-27","Adults","quantile","0.025",109
"Seasonal Baseline","2026-08-15",-7,"2026-06-27","Adults","quantile","0.05",130
"Seasonal Baseline","2026-08-15",-7,"2026-06-27","Adults","quantile","0.1",159
"Seasonal Baseline","2026-08-15",-7,"2026-06-27","Adults","quantile","0.15",182
"Seasonal Baseline","2026-08-15",-7,"2026-06-27","Adults","quantile","0.2",203
"Seasonal Baseline","2026-08-15",-7,"2026-06-27","Adults","quantile","0.25",223
"Seasonal Baseline","2026-08-15",-7,"2026-06-27","Adults","quantile","0.3",242
"Seasonal Baseline","2026-08-15",-7,"2026-06-27","Adults","quantile","0.35",262
"Seasonal Baseline","2026-08-15",-7,"2026-06-27","Adults","quantile","0.4",281
"Seasonal Baseline","2026-08-15",-7,"2026-06-27","Adults","quantile","0.45",301
"Seasonal Baseline","2026-08-15",-7,"2026-06-27","Adults","quantile","0.5",322
"Seasonal Baseline","2026-08-15",-7,"2026-06-27","Adults","quantile","0.55",345
"Seasonal Baseline","2026-08-15",-7,"2026-06-27","Adults","quantile","0.6",369
"Seasonal Baseline","2026-08-15",-7,"2026-06-27","Adults","quantile","0.65",397
"Seasonal Baseline","2026-08-15",-7,"2026-06-27","Adults","quantile","0.7",427
"Seasonal Baseline","2026-08-15",-7,"2026-06-27","Adults","quantile","0.75",461
"Seasonal Baseline","2026-08-15",-7,"2026-06-27","Adults","quantile","0.8",501
"Seasonal Baseline","2026-08-15",-7,"2026-06-27","Adults","quantile","0.85",560
"Seasonal Baseline","2026-08-15",-7,"2026-06-27","Adults","quantile","0.9",640
"Seasonal Baseline","2026-08-15",-7,"2026-06-27","Adults","quantile","0.95",774
"Seasonal Baseline","2026-08-15",-7,"2026-06-27","Adults","quantile","0.975",926
"Seasonal Baseline","2026-08-15",-7,"2026-06-27","Adults","quantile","0.99",1124
"Seasonal Baseline","2026-08-15",-6,"2026-07-04","Adults","quantile","0.01",89
"Seasonal Baseline","2026-08-15",-6,"2026-07-04","Adults","quantile","0.025",108
"Seasonal Baseline","2026-08-15",-6,"2026-07-04","Adults","quantile","0.05",128
"Seasonal Baseline","2026-08-15",-6,"2026-07-04","Adults","quantile","0.1",154
"Seasonal Baseline","2026-08-15",-6,"2026-07-04","Adults","quantile","0.15",178
"Seasonal Baseline","2026-08-15",-6,"2026-07-04","Adults","quantile","0.2",198
"Seasonal Baseline","2026-08-15",-6,"2026-07-04","Adults","quantile","0.25",216
"Seasonal Baseline","2026-08-15",-6,"2026-07-04","Adults","quantile","0.3",236
"Seasonal Baseline","2026-08-15",-6,"2026-07-04","Adults","quantile","0.35",254
"Seasonal Baseline","2026-08-15",-6,"2026-07-04","Adults","quantile","0.4",275
"Seasonal Baseline","2026-08-15",-6,"2026-07-04","Adults","quantile","0.45",293
"Seasonal Baseline","2026-08-15",-6,"2026-07-04","Adults","quantile","0.5",313
"Seasonal Baseline","2026-08-15",-6,"2026-07-04","Adults","quantile","0.55",335
"Seasonal Baseline","2026-08-15",-6,"2026-07-04","Adults","quantile","0.6",359
"Seasonal Baseline","2026-08-15",-6,"2026-07-04","Adults","quantile","0.65",385
"Seasonal Baseline","2026-08-15",-6,"2026-07-04","Adults","quantile","0.7",416
"Seasonal Baseline","2026-08-15",-6,"2026-07-04","Adults","quantile","0.75",451
"Seasonal Baseline","2026-08-15",-6,"2026-07-04","Adults","quantile","0.8",495
"Seasonal Baseline","2026-08-15",-6,"2026-07-04","Adults","quantile","0.85",550
"Seasonal Baseline","2026-08-15",-6,"2026-07-04","Adults","quantile","0.9",633
"Seasonal Baseline","2026-08-15",-6,"2026-07-04","Adults","quantile","0.95",765
"Seasonal Baseline","2026-08-15",-6,"2026-07-04","Adults","quantile","0.975",935
"Seasonal Baseline","2026-08-15",-6,"2026-07-04","Adults","quantile","0.99",1134
"Seasonal Baseline","2026-08-15",-5,"2026-07-11","Adults","quantile","0.01",83
"Seasonal Baseline","2026-08-15",-5,"2026-07-11","Adults","quantile","0.025",102
"Seasonal Baseline","2026-08-15",-5,"2026-07-11","Adults","quantile","0.05",121
"Seasonal Baseline","2026-08-15",-5,"2026-07-11","Adults","quantile","0.1",148
"Seasonal Baseline","2026-08-15",-5,"2026-07-11","Adults","quantile","0.15",168
"Seasonal Baseline","2026-08-15",-5,"2026-07-11","Adults","quantile","0.2",186
"Seasonal Baseline","2026-08-15",-5,"2026-07-11","Adults","quantile","0.25",204
"Seasonal Baseline","2026-08-15",-5,"2026-07-11","Adults","quantile","0.3",219
"Seasonal Baseline","2026-08-15",-5,"2026-07-11","Adults","quantile","0.35",238
"Seasonal Baseline","2026-08-15",-5,"2026-07-11","Adults","quantile","0.4",256
"Seasonal Baseline","2026-08-15",-5,"2026-07-11","Adults","quantile","0.45",275
"Seasonal Baseline","2026-08-15",-5,"2026-07-11","Adults","quantile","0.5",293
"Seasonal Baseline","2026-08-15",-5,"2026-07-11","Adults","quantile","0.55",315
"Seasonal Baseline","2026-08-15",-5,"2026-07-11","Adults","quantile","0.6",338
"Seasonal Baseline","2026-08-15",-5,"2026-07-11","Adults","quantile","0.65",364
"Seasonal Baseline","2026-08-15",-5,"2026-07-11","Adults","quantile","0.7",392
"Seasonal Baseline","2026-08-15",-5,"2026-07-11","Adults","quantile","0.75",426
"Seasonal Baseline","2026-08-15",-5,"2026-07-11","Adults","quantile","0.8",465
"Seasonal Baseline","2026-08-15",-5,"2026-07-11","Adults","quantile","0.85",516
"Seasonal Baseline","2026-08-15",-5,"2026-07-11","Adults","quantile","0.9",592
"Seasonal Baseline","2026-08-15",-5,"2026-07-11","Adults","quantile","0.95",712
"Seasonal Baseline","2026-08-15",-5,"2026-07-11","Adults","quantile","0.975",845
"Seasonal Baseline","2026-08-15",-5,"2026-07-11","Adults","quantile","0.99",1037
"Seasonal Baseline","2026-08-15",-4,"2026-07-18","Adults","quantile","0.01",79
"Seasonal Baseline","2026-08-15",-4,"2026-07-18","Adults","quantile","0.025",95
"Seasonal Baseline","2026-08-15",-4,"2026-07-18","Adults","quantile","0.05",113
"Seasonal Baseline","2026-08-15",-4,"2026-07-18","Adults","quantile","0.1",138
"Seasonal Baseline","2026-08-15",-4,"2026-07-18","Adults","quantile","0.15",158
"Seasonal Baseline","2026-08-15",-4,"2026-07-18","Adults","quantile","0.2",176
"Seasonal Baseline","2026-08-15",-4,"2026-07-18","Adults","quantile","0.25",192
"Seasonal Baseline","2026-08-15",-4,"2026-07-18","Adults","quantile","0.3",208
"Seasonal Baseline","2026-08-15",-4,"2026-07-18","Adults","quantile","0.35",225
"Seasonal Baseline","2026-08-15",-4,"2026-07-18","Adults","quantile","0.4",241
"Seasonal Baseline","2026-08-15",-4,"2026-07-18","Adults","quantile","0.45",257
"Seasonal Baseline","2026-08-15",-4,"2026-07-18","Adults","quantile","0.5",277
"Seasonal Baseline","2026-08-15",-4,"2026-07-18","Adults","quantile","0.55",297
"Seasonal Baseline","2026-08-15",-4,"2026-07-18","Adults","quantile","0.6",319
"Seasonal Baseline","2026-08-15",-4,"2026-07-18","Adults","quantile","0.65",344
"Seasonal Baseline","2026-08-15",-4,"2026-07-18","Adults","quantile","0.7",370
"Seasonal Baseline","2026-08-15",-4,"2026-07-18","Adults","quantile","0.75",401
"Seasonal Baseline","2026-08-15",-4,"2026-07-18","Adults","quantile","0.8",438
"Seasonal Baseline","2026-08-15",-4,"2026-07-18","Adults","quantile","0.85",488
"Seasonal Baseline","2026-08-15",-4,"2026-07-18","Adults","quantile","0.9",557
"Seasonal Baseline","2026-08-15",-4,"2026-07-18","Adults","quantile","0.95",680
"Seasonal Baseline","2026-08-15",-4,"2026-07-18","Adults","quantile","0.975",791
"Seasonal Baseline","2026-08-15",-4,"2026-07-18","Adults","quantile","0.99",967
"Seasonal Baseline","2026-08-15",-3,"2026-07-25","Adults","quantile","0.01",74
"Seasonal Baseline","2026-08-15",-3,"2026-07-25","Adults","quantile","0.025",91
"Seasonal Baseline","2026-08-15",-3,"2026-07-25","Adults","quantile","0.05",110
"Seasonal Baseline","2026-08-15",-3,"2026-07-25","Adults","quantile","0.1",131
"Seasonal Baseline","2026-08-15",-3,"2026-07-25","Adults","quantile","0.15",149
"Seasonal Baseline","2026-08-15",-3,"2026-07-25","Adults","quantile","0.2",166
"Seasonal Baseline","2026-08-15",-3,"2026-07-25","Adults","quantile","0.25",181
"Seasonal Baseline","2026-08-15",-3,"2026-07-25","Adults","quantile","0.3",197
"Seasonal Baseline","2026-08-15",-3,"2026-07-25","Adults","quantile","0.35",211
"Seasonal Baseline","2026-08-15",-3,"2026-07-25","Adults","quantile","0.4",226
"Seasonal Baseline","2026-08-15",-3,"2026-07-25","Adults","quantile","0.45",242
"Seasonal Baseline","2026-08-15",-3,"2026-07-25","Adults","quantile","0.5",260
"Seasonal Baseline","2026-08-15",-3,"2026-07-25","Adults","quantile","0.55",278
"Seasonal Baseline","2026-08-15",-3,"2026-07-25","Adults","quantile","0.6",297
"Seasonal Baseline","2026-08-15",-3,"2026-07-25","Adults","quantile","0.65",318
"Seasonal Baseline","2026-08-15",-3,"2026-07-25","Adults","quantile","0.7",344
"Seasonal Baseline","2026-08-15",-3,"2026-07-25","Adults","quantile","0.75",376
"Seasonal Baseline","2026-08-15",-3,"2026-07-25","Adults","quantile","0.8",411
"Seasonal Baseline","2026-08-15",-3,"2026-07-25","Adults","quantile","0.85",455
"Seasonal Baseline","2026-08-15",-3,"2026-07-25","Adults","quantile","0.9",524
"Seasonal Baseline","2026-08-15",-3,"2026-07-25","Adults","quantile","0.95",632
"Seasonal Baseline","2026-08-15",-3,"2026-07-25","Adults","quantile","0.975",749
"Seasonal Baseline","2026-08-15",-3,"2026-07-25","Adults","quantile","0.99",898
"Seasonal Baseline","2026-08-15",-2,"2026-08-01","Adults","quantile","0.01",69
"Seasonal Baseline","2026-08-15",-2,"2026-08-01","Adults","quantile","0.025",83
"Seasonal Baseline","2026-08-15",-2,"2026-08-01","Adults","quantile","0.05",98
"Seasonal Baseline","2026-08-15",-2,"2026-08-01","Adults","quantile","0.1",121
"Seasonal Baseline","2026-08-15",-2,"2026-08-01","Adults","quantile","0.15",137
"Seasonal Baseline","2026-08-15",-2,"2026-08-01","Adults","quantile","0.2",153
"Seasonal Baseline","2026-08-15",-2,"2026-08-01","Adults","quantile","0.25",168
"Seasonal Baseline","2026-08-15",-2,"2026-08-01","Adults","quantile","0.3",183
"Seasonal Baseline","2026-08-15",-2,"2026-08-01","Adults","quantile","0.35",196
"Seasonal Baseline","2026-08-15",-2,"2026-08-01","Adults","quantile","0.4",212
"Seasonal Baseline","2026-08-15",-2,"2026-08-01","Adults","quantile","0.45",226
"Seasonal Baseline","2026-08-15",-2,"2026-08-01","Adults","quantile","0.5",242
"Seasonal Baseline","2026-08-15",-2,"2026-08-01","Adults","quantile","0.55",259
"Seasonal Baseline","2026-08-15",-2,"2026-08-01","Adults","quantile","0.6",278
"Seasonal Baseline","2026-08-15",-2,"2026-08-01","Adults","quantile","0.65",299
"Seasonal Baseline","2026-08-15",-2,"2026-08-01","Adults","quantile","0.7",321
"Seasonal Baseline","2026-08-15",-2,"2026-08-01","Adults","quantile","0.75",348
"Seasonal Baseline","2026-08-15",-2,"2026-08-01","Adults","quantile","0.8",382
"Seasonal Baseline","2026-08-15",-2,"2026-08-01","Adults","quantile","0.85",426
"Seasonal Baseline","2026-08-15",-2,"2026-08-01","Adults","quantile","0.9",486
"Seasonal Baseline","2026-08-15",-2,"2026-08-01","Adults","quantile","0.95",589
"Seasonal Baseline","2026-08-15",-2,"2026-08-01","Adults","quantile","0.975",708
"Seasonal Baseline","2026-08-15",-2,"2026-08-01","Adults","quantile","0.99",850
"Seasonal Baseline","2026-08-15",-1,"2026-08-08","Adults","quantile","0.01",64
"Seasonal Baseline","2026-08-15",-1,"2026-08-08","Adults","quantile","0.025",79
"Seasonal Baseline","2026-08-15",-1,"2026-08-08","Adults","quantile","0.05",93
"Seasonal Baseline","2026-08-15",-1,"2026-08-08","Adults","quantile","0.1",114
"Seasonal Baseline","2026-08-15",-1,"2026-08-08","Adults","quantile","0.15",130
"Seasonal Baseline","2026-08-15",-1,"2026-08-08","Adults","quantile","0.2",145
"Seasonal Baseline","2026-08-15",-1,"2026-08-08","Adults","quantile","0.25",158
"Seasonal Baseline","2026-08-15",-1,"2026-08-08","Adults","quantile","0.3",172
"Seasonal Baseline","2026-08-15",-1,"2026-08-08","Adults","quantile","0.35",184
"Seasonal Baseline","2026-08-15",-1,"2026-08-08","Adults","quantile","0.4",198
"Seasonal Baseline","2026-08-15",-1,"2026-08-08","Adults","quantile","0.45",212
"Seasonal Baseline","2026-08-15",-1,"2026-08-08","Adults","quantile","0.5",228
"Seasonal Baseline","2026-08-15",-1,"2026-08-08","Adults","quantile","0.55",243
"Seasonal Baseline","2026-08-15",-1,"2026-08-08","Adults","quantile","0.6",261
"Seasonal Baseline","2026-08-15",-1,"2026-08-08","Adults","quantile","0.65",280
"Seasonal Baseline","2026-08-15",-1,"2026-08-08","Adults","quantile","0.7",302
"Seasonal Baseline","2026-08-15",-1,"2026-08-08","Adults","quantile","0.75",326
"Seasonal Baseline","2026-08-15",-1,"2026-08-08","Adults","quantile","0.8",358
"Seasonal Baseline","2026-08-15",-1,"2026-08-08","Adults","quantile","0.85",400
"Seasonal Baseline","2026-08-15",-1,"2026-08-08","Adults","quantile","0.9",456
"Seasonal Baseline","2026-08-15",-1,"2026-08-08","Adults","quantile","0.95",556
"Seasonal Baseline","2026-08-15",-1,"2026-08-08","Adults","quantile","0.975",663
"Seasonal Baseline","2026-08-15",-1,"2026-08-08","Adults","quantile","0.99",803
"Seasonal Baseline","2026-08-15",0,"2026-08-15","Adults","quantile","0.01",59
"Seasonal Baseline","2026-08-15",0,"2026-08-15","Adults","quantile","0.025",75
"Seasonal Baseline","2026-08-15",0,"2026-08-15","Adults","quantile","0.05",88
"Seasonal Baseline","2026-08-15",0,"2026-08-15","Adults","quantile","0.1",107
"Seasonal Baseline","2026-08-15",0,"2026-08-15","Adults","quantile","0.15",122
"Seasonal Baseline","2026-08-15",0,"2026-08-15","Adults","quantile","0.2",135
"Seasonal Baseline","2026-08-15",0,"2026-08-15","Adults","quantile","0.25",148
"Seasonal Baseline","2026-08-15",0,"2026-08-15","Adults","quantile","0.3",159
"Seasonal Baseline","2026-08-15",0,"2026-08-15","Adults","quantile","0.35",172
"Seasonal Baseline","2026-08-15",0,"2026-08-15","Adults","quantile","0.4",184
"Seasonal Baseline","2026-08-15",0,"2026-08-15","Adults","quantile","0.45",198
"Seasonal Baseline","2026-08-15",0,"2026-08-15","Adults","quantile","0.5",211
"Seasonal Baseline","2026-08-15",0,"2026-08-15","Adults","quantile","0.55",227
"Seasonal Baseline","2026-08-15",0,"2026-08-15","Adults","quantile","0.6",243
"Seasonal Baseline","2026-08-15",0,"2026-08-15","Adults","quantile","0.65",261
"Seasonal Baseline","2026-08-15",0,"2026-08-15","Adults","quantile","0.7",281
"Seasonal Baseline","2026-08-15",0,"2026-08-15","Adults","quantile","0.75",305
"Seasonal Baseline","2026-08-15",0,"2026-08-15","Adults","quantile","0.8",334
"Seasonal Baseline","2026-08-15",0,"2026-08-15","Adults","quantile","0.85",370
"Seasonal Baseline","2026-08-15",0,"2026-08-15","Adults","quantile","0.9",425
"Seasonal Baseline","2026-08-15",0,"2026-08-15","Adults","quantile","0.95",512
"Seasonal Baseline","2026-08-15",0,"2026-08-15","Adults","quantile","0.975",603
"Seasonal Baseline","2026-08-15",0,"2026-08-15","Adults","quantile","0.99",749
"Seasonal Baseline","2026-08-15",1,"2026-08-22","Adults","quantile","0.01",57
"Seasonal Baseline","2026-08-15",1,"2026-08-22","Adults","quantile","0.025",70
"Seasonal Baseline","2026-08-15",1,"2026-08-22","Adults","quantile","0.05",84
"Seasonal Baseline","2026-08-15",1,"2026-08-22","Adults","quantile","0.1",102
"Seasonal Baseline","2026-08-15",1,"2026-08-22","Adults","quantile","0.15",116
"Seasonal Baseline","2026-08-15",1,"2026-08-22","Adults","quantile","0.2",129
"Seasonal Baseline","2026-08-15",1,"2026-08-22","Adults","quantile","0.25",142
"Seasonal Baseline","2026-08-15",1,"2026-08-22","Adults","quantile","0.3",154
"Seasonal Baseline","2026-08-15",1,"2026-08-22","Adults","quantile","0.35",166
"Seasonal Baseline","2026-08-15",1,"2026-08-22","Adults","quantile","0.4",179
"Seasonal Baseline","2026-08-15",1,"2026-08-22","Adults","quantile","0.45",191
"Seasonal Baseline","2026-08-15",1,"2026-08-22","Adults","quantile","0.5",204
"Seasonal Baseline","2026-08-15",1,"2026-08-22","Adults","quantile","0.55",218
"Seasonal Baseline","2026-08-15",1,"2026-08-22","Adults","quantile","0.6",233
"Seasonal Baseline","2026-08-15",1,"2026-08-22","Adults","quantile","0.65",250
"Seasonal Baseline","2026-08-15",1,"2026-08-22","Adults","quantile","0.7",270
"Seasonal Baseline","2026-08-15",1,"2026-08-22","Adults","quantile","0.75",293
"Seasonal Baseline","2026-08-15",1,"2026-08-22","Adults","quantile","0.8",321
"Seasonal Baseline","2026-08-15",1,"2026-08-22","Adults","quantile","0.85",357
"Seasonal Baseline","2026-08-15",1,"2026-08-22","Adults","quantile","0.9",411
"Seasonal Baseline","2026-08-15",1,"2026-08-22","Adults","quantile","0.95",501
"Seasonal Baseline","2026-08-15",1,"2026-08-22","Adults","quantile","0.975",601
"Seasonal Baseline","2026-08-15",1,"2026-08-22","Adults","quantile","0.99",752
"Seasonal Baseline","2026-08-15",2,"2026-08-29","Adults","quantile","0.01",53
"Seasonal Baseline","2026-08-15",2,"2026-08-29","Adults","quantile","0.025",65
"Seasonal Baseline","2026-08-15",2,"2026-08-29","Adults","quantile","0.05",80
"Seasonal Baseline","2026-08-15",2,"2026-08-29","Adults","quantile","0.1",97
"Seasonal Baseline","2026-08-15",2,"2026-08-29","Adults","quantile","0.15",111
"Seasonal Baseline","2026-08-15",2,"2026-08-29","Adults","quantile","0.2",122
"Seasonal Baseline","2026-08-15",2,"2026-08-29","Adults","quantile","0.25",136
"Seasonal Baseline","2026-08-15",2,"2026-08-29","Adults","quantile","0.3",147
"Seasonal Baseline","2026-08-15",2,"2026-08-29","Adults","quantile","0.35",158
"Seasonal Baseline","2026-08-15",2,"2026-08-29","Adults","quantile","0.4",170
"Seasonal Baseline","2026-08-15",2,"2026-08-29","Adults","quantile","0.45",182
"Seasonal Baseline","2026-08-15",2,"2026-08-29","Adults","quantile","0.5",195
"Seasonal Baseline","2026-08-15",2,"2026-08-29","Adults","quantile","0.55",208
"Seasonal Baseline","2026-08-15",2,"2026-08-29","Adults","quantile","0.6",223
"Seasonal Baseline","2026-08-15",2,"2026-08-29","Adults","quantile","0.65",239
"Seasonal Baseline","2026-08-15",2,"2026-08-29","Adults","quantile","0.7",257
"Seasonal Baseline","2026-08-15",2,"2026-08-29","Adults","quantile","0.75",278
"Seasonal Baseline","2026-08-15",2,"2026-08-29","Adults","quantile","0.8",305
"Seasonal Baseline","2026-08-15",2,"2026-08-29","Adults","quantile","0.85",343
"Seasonal Baseline","2026-08-15",2,"2026-08-29","Adults","quantile","0.9",395
"Seasonal Baseline","2026-08-15",2,"2026-08-29","Adults","quantile","0.95",475
"Seasonal Baseline","2026-08-15",2,"2026-08-29","Adults","quantile","0.975",549
"Seasonal Baseline","2026-08-15",2,"2026-08-29","Adults","quantile","0.99",665
"Seasonal Baseline","2026-08-15",3,"2026-09-05","Adults","quantile","0.01",53
"Seasonal Baseline","2026-08-15",3,"2026-09-05","Adults","quantile","0.025",66
"Seasonal Baseline","2026-08-15",3,"2026-09-05","Adults","quantile","0.05",78
"Seasonal Baseline","2026-08-15",3,"2026-09-05","Adults","quantile","0.1",94
"Seasonal Baseline","2026-08-15",3,"2026-09-05","Adults","quantile","0.15",108
"Seasonal Baseline","2026-08-15",3,"2026-09-05","Adults","quantile","0.2",120
"Seasonal Baseline","2026-08-15",3,"2026-09-05","Adults","quantile","0.25",131
"Seasonal Baseline","2026-08-15",3,"2026-09-05","Adults","quantile","0.3",142
"Seasonal Baseline","2026-08-15",3,"2026-09-05","Adults","quantile","0.35",153
"Seasonal Baseline","2026-08-15",3,"2026-09-05","Adults","quantile","0.4",164
"Seasonal Baseline","2026-08-15",3,"2026-09-05","Adults","quantile","0.45",175
"Seasonal Baseline","2026-08-15",3,"2026-09-05","Adults","quantile","0.5",187
"Seasonal Baseline","2026-08-15",3,"2026-09-05","Adults","quantile","0.55",200
"Seasonal Baseline","2026-08-15",3,"2026-09-05","Adults","quantile","0.6",216
"Seasonal Baseline","2026-08-15",3,"2026-09-05","Adults","quantile","0.65",232
"Seasonal Baseline","2026-08-15",3,"2026-09-05","Adults","quantile","0.7",250
"Seasonal Baseline","2026-08-15",3,"2026-09-05","Adults","quantile","0.75",269
"Seasonal Baseline","2026-08-15",3,"2026-09-05","Adults","quantile","0.8",293
"Seasonal Baseline","2026-08-15",3,"2026-09-05","Adults","quantile","0.85",324
"Seasonal Baseline","2026-08-15",3,"2026-09-05","Adults","quantile","0.9",369
"Seasonal Baseline","2026-08-15",3,"2026-09-05","Adults","quantile","0.95",449
"Seasonal Baseline","2026-08-15",3,"2026-09-05","Adults","quantile","0.975",533
"Seasonal Baseline","2026-08-15",3,"2026-09-05","Adults","quantile","0.99",669
"Seasonal Baseline","2026-08-15",-8,"2026-06-20","Overall","quantile","0.01",301
"Seasonal Baseline","2026-08-15",-8,"2026-06-20","Overall","quantile","0.025",349
"Seasonal Baseline","2026-08-15",-8,"2026-06-20","Overall","quantile","0.05",398
"Seasonal Baseline","2026-08-15",-8,"2026-06-20","Overall","quantile","0.1",462
"Seasonal Baseline","2026-08-15",-8,"2026-06-20","Overall","quantile","0.15",512
"Seasonal Baseline","2026-08-15",-8,"2026-06-20","Overall","quantile","0.2",556
"Seasonal Baseline","2026-08-15",-8,"2026-06-20","Overall","quantile","0.25",598
"Seasonal Baseline","2026-08-15",-8,"2026-06-20","Overall","quantile","0.3",638
"Seasonal Baseline","2026-08-15",-8,"2026-06-20","Overall","quantile","0.35",674
"Seasonal Baseline","2026-08-15",-8,"2026-06-20","Overall","quantile","0.4",713
"Seasonal Baseline","2026-08-15",-8,"2026-06-20","Overall","quantile","0.45",755
"Seasonal Baseline","2026-08-15",-8,"2026-06-20","Overall","quantile","0.5",796
"Seasonal Baseline","2026-08-15",-8,"2026-06-20","Overall","quantile","0.55",836
"Seasonal Baseline","2026-08-15",-8,"2026-06-20","Overall","quantile","0.6",883
"Seasonal Baseline","2026-08-15",-8,"2026-06-20","Overall","quantile","0.65",933
"Seasonal Baseline","2026-08-15",-8,"2026-06-20","Overall","quantile","0.7",988
"Seasonal Baseline","2026-08-15",-8,"2026-06-20","Overall","quantile","0.75",1050
"Seasonal Baseline","2026-08-15",-8,"2026-06-20","Overall","quantile","0.8",1125
"Seasonal Baseline","2026-08-15",-8,"2026-06-20","Overall","quantile","0.85",1215
"Seasonal Baseline","2026-08-15",-8,"2026-06-20","Overall","quantile","0.9",1343
"Seasonal Baseline","2026-08-15",-8,"2026-06-20","Overall","quantile","0.95",1566
"Seasonal Baseline","2026-08-15",-8,"2026-06-20","Overall","quantile","0.975",1779
"Seasonal Baseline","2026-08-15",-8,"2026-06-20","Overall","quantile","0.99",2100
"Seasonal Baseline","2026-08-15",-7,"2026-06-27","Overall","quantile","0.01",291
"Seasonal Baseline","2026-08-15",-7,"2026-06-27","Overall","quantile","0.025",346
"Seasonal Baseline","2026-08-15",-7,"2026-06-27","Overall","quantile","0.05",393
"Seasonal Baseline","2026-08-15",-7,"2026-06-27","Overall","quantile","0.1",460
"Seasonal Baseline","2026-08-15",-7,"2026-06-27","Overall","quantile","0.15",512
"Seasonal Baseline","2026-08-15",-7,"2026-06-27","Overall","quantile","0.2",561
"Seasonal Baseline","2026-08-15",-7,"2026-06-27","Overall","quantile","0.25",599
"Seasonal Baseline","2026-08-15",-7,"2026-06-27","Overall","quantile","0.3",637
"Seasonal Baseline","2026-08-15",-7,"2026-06-27","Overall","quantile","0.35",679
"Seasonal Baseline","2026-08-15",-7,"2026-06-27","Overall","quantile","0.4",713
"Seasonal Baseline","2026-08-15",-7,"2026-06-27","Overall","quantile","0.45",749
"Seasonal Baseline","2026-08-15",-7,"2026-06-27","Overall","quantile","0.5",790
"Seasonal Baseline","2026-08-15",-7,"2026-06-27","Overall","quantile","0.55",836
"Seasonal Baseline","2026-08-15",-7,"2026-06-27","Overall","quantile","0.6",881
"Seasonal Baseline","2026-08-15",-7,"2026-06-27","Overall","quantile","0.65",930
"Seasonal Baseline","2026-08-15",-7,"2026-06-27","Overall","quantile","0.7",992
"Seasonal Baseline","2026-08-15",-7,"2026-06-27","Overall","quantile","0.75",1056
"Seasonal Baseline","2026-08-15",-7,"2026-06-27","Overall","quantile","0.8",1131
"Seasonal Baseline","2026-08-15",-7,"2026-06-27","Overall","quantile","0.85",1225
"Seasonal Baseline","2026-08-15",-7,"2026-06-27","Overall","quantile","0.9",1352
"Seasonal Baseline","2026-08-15",-7,"2026-06-27","Overall","quantile","0.95",1569
"Seasonal Baseline","2026-08-15",-7,"2026-06-27","Overall","quantile","0.975",1792
"Seasonal Baseline","2026-08-15",-7,"2026-06-27","Overall","quantile","0.99",2077
"Seasonal Baseline","2026-08-15",-6,"2026-07-04","Overall","quantile","0.01",291
"Seasonal Baseline","2026-08-15",-6,"2026-07-04","Overall","quantile","0.025",340
"Seasonal Baseline","2026-08-15",-6,"2026-07-04","Overall","quantile","0.05",390
"Seasonal Baseline","2026-08-15",-6,"2026-07-04","Overall","quantile","0.1",450
"Seasonal Baseline","2026-08-15",-6,"2026-07-04","Overall","quantile","0.15",497
"Seasonal Baseline","2026-08-15",-6,"2026-07-04","Overall","quantile","0.2",540
"Seasonal Baseline","2026-08-15",-6,"2026-07-04","Overall","quantile","0.25",582
"Seasonal Baseline","2026-08-15",-6,"2026-07-04","Overall","quantile","0.3",619
"Seasonal Baseline","2026-08-15",-6,"2026-07-04","Overall","quantile","0.35",657
"Seasonal Baseline","2026-08-15",-6,"2026-07-04","Overall","quantile","0.4",696
"Seasonal Baseline","2026-08-15",-6,"2026-07-04","Overall","quantile","0.45",732
"Seasonal Baseline","2026-08-15",-6,"2026-07-04","Overall","quantile","0.5",773
"Seasonal Baseline","2026-08-15",-6,"2026-07-04","Overall","quantile","0.55",817
"Seasonal Baseline","2026-08-15",-6,"2026-07-04","Overall","quantile","0.6",859
"Seasonal Baseline","2026-08-15",-6,"2026-07-04","Overall","quantile","0.65",905
"Seasonal Baseline","2026-08-15",-6,"2026-07-04","Overall","quantile","0.7",959
"Seasonal Baseline","2026-08-15",-6,"2026-07-04","Overall","quantile","0.75",1016
"Seasonal Baseline","2026-08-15",-6,"2026-07-04","Overall","quantile","0.8",1086
"Seasonal Baseline","2026-08-15",-6,"2026-07-04","Overall","quantile","0.85",1176
"Seasonal Baseline","2026-08-15",-6,"2026-07-04","Overall","quantile","0.9",1304
"Seasonal Baseline","2026-08-15",-6,"2026-07-04","Overall","quantile","0.95",1505
"Seasonal Baseline","2026-08-15",-6,"2026-07-04","Overall","quantile","0.975",1717
"Seasonal Baseline","2026-08-15",-6,"2026-07-04","Overall","quantile","0.99",2023
"Seasonal Baseline","2026-08-15",-5,"2026-07-11","Overall","quantile","0.01",280
"Seasonal Baseline","2026-08-15",-5,"2026-07-11","Overall","quantile","0.025",328
"Seasonal Baseline","2026-08-15",-5,"2026-07-11","Overall","quantile","0.05",374
"Seasonal Baseline","2026-08-15",-5,"2026-07-11","Overall","quantile","0.1",434
"Seasonal Baseline","2026-08-15",-5,"2026-07-11","Overall","quantile","0.15",481
"Seasonal Baseline","2026-08-15",-5,"2026-07-11","Overall","quantile","0.2",523
"Seasonal Baseline","2026-08-15",-5,"2026-07-11","Overall","quantile","0.25",561
"Seasonal Baseline","2026-08-15",-5,"2026-07-11","Overall","quantile","0.3",599
"Seasonal Baseline","2026-08-15",-5,"2026-07-11","Overall","quantile","0.35",636
"Seasonal Baseline","2026-08-15",-5,"2026-07-11","Overall","quantile","0.4",668
"Seasonal Baseline","2026-08-15",-5,"2026-07-11","Overall","quantile","0.45",704
"Seasonal Baseline","2026-08-15",-5,"2026-07-11","Overall","quantile","0.5",742
"Seasonal Baseline","2026-08-15",-5,"2026-07-11","Overall","quantile","0.55",780
"Seasonal Baseline","2026-08-15",-5,"2026-07-11","Overall","quantile","0.6",825
"Seasonal Baseline","2026-08-15",-5,"2026-07-11","Overall","quantile","0.65",873
"Seasonal Baseline","2026-08-15",-5,"2026-07-11","Overall","quantile","0.7",927
"Seasonal Baseline","2026-08-15",-5,"2026-07-11","Overall","quantile","0.75",988
"Seasonal Baseline","2026-08-15",-5,"2026-07-11","Overall","quantile","0.8",1063
"Seasonal Baseline","2026-08-15",-5,"2026-07-11","Overall","quantile","0.85",1157
"Seasonal Baseline","2026-08-15",-5,"2026-07-11","Overall","quantile","0.9",1273
"Seasonal Baseline","2026-08-15",-5,"2026-07-11","Overall","quantile","0.95",1496
"Seasonal Baseline","2026-08-15",-5,"2026-07-11","Overall","quantile","0.975",1688
"Seasonal Baseline","2026-08-15",-5,"2026-07-11","Overall","quantile","0.99",1980
"Seasonal Baseline","2026-08-15",-4,"2026-07-18","Overall","quantile","0.01",271
"Seasonal Baseline","2026-08-15",-4,"2026-07-18","Overall","quantile","0.025",316
"Seasonal Baseline","2026-08-15",-4,"2026-07-18","Overall","quantile","0.05",360
"Seasonal Baseline","2026-08-15",-4,"2026-07-18","Overall","quantile","0.1",419
"Seasonal Baseline","2026-08-15",-4,"2026-07-18","Overall","quantile","0.15",462
"Seasonal Baseline","2026-08-15",-4,"2026-07-18","Overall","quantile","0.2",501
"Seasonal Baseline","2026-08-15",-4,"2026-07-18","Overall","quantile","0.25",538
"Seasonal Baseline","2026-08-15",-4,"2026-07-18","Overall","quantile","0.3",575
"Seasonal Baseline","2026-08-15",-4,"2026-07-18","Overall","quantile","0.35",609
"Seasonal Baseline","2026-08-15",-4,"2026-07-18","Overall","quantile","0.4",644
"Seasonal Baseline","2026-08-15",-4,"2026-07-18","Overall","quantile","0.45",679
"Seasonal Baseline","2026-08-15",-4,"2026-07-18","Overall","quantile","0.5",714
"Seasonal Baseline","2026-08-15",-4,"2026-07-18","Overall","quantile","0.55",755
"Seasonal Baseline","2026-08-15",-4,"2026-07-18","Overall","quantile","0.6",797
"Seasonal Baseline","2026-08-15",-4,"2026-07-18","Overall","quantile","0.65",848
"Seasonal Baseline","2026-08-15",-4,"2026-07-18","Overall","quantile","0.7",895
"Seasonal Baseline","2026-08-15",-4,"2026-07-18","Overall","quantile","0.75",950
"Seasonal Baseline","2026-08-15",-4,"2026-07-18","Overall","quantile","0.8",1019
"Seasonal Baseline","2026-08-15",-4,"2026-07-18","Overall","quantile","0.85",1101
"Seasonal Baseline","2026-08-15",-4,"2026-07-18","Overall","quantile","0.9",1223
"Seasonal Baseline","2026-08-15",-4,"2026-07-18","Overall","quantile","0.95",1418
"Seasonal Baseline","2026-08-15",-4,"2026-07-18","Overall","quantile","0.975",1630
"Seasonal Baseline","2026-08-15",-4,"2026-07-18","Overall","quantile","0.99",1893
"Seasonal Baseline","2026-08-15",-3,"2026-07-25","Overall","quantile","0.01",252
"Seasonal Baseline","2026-08-15",-3,"2026-07-25","Overall","quantile","0.025",291
"Seasonal Baseline","2026-08-15",-3,"2026-07-25","Overall","quantile","0.05",336
"Seasonal Baseline","2026-08-15",-3,"2026-07-25","Overall","quantile","0.1",393
"Seasonal Baseline","2026-08-15",-3,"2026-07-25","Overall","quantile","0.15",439
"Seasonal Baseline","2026-08-15",-3,"2026-07-25","Overall","quantile","0.2",474
"Seasonal Baseline","2026-08-15",-3,"2026-07-25","Overall","quantile","0.25",508
"Seasonal Baseline","2026-08-15",-3,"2026-07-25","Overall","quantile","0.3",542
"Seasonal Baseline","2026-08-15",-3,"2026-07-25","Overall","quantile","0.35",577
"Seasonal Baseline","2026-08-15",-3,"2026-07-25","Overall","quantile","0.4",611
"Seasonal Baseline","2026-08-15",-3,"2026-07-25","Overall","quantile","0.45",645
"Seasonal Baseline","2026-08-15",-3,"2026-07-25","Overall","quantile","0.5",681
"Seasonal Baseline","2026-08-15",-3,"2026-07-25","Overall","quantile","0.55",715
"Seasonal Baseline","2026-08-15",-3,"2026-07-25","Overall","quantile","0.6",755
"Seasonal Baseline","2026-08-15",-3,"2026-07-25","Overall","quantile","0.65",799
"Seasonal Baseline","2026-08-15",-3,"2026-07-25","Overall","quantile","0.7",848
"Seasonal Baseline","2026-08-15",-3,"2026-07-25","Overall","quantile","0.75",904
"Seasonal Baseline","2026-08-15",-3,"2026-07-25","Overall","quantile","0.8",971
"Seasonal Baseline","2026-08-15",-3,"2026-07-25","Overall","quantile","0.85",1050
"Seasonal Baseline","2026-08-15",-3,"2026-07-25","Overall","quantile","0.9",1173
"Seasonal Baseline","2026-08-15",-3,"2026-07-25","Overall","quantile","0.95",1363
"Seasonal Baseline","2026-08-15",-3,"2026-07-25","Overall","quantile","0.975",1580
"Seasonal Baseline","2026-08-15",-3,"2026-07-25","Overall","quantile","0.99",1854
"Seasonal Baseline","2026-08-15",-2,"2026-08-01","Overall","quantile","0.01",241
"Seasonal Baseline","2026-08-15",-2,"2026-08-01","Overall","quantile","0.025",282
"Seasonal Baseline","2026-08-15",-2,"2026-08-01","Overall","quantile","0.05",324
"Seasonal Baseline","2026-08-15",-2,"2026-08-01","Overall","quantile","0.1",380
"Seasonal Baseline","2026-08-15",-2,"2026-08-01","Overall","quantile","0.15",422
"Seasonal Baseline","2026-08-15",-2,"2026-08-01","Overall","quantile","0.2",459
"Seasonal Baseline","2026-08-15",-2,"2026-08-01","Overall","quantile","0.25",492
"Seasonal Baseline","2026-08-15",-2,"2026-08-01","Overall","quantile","0.3",522
"Seasonal Baseline","2026-08-15",-2,"2026-08-01","Overall","quantile","0.35",554
"Seasonal Baseline","2026-08-15",-2,"2026-08-01","Overall","quantile","0.4",584
"Seasonal Baseline","2026-08-15",-2,"2026-08-01","Overall","quantile","0.45",611
"Seasonal Baseline","2026-08-15",-2,"2026-08-01","Overall","quantile","0.5",645
"Seasonal Baseline","2026-08-15",-2,"2026-08-01","Overall","quantile","0.55",680
"Seasonal Baseline","2026-08-15",-2,"2026-08-01","Overall","quantile","0.6",719
"Seasonal Baseline","2026-08-15",-2,"2026-08-01","Overall","quantile","0.65",760
"Seasonal Baseline","2026-08-15",-2,"2026-08-01","Overall","quantile","0.7",808
"Seasonal Baseline","2026-08-15",-2,"2026-08-01","Overall","quantile","0.75",860
"Seasonal Baseline","2026-08-15",-2,"2026-08-01","Overall","quantile","0.8",922
"Seasonal Baseline","2026-08-15",-2,"2026-08-01","Overall","quantile","0.85",1005
"Seasonal Baseline","2026-08-15",-2,"2026-08-01","Overall","quantile","0.9",1108
"Seasonal Baseline","2026-08-15",-2,"2026-08-01","Overall","quantile","0.95",1302
"Seasonal Baseline","2026-08-15",-2,"2026-08-01","Overall","quantile","0.975",1459
"Seasonal Baseline","2026-08-15",-2,"2026-08-01","Overall","quantile","0.99",1689
"Seasonal Baseline","2026-08-15",-1,"2026-08-08","Overall","quantile","0.01",238
"Seasonal Baseline","2026-08-15",-1,"2026-08-08","Overall","quantile","0.025",271
"Seasonal Baseline","2026-08-15",-1,"2026-08-08","Overall","quantile","0.05",310
"Seasonal Baseline","2026-08-15",-1,"2026-08-08","Overall","quantile","0.1",363
"Seasonal Baseline","2026-08-15",-1,"2026-08-08","Overall","quantile","0.15",403
"Seasonal Baseline","2026-08-15",-1,"2026-08-08","Overall","quantile","0.2",437
"Seasonal Baseline","2026-08-15",-1,"2026-08-08","Overall","quantile","0.25",471
"Seasonal Baseline","2026-08-15",-1,"2026-08-08","Overall","quantile","0.3",499
"Seasonal Baseline","2026-08-15",-1,"2026-08-08","Overall","quantile","0.35",531
"Seasonal Baseline","2026-08-15",-1,"2026-08-08","Overall","quantile","0.4",561
"Seasonal Baseline","2026-08-15",-1,"2026-08-08","Overall","quantile","0.45",590
"Seasonal Baseline","2026-08-15",-1,"2026-08-08","Overall","quantile","0.5",621
"Seasonal Baseline","2026-08-15",-1,"2026-08-08","Overall","quantile","0.55",652
"Seasonal Baseline","2026-08-15",-1,"2026-08-08","Overall","quantile","0.6",690
"Seasonal Baseline","2026-08-15",-1,"2026-08-08","Overall","quantile","0.65",728
"Seasonal Baseline","2026-08-15",-1,"2026-08-08","Overall","quantile","0.7",771
"Seasonal Baseline","2026-08-15",-1,"2026-08-08","Overall","quantile","0.75",819
"Seasonal Baseline","2026-08-15",-1,"2026-08-08","Overall","quantile","0.8",882
"Seasonal Baseline","2026-08-15",-1,"2026-08-08","Overall","quantile","0.85",960
"Seasonal Baseline","2026-08-15",-1,"2026-08-08","Overall","quantile","0.9",1062
"Seasonal Baseline","2026-08-15",-1,"2026-08-08","Overall","quantile","0.95",1236
"Seasonal Baseline","2026-08-15",-1,"2026-08-08","Overall","quantile","0.975",1417
"Seasonal Baseline","2026-08-15",-1,"2026-08-08","Overall","quantile","0.99",1640
"Seasonal Baseline","2026-08-15",0,"2026-08-15","Overall","quantile","0.01",218
"Seasonal Baseline","2026-08-15",0,"2026-08-15","Overall","quantile","0.025",264
"Seasonal Baseline","2026-08-15",0,"2026-08-15","Overall","quantile","0.05",300
"Seasonal Baseline","2026-08-15",0,"2026-08-15","Overall","quantile","0.1",346
"Seasonal Baseline","2026-08-15",0,"2026-08-15","Overall","quantile","0.15",385
"Seasonal Baseline","2026-08-15",0,"2026-08-15","Overall","quantile","0.2",420
"Seasonal Baseline","2026-08-15",0,"2026-08-15","Overall","quantile","0.25",451
"Seasonal Baseline","2026-08-15",0,"2026-08-15","Overall","quantile","0.3",480
"Seasonal Baseline","2026-08-15",0,"2026-08-15","Overall","quantile","0.35",508
"Seasonal Baseline","2026-08-15",0,"2026-08-15","Overall","quantile","0.4",537
"Seasonal Baseline","2026-08-15",0,"2026-08-15","Overall","quantile","0.45",565
"Seasonal Baseline","2026-08-15",0,"2026-08-15","Overall","quantile","0.5",595
"Seasonal Baseline","2026-08-15",0,"2026-08-15","Overall","quantile","0.55",629
"Seasonal Baseline","2026-08-15",0,"2026-08-15","Overall","quantile","0.6",666
"Seasonal Baseline","2026-08-15",0,"2026-08-15","Overall","quantile","0.65",704
"Seasonal Baseline","2026-08-15",0,"2026-08-15","Overall","quantile","0.7",747
"Seasonal Baseline","2026-08-15",0,"2026-08-15","Overall","quantile","0.75",792
"Seasonal Baseline","2026-08-15",0,"2026-08-15","Overall","quantile","0.8",849
"Seasonal Baseline","2026-08-15",0,"2026-08-15","Overall","quantile","0.85",920
"Seasonal Baseline","2026-08-15",0,"2026-08-15","Overall","quantile","0.9",1019
"Seasonal Baseline","2026-08-15",0,"2026-08-15","Overall","quantile","0.95",1185
"Seasonal Baseline","2026-08-15",0,"2026-08-15","Overall","quantile","0.975",1353
"Seasonal Baseline","2026-08-15",0,"2026-08-15","Overall","quantile","0.99",1545
"Seasonal Baseline","2026-08-15",1,"2026-08-22","Overall","quantile","0.01",221
"Seasonal Baseline","2026-08-15",1,"2026-08-22","Overall","quantile","0.025",256
"Seasonal Baseline","2026-08-15",1,"2026-08-22","Overall","quantile","0.05",291
"Seasonal Baseline","2026-08-15",1,"2026-08-22","Overall","quantile","0.1",339
"Seasonal Baseline","2026-08-15",1,"2026-08-22","Overall","quantile","0.15",378
"Seasonal Baseline","2026-08-15",1,"2026-08-22","Overall","quantile","0.2",409
"Seasonal Baseline","2026-08-15",1,"2026-08-22","Overall","quantile","0.25",439
"Seasonal Baseline","2026-08-15",1,"2026-08-22","Overall","quantile","0.3",465
"Seasonal Baseline","2026-08-15",1,"2026-08-22","Overall","quantile","0.35",492
"Seasonal Baseline","2026-08-15",1,"2026-08-22","Overall","quantile","0.4",521
"Seasonal Baseline","2026-08-15",1,"2026-08-22","Overall","quantile","0.45",549
"Seasonal Baseline","2026-08-15",1,"2026-08-22","Overall","quantile","0.5",579
"Seasonal Baseline","2026-08-15",1,"2026-08-22","Overall","quantile","0.55",611
"Seasonal Baseline","2026-08-15",1,"2026-08-22","Overall","quantile","0.6",644
"Seasonal Baseline","2026-08-15",1,"2026-08-22","Overall","quantile","0.65",678
"Seasonal Baseline","2026-08-15",1,"2026-08-22","Overall","quantile","0.7",721
"Seasonal Baseline","2026-08-15",1,"2026-08-22","Overall","quantile","0.75",767
"Seasonal Baseline","2026-08-15",1,"2026-08-22","Overall","quantile","0.8",823
"Seasonal Baseline","2026-08-15",1,"2026-08-22","Overall","quantile","0.85",892
"Seasonal Baseline","2026-08-15",1,"2026-08-22","Overall","quantile","0.9",990
"Seasonal Baseline","2026-08-15",1,"2026-08-22","Overall","quantile","0.95",1153
"Seasonal Baseline","2026-08-15",1,"2026-08-22","Overall","quantile","0.975",1316
"Seasonal Baseline","2026-08-15",1,"2026-08-22","Overall","quantile","0.99",1525
"Seasonal Baseline","2026-08-15",2,"2026-08-29","Overall","quantile","0.01",208
"Seasonal Baseline","2026-08-15",2,"2026-08-29","Overall","quantile","0.025",246
"Seasonal Baseline","2026-08-15",2,"2026-08-29","Overall","quantile","0.05",281
"Seasonal Baseline","2026-08-15",2,"2026-08-29","Overall","quantile","0.1",327
"Seasonal Baseline","2026-08-15",2,"2026-08-29","Overall","quantile","0.15",362
"Seasonal Baseline","2026-08-15",2,"2026-08-29","Overall","quantile","0.2",393
"Seasonal Baseline","2026-08-15",2,"2026-08-29","Overall","quantile","0.25",422
"Seasonal Baseline","2026-08-15",2,"2026-08-29","Overall","quantile","0.3",450
"Seasonal Baseline","2026-08-15",2,"2026-08-29","Overall","quantile","0.35",476
"Seasonal Baseline","2026-08-15",2,"2026-08-29","Overall","quantile","0.4",503
"Seasonal Baseline","2026-08-15",2,"2026-08-29","Overall","quantile","0.45",530
"Seasonal Baseline","2026-08-15",2,"2026-08-29","Overall","quantile","0.5",557
"Seasonal Baseline","2026-08-15",2,"2026-08-29","Overall","quantile","0.55",589
"Seasonal Baseline","2026-08-15",2,"2026-08-29","Overall","quantile","0.6",620
"Seasonal Baseline","2026-08-15",2,"2026-08-29","Overall","quantile","0.65",654
"Seasonal Baseline","2026-08-15",2,"2026-08-29","Overall","quantile","0.7",695
"Seasonal Baseline","2026-08-15",2,"2026-08-29","Overall","quantile","0.75",737
"Seasonal Baseline","2026-08-15",2,"2026-08-29","Overall","quantile","0.8",790
"Seasonal Baseline","2026-08-15",2,"2026-08-29","Overall","quantile","0.85",856
"Seasonal Baseline","2026-08-15",2,"2026-08-29","Overall","quantile","0.9",952
"Seasonal Baseline","2026-08-15",2,"2026-08-29","Overall","quantile","0.95",1109
"Seasonal Baseline","2026-08-15",2,"2026-08-29","Overall","quantile","0.975",1266
"Seasonal Baseline","2026-08-15",2,"2026-08-29","Overall","quantile","0.99",1507
"Seasonal Baseline","2026-08-15",3,"2026-09-05","Overall","quantile","0.01",201
"Seasonal Baseline","2026-08-15",3,"2026-09-05","Overall","quantile","0.025",236
"Seasonal Baseline","2026-08-15",3,"2026-09-05","Overall","quantile","0.05",269
"Seasonal Baseline","2026-08-15",3,"2026-09-05","Overall","quantile","0.1",314
"Seasonal Baseline","2026-08-15",3,"2026-09-05","Overall","quantile","0.15",346
"Seasonal Baseline","2026-08-15",3,"2026-09-05","Overall","quantile","0.2",374
"Seasonal Baseline","2026-08-15",3,"2026-09-05","Overall","quantile","0.25",403
"Seasonal Baseline","2026-08-15",3,"2026-09-05","Overall","quantile","0.3",429
"Seasonal Baseline","2026-08-15",3,"2026-09-05","Overall","quantile","0.35",455
"Seasonal Baseline","2026-08-15",3,"2026-09-05","Overall","quantile","0.4",479
"Seasonal Baseline","2026-08-15",3,"2026-09-05","Overall","quantile","0.45",506
"Seasonal Baseline","2026-08-15",3,"2026-09-05","Overall","quantile","0.5",532
"Seasonal Baseline","2026-08-15",3,"2026-09-05","Overall","quantile","0.55",560
"Seasonal Baseline","2026-08-15",3,"2026-09-05","Overall","quantile","0.6",593
"Seasonal Baseline","2026-08-15",3,"2026-09-05","Overall","quantile","0.65",628
"Seasonal Baseline","2026-08-15",3,"2026-09-05","Overall","quantile","0.7",666
"Seasonal Baseline","2026-08-15",3,"2026-09-05","Overall","quantile","0.75",708
"Seasonal Baseline","2026-08-15",3,"2026-09-05","Overall","quantile","0.8",763
"Seasonal Baseline","2026-08-15",3,"2026-09-05","Overall","quantile","0.85",824
"Seasonal Baseline","2026-08-15",3,"2026-09-05","Overall","quantile","0.9",909
"Seasonal Baseline","2026-08-15",3,"2026-09-05","Overall","quantile","0.95",1062
"Seasonal Baseline","2026-08-15",3,"2026-09-05","Overall","quantile","0.975",1211
"Seasonal Baseline","2026-08-15",3,"2026-09-05","Overall","quantile","0.99",1406
"Seasonal Baseline","2026-08-15",-8,"2026-06-20","Pediatrics","quantile","0.01",217
"Seasonal Baseline","2026-08-15",-8,"2026-06-20","Pediatrics","quantile","0.025",248
"Seasonal Baseline","2026-08-15",-8,"2026-06-20","Pediatrics","quantile","0.05",273
"Seasonal Baseline","2026-08-15",-8,"2026-06-20","Pediatrics","quantile","0.1",306
"Seasonal Baseline","2026-08-15",-8,"2026-06-20","Pediatrics","quantile","0.15",332
"Seasonal Baseline","2026-08-15",-8,"2026-06-20","Pediatrics","quantile","0.2",353
"Seasonal Baseline","2026-08-15",-8,"2026-06-20","Pediatrics","quantile","0.25",372
"Seasonal Baseline","2026-08-15",-8,"2026-06-20","Pediatrics","quantile","0.3",390
"Seasonal Baseline","2026-08-15",-8,"2026-06-20","Pediatrics","quantile","0.35",407
"Seasonal Baseline","2026-08-15",-8,"2026-06-20","Pediatrics","quantile","0.4",424
"Seasonal Baseline","2026-08-15",-8,"2026-06-20","Pediatrics","quantile","0.45",440
"Seasonal Baseline","2026-08-15",-8,"2026-06-20","Pediatrics","quantile","0.5",457
"Seasonal Baseline","2026-08-15",-8,"2026-06-20","Pediatrics","quantile","0.55",475
"Seasonal Baseline","2026-08-15",-8,"2026-06-20","Pediatrics","quantile","0.6",496
"Seasonal Baseline","2026-08-15",-8,"2026-06-20","Pediatrics","quantile","0.65",517
"Seasonal Baseline","2026-08-15",-8,"2026-06-20","Pediatrics","quantile","0.7",540
"Seasonal Baseline","2026-08-15",-8,"2026-06-20","Pediatrics","quantile","0.75",566
"Seasonal Baseline","2026-08-15",-8,"2026-06-20","Pediatrics","quantile","0.8",598
"Seasonal Baseline","2026-08-15",-8,"2026-06-20","Pediatrics","quantile","0.85",633
"Seasonal Baseline","2026-08-15",-8,"2026-06-20","Pediatrics","quantile","0.9",683
"Seasonal Baseline","2026-08-15",-8,"2026-06-20","Pediatrics","quantile","0.95",763
"Seasonal Baseline","2026-08-15",-8,"2026-06-20","Pediatrics","quantile","0.975",837
"Seasonal Baseline","2026-08-15",-8,"2026-06-20","Pediatrics","quantile","0.99",931
"Seasonal Baseline","2026-08-15",-7,"2026-06-27","Pediatrics","quantile","0.01",219
"Seasonal Baseline","2026-08-15",-7,"2026-06-27","Pediatrics","quantile","0.025",242
"Seasonal Baseline","2026-08-15",-7,"2026-06-27","Pediatrics","quantile","0.05",268
"Seasonal Baseline","2026-08-15",-7,"2026-06-27","Pediatrics","quantile","0.1",300
"Seasonal Baseline","2026-08-15",-7,"2026-06-27","Pediatrics","quantile","0.15",327
"Seasonal Baseline","2026-08-15",-7,"2026-06-27","Pediatrics","quantile","0.2",347
"Seasonal Baseline","2026-08-15",-7,"2026-06-27","Pediatrics","quantile","0.25",365
"Seasonal Baseline","2026-08-15",-7,"2026-06-27","Pediatrics","quantile","0.3",382
"Seasonal Baseline","2026-08-15",-7,"2026-06-27","Pediatrics","quantile","0.35",399
"Seasonal Baseline","2026-08-15",-7,"2026-06-27","Pediatrics","quantile","0.4",417
"Seasonal Baseline","2026-08-15",-7,"2026-06-27","Pediatrics","quantile","0.45",434
"Seasonal Baseline","2026-08-15",-7,"2026-06-27","Pediatrics","quantile","0.5",451
"Seasonal Baseline","2026-08-15",-7,"2026-06-27","Pediatrics","quantile","0.55",468
"Seasonal Baseline","2026-08-15",-7,"2026-06-27","Pediatrics","quantile","0.6",486
"Seasonal Baseline","2026-08-15",-7,"2026-06-27","Pediatrics","quantile","0.65",507
"Seasonal Baseline","2026-08-15",-7,"2026-06-27","Pediatrics","quantile","0.7",529
"Seasonal Baseline","2026-08-15",-7,"2026-06-27","Pediatrics","quantile","0.75",555
"Seasonal Baseline","2026-08-15",-7,"2026-06-27","Pediatrics","quantile","0.8",587
"Seasonal Baseline","2026-08-15",-7,"2026-06-27","Pediatrics","quantile","0.85",623
"Seasonal Baseline","2026-08-15",-7,"2026-06-27","Pediatrics","quantile","0.9",673
"Seasonal Baseline","2026-08-15",-7,"2026-06-27","Pediatrics","quantile","0.95",747
"Seasonal Baseline","2026-08-15",-7,"2026-06-27","Pediatrics","quantile","0.975",816
"Seasonal Baseline","2026-08-15",-7,"2026-06-27","Pediatrics","quantile","0.99",920
"Seasonal Baseline","2026-08-15",-6,"2026-07-04","Pediatrics","quantile","0.01",212
"Seasonal Baseline","2026-08-15",-6,"2026-07-04","Pediatrics","quantile","0.025",238
"Seasonal Baseline","2026-08-15",-6,"2026-07-04","Pediatrics","quantile","0.05",266
"Seasonal Baseline","2026-08-15",-6,"2026-07-04","Pediatrics","quantile","0.1",295
"Seasonal Baseline","2026-08-15",-6,"2026-07-04","Pediatrics","quantile","0.15",321
"Seasonal Baseline","2026-08-15",-6,"2026-07-04","Pediatrics","quantile","0.2",341
"Seasonal Baseline","2026-08-15",-6,"2026-07-04","Pediatrics","quantile","0.25",359
"Seasonal Baseline","2026-08-15",-6,"2026-07-04","Pediatrics","quantile","0.3",375
"Seasonal Baseline","2026-08-15",-6,"2026-07-04","Pediatrics","quantile","0.35",391
"Seasonal Baseline","2026-08-15",-6,"2026-07-04","Pediatrics","quantile","0.4",408
"Seasonal Baseline","2026-08-15",-6,"2026-07-04","Pediatrics","quantile","0.45",424
"Seasonal Baseline","2026-08-15",-6,"2026-07-04","Pediatrics","quantile","0.5",440
"Seasonal Baseline","2026-08-15",-6,"2026-07-04","Pediatrics","quantile","0.55",457
"Seasonal Baseline","2026-08-15",-6,"2026-07-04","Pediatrics","quantile","0.6",475
"Seasonal Baseline","2026-08-15",-6,"2026-07-04","Pediatrics","quantile","0.65",496
"Seasonal Baseline","2026-08-15",-6,"2026-07-04","Pediatrics","quantile","0.7",518
"Seasonal Baseline","2026-08-15",-6,"2026-07-04","Pediatrics","quantile","0.75",543
"Seasonal Baseline","2026-08-15",-6,"2026-07-04","Pediatrics","quantile","0.8",571
"Seasonal Baseline","2026-08-15",-6,"2026-07-04","Pediatrics","quantile","0.85",610
"Seasonal Baseline","2026-08-15",-6,"2026-07-04","Pediatrics","quantile","0.9",657
"Seasonal Baseline","2026-08-15",-6,"2026-07-04","Pediatrics","quantile","0.95",736
"Seasonal Baseline","2026-08-15",-6,"2026-07-04","Pediatrics","quantile","0.975",809
"Seasonal Baseline","2026-08-15",-6,"2026-07-04","Pediatrics","quantile","0.99",909
"Seasonal Baseline","2026-08-15",-5,"2026-07-11","Pediatrics","quantile","0.01",206
"Seasonal Baseline","2026-08-15",-5,"2026-07-11","Pediatrics","quantile","0.025",232
"Seasonal Baseline","2026-08-15",-5,"2026-07-11","Pediatrics","quantile","0.05",254
"Seasonal Baseline","2026-08-15",-5,"2026-07-11","Pediatrics","quantile","0.1",285
"Seasonal Baseline","2026-08-15",-5,"2026-07-11","Pediatrics","quantile","0.15",309
"Seasonal Baseline","2026-08-15",-5,"2026-07-11","Pediatrics","quantile","0.2",328
"Seasonal Baseline","2026-08-15",-5,"2026-07-11","Pediatrics","quantile","0.25",345
"Seasonal Baseline","2026-08-15",-5,"2026-07-11","Pediatrics","quantile","0.3",362
"Seasonal Baseline","2026-08-15",-5,"2026-07-11","Pediatrics","quantile","0.35",376
"Seasonal Baseline","2026-08-15",-5,"2026-07-11","Pediatrics","quantile","0.4",393
"Seasonal Baseline","2026-08-15",-5,"2026-07-11","Pediatrics","quantile","0.45",408
"Seasonal Baseline","2026-08-15",-5,"2026-07-11","Pediatrics","quantile","0.5",426
"Seasonal Baseline","2026-08-15",-5,"2026-07-11","Pediatrics","quantile","0.55",442
"Seasonal Baseline","2026-08-15",-5,"2026-07-11","Pediatrics","quantile","0.6",461
"Seasonal Baseline","2026-08-15",-5,"2026-07-11","Pediatrics","quantile","0.65",482
"Seasonal Baseline","2026-08-15",-5,"2026-07-11","Pediatrics","quantile","0.7",505
"Seasonal Baseline","2026-08-15",-5,"2026-07-11","Pediatrics","quantile","0.75",530
"Seasonal Baseline","2026-08-15",-5,"2026-07-11","Pediatrics","quantile","0.8",559
"Seasonal Baseline","2026-08-15",-5,"2026-07-11","Pediatrics","quantile","0.85",596
"Seasonal Baseline","2026-08-15",-5,"2026-07-11","Pediatrics","quantile","0.9",644
"Seasonal Baseline","2026-08-15",-5,"2026-07-11","Pediatrics","quantile","0.95",717
"Seasonal Baseline","2026-08-15",-5,"2026-07-11","Pediatrics","quantile","0.975",792
"Seasonal Baseline","2026-08-15",-5,"2026-07-11","Pediatrics","quantile","0.99",891
"Seasonal Baseline","2026-08-15",-4,"2026-07-18","Pediatrics","quantile","0.01",196
"Seasonal Baseline","2026-08-15",-4,"2026-07-18","Pediatrics","quantile","0.025",221
"Seasonal Baseline","2026-08-15",-4,"2026-07-18","Pediatrics","quantile","0.05",245
"Seasonal Baseline","2026-08-15",-4,"2026-07-18","Pediatrics","quantile","0.1",274
"Seasonal Baseline","2026-08-15",-4,"2026-07-18","Pediatrics","quantile","0.15",295
"Seasonal Baseline","2026-08-15",-4,"2026-07-18","Pediatrics","quantile","0.2",314
"Seasonal Baseline","2026-08-15",-4,"2026-07-18","Pediatrics","quantile","0.25",330
"Seasonal Baseline","2026-08-15",-4,"2026-07-18","Pediatrics","quantile","0.3",346
"Seasonal Baseline","2026-08-15",-4,"2026-07-18","Pediatrics","quantile","0.35",360
"Seasonal Baseline","2026-08-15",-4,"2026-07-18","Pediatrics","quantile","0.4",376
"Seasonal Baseline","2026-08-15",-4,"2026-07-18","Pediatrics","quantile","0.45",392
"Seasonal Baseline","2026-08-15",-4,"2026-07-18","Pediatrics","quantile","0.5",409
"Seasonal Baseline","2026-08-15",-4,"2026-07-18","Pediatrics","quantile","0.55",425
"Seasonal Baseline","2026-08-15",-4,"2026-07-18","Pediatrics","quantile","0.6",443
"Seasonal Baseline","2026-08-15",-4,"2026-07-18","Pediatrics","quantile","0.65",463
"Seasonal Baseline","2026-08-15",-4,"2026-07-18","Pediatrics","quantile","0.7",483
"Seasonal Baseline","2026-08-15",-4,"2026-07-18","Pediatrics","quantile","0.75",507
"Seasonal Baseline","2026-08-15",-4,"2026-07-18","Pediatrics","quantile","0.8",535
"Seasonal Baseline","2026-08-15",-4,"2026-07-18","Pediatrics","quantile","0.85",568
"Seasonal Baseline","2026-08-15",-4,"2026-07-18","Pediatrics","quantile","0.9",617
"Seasonal Baseline","2026-08-15",-4,"2026-07-18","Pediatrics","quantile","0.95",686
"Seasonal Baseline","2026-08-15",-4,"2026-07-18","Pediatrics","quantile","0.975",759
"Seasonal Baseline","2026-08-15",-4,"2026-07-18","Pediatrics","quantile","0.99",846
"Seasonal Baseline","2026-08-15",-3,"2026-07-25","Pediatrics","quantile","0.01",192
"Seasonal Baseline","2026-08-15",-3,"2026-07-25","Pediatrics","quantile","0.025",214
"Seasonal Baseline","2026-08-15",-3,"2026-07-25","Pediatrics","quantile","0.05",236
"Seasonal Baseline","2026-08-15",-3,"2026-07-25","Pediatrics","quantile","0.1",264
"Seasonal Baseline","2026-08-15",-3,"2026-07-25","Pediatrics","quantile","0.15",286
"Seasonal Baseline","2026-08-15",-3,"2026-07-25","Pediatrics","quantile","0.2",303
"Seasonal Baseline","2026-08-15",-3,"2026-07-25","Pediatrics","quantile","0.25",320
"Seasonal Baseline","2026-08-15",-3,"2026-07-25","Pediatrics","quantile","0.3",335
"Seasonal Baseline","2026-08-15",-3,"2026-07-25","Pediatrics","quantile","0.35",349
"Seasonal Baseline","2026-08-15",-3,"2026-07-25","Pediatrics","quantile","0.4",364
"Seasonal Baseline","2026-08-15",-3,"2026-07-25","Pediatrics","quantile","0.45",378
"Seasonal Baseline","2026-08-15",-3,"2026-07-25","Pediatrics","quantile","0.5",393
"Seasonal Baseline","2026-08-15",-3,"2026-07-25","Pediatrics","quantile","0.55",408
"Seasonal Baseline","2026-08-15",-3,"2026-07-25","Pediatrics","quantile","0.6",426
"Seasonal Baseline","2026-08-15",-3,"2026-07-25","Pediatrics","quantile","0.65",445
"Seasonal Baseline","2026-08-15",-3,"2026-07-25","Pediatrics","quantile","0.7",465
"Seasonal Baseline","2026-08-15",-3,"2026-07-25","Pediatrics","quantile","0.75",486
"Seasonal Baseline","2026-08-15",-3,"2026-07-25","Pediatrics","quantile","0.8",512
"Seasonal Baseline","2026-08-15",-3,"2026-07-25","Pediatrics","quantile","0.85",546
"Seasonal Baseline","2026-08-15",-3,"2026-07-25","Pediatrics","quantile","0.9",590
"Seasonal Baseline","2026-08-15",-3,"2026-07-25","Pediatrics","quantile","0.95",658
"Seasonal Baseline","2026-08-15",-3,"2026-07-25","Pediatrics","quantile","0.975",725
"Seasonal Baseline","2026-08-15",-3,"2026-07-25","Pediatrics","quantile","0.99",809
"Seasonal Baseline","2026-08-15",-2,"2026-08-01","Pediatrics","quantile","0.01",181
"Seasonal Baseline","2026-08-15",-2,"2026-08-01","Pediatrics","quantile","0.025",205
"Seasonal Baseline","2026-08-15",-2,"2026-08-01","Pediatrics","quantile","0.05",228
"Seasonal Baseline","2026-08-15",-2,"2026-08-01","Pediatrics","quantile","0.1",255
"Seasonal Baseline","2026-08-15",-2,"2026-08-01","Pediatrics","quantile","0.15",275
"Seasonal Baseline","2026-08-15",-2,"2026-08-01","Pediatrics","quantile","0.2",290
"Seasonal Baseline","2026-08-15",-2,"2026-08-01","Pediatrics","quantile","0.25",306
"Seasonal Baseline","2026-08-15",-2,"2026-08-01","Pediatrics","quantile","0.3",322
"Seasonal Baseline","2026-08-15",-2,"2026-08-01","Pediatrics","quantile","0.35",337
"Seasonal Baseline","2026-08-15",-2,"2026-08-01","Pediatrics","quantile","0.4",351
"Seasonal Baseline","2026-08-15",-2,"2026-08-01","Pediatrics","quantile","0.45",365
"Seasonal Baseline","2026-08-15",-2,"2026-08-01","Pediatrics","quantile","0.5",381
"Seasonal Baseline","2026-08-15",-2,"2026-08-01","Pediatrics","quantile","0.55",395
"Seasonal Baseline","2026-08-15",-2,"2026-08-01","Pediatrics","quantile","0.6",411
"Seasonal Baseline","2026-08-15",-2,"2026-08-01","Pediatrics","quantile","0.65",430
"Seasonal Baseline","2026-08-15",-2,"2026-08-01","Pediatrics","quantile","0.7",449
"Seasonal Baseline","2026-08-15",-2,"2026-08-01","Pediatrics","quantile","0.75",469
"Seasonal Baseline","2026-08-15",-2,"2026-08-01","Pediatrics","quantile","0.8",495
"Seasonal Baseline","2026-08-15",-2,"2026-08-01","Pediatrics","quantile","0.85",528
"Seasonal Baseline","2026-08-15",-2,"2026-08-01","Pediatrics","quantile","0.9",568
"Seasonal Baseline","2026-08-15",-2,"2026-08-01","Pediatrics","quantile","0.95",638
"Seasonal Baseline","2026-08-15",-2,"2026-08-01","Pediatrics","quantile","0.975",697
"Seasonal Baseline","2026-08-15",-2,"2026-08-01","Pediatrics","quantile","0.99",780
"Seasonal Baseline","2026-08-15",-1,"2026-08-08","Pediatrics","quantile","0.01",182
"Seasonal Baseline","2026-08-15",-1,"2026-08-08","Pediatrics","quantile","0.025",204
"Seasonal Baseline","2026-08-15",-1,"2026-08-08","Pediatrics","quantile","0.05",224
"Seasonal Baseline","2026-08-15",-1,"2026-08-08","Pediatrics","quantile","0.1",251
"Seasonal Baseline","2026-08-15",-1,"2026-08-08","Pediatrics","quantile","0.15",270
"Seasonal Baseline","2026-08-15",-1,"2026-08-08","Pediatrics","quantile","0.2",287
"Seasonal Baseline","2026-08-15",-1,"2026-08-08","Pediatrics","quantile","0.25",304
"Seasonal Baseline","2026-08-15",-1,"2026-08-08","Pediatrics","quantile","0.3",319
"Seasonal Baseline","2026-08-15",-1,"2026-08-08","Pediatrics","quantile","0.35",332
"Seasonal Baseline","2026-08-15",-1,"2026-08-08","Pediatrics","quantile","0.4",346
"Seasonal Baseline","2026-08-15",-1,"2026-08-08","Pediatrics","quantile","0.45",360
"Seasonal Baseline","2026-08-15",-1,"2026-08-08","Pediatrics","quantile","0.5",374
"Seasonal Baseline","2026-08-15",-1,"2026-08-08","Pediatrics","quantile","0.55",389
"Seasonal Baseline","2026-08-15",-1,"2026-08-08","Pediatrics","quantile","0.6",405
"Seasonal Baseline","2026-08-15",-1,"2026-08-08","Pediatrics","quantile","0.65",423
"Seasonal Baseline","2026-08-15",-1,"2026-08-08","Pediatrics","quantile","0.7",442
"Seasonal Baseline","2026-08-15",-1,"2026-08-08","Pediatrics","quantile","0.75",464
"Seasonal Baseline","2026-08-15",-1,"2026-08-08","Pediatrics","quantile","0.8",488
"Seasonal Baseline","2026-08-15",-1,"2026-08-08","Pediatrics","quantile","0.85",521
"Seasonal Baseline","2026-08-15",-1,"2026-08-08","Pediatrics","quantile","0.9",563
"Seasonal Baseline","2026-08-15",-1,"2026-08-08","Pediatrics","quantile","0.95",632
"Seasonal Baseline","2026-08-15",-1,"2026-08-08","Pediatrics","quantile","0.975",710
"Seasonal Baseline","2026-08-15",-1,"2026-08-08","Pediatrics","quantile","0.99",777
"Seasonal Baseline","2026-08-15",0,"2026-08-15","Pediatrics","quantile","0.01",176
"Seasonal Baseline","2026-08-15",0,"2026-08-15","Pediatrics","quantile","0.025",199
"Seasonal Baseline","2026-08-15",0,"2026-08-15","Pediatrics","quantile","0.05",220
"Seasonal Baseline","2026-08-15",0,"2026-08-15","Pediatrics","quantile","0.1",247
"Seasonal Baseline","2026-08-15",0,"2026-08-15","Pediatrics","quantile","0.15",267
"Seasonal Baseline","2026-08-15",0,"2026-08-15","Pediatrics","quantile","0.2",283
"Seasonal Baseline","2026-08-15",0,"2026-08-15","Pediatrics","quantile","0.25",298
"Seasonal Baseline","2026-08-15",0,"2026-08-15","Pediatrics","quantile","0.3",312
"Seasonal Baseline","2026-08-15",0,"2026-08-15","Pediatrics","quantile","0.35",326
"Seasonal Baseline","2026-08-15",0,"2026-08-15","Pediatrics","quantile","0.4",339
"Seasonal Baseline","2026-08-15",0,"2026-08-15","Pediatrics","quantile","0.45",353
"Seasonal Baseline","2026-08-15",0,"2026-08-15","Pediatrics","quantile","0.5",367
"Seasonal Baseline","2026-08-15",0,"2026-08-15","Pediatrics","quantile","0.55",382
"Seasonal Baseline","2026-08-15",0,"2026-08-15","Pediatrics","quantile","0.6",398
"Seasonal Baseline","2026-08-15",0,"2026-08-15","Pediatrics","quantile","0.65",415
"Seasonal Baseline","2026-08-15",0,"2026-08-15","Pediatrics","quantile","0.7",434
"Seasonal Baseline","2026-08-15",0,"2026-08-15","Pediatrics","quantile","0.75",455
"Seasonal Baseline","2026-08-15",0,"2026-08-15","Pediatrics","quantile","0.8",481
"Seasonal Baseline","2026-08-15",0,"2026-08-15","Pediatrics","quantile","0.85",513
"Seasonal Baseline","2026-08-15",0,"2026-08-15","Pediatrics","quantile","0.9",555
"Seasonal Baseline","2026-08-15",0,"2026-08-15","Pediatrics","quantile","0.95",621
"Seasonal Baseline","2026-08-15",0,"2026-08-15","Pediatrics","quantile","0.975",681
"Seasonal Baseline","2026-08-15",0,"2026-08-15","Pediatrics","quantile","0.99",766
"Seasonal Baseline","2026-08-15",1,"2026-08-22","Pediatrics","quantile","0.01",174
"Seasonal Baseline","2026-08-15",1,"2026-08-22","Pediatrics","quantile","0.025",194
"Seasonal Baseline","2026-08-15",1,"2026-08-22","Pediatrics","quantile","0.05",217
"Seasonal Baseline","2026-08-15",1,"2026-08-22","Pediatrics","quantile","0.1",244
"Seasonal Baseline","2026-08-15",1,"2026-08-22","Pediatrics","quantile","0.15",263
"Seasonal Baseline","2026-08-15",1,"2026-08-22","Pediatrics","quantile","0.2",279
"Seasonal Baseline","2026-08-15",1,"2026-08-22","Pediatrics","quantile","0.25",294
"Seasonal Baseline","2026-08-15",1,"2026-08-22","Pediatrics","quantile","0.3",307
"Seasonal Baseline","2026-08-15",1,"2026-08-22","Pediatrics","quantile","0.35",321
"Seasonal Baseline","2026-08-15",1,"2026-08-22","Pediatrics","quantile","0.4",335
"Seasonal Baseline","2026-08-15",1,"2026-08-22","Pediatrics","quantile","0.45",348
"Seasonal Baseline","2026-08-15",1,"2026-08-22","Pediatrics","quantile","0.5",362
"Seasonal Baseline","2026-08-15",1,"2026-08-22","Pediatrics","quantile","0.55",377
"Seasonal Baseline","2026-08-15",1,"2026-08-22","Pediatrics","quantile","0.6",393
"Seasonal Baseline","2026-08-15",1,"2026-08-22","Pediatrics","quantile","0.65",410
"Seasonal Baseline","2026-08-15",1,"2026-08-22","Pediatrics","quantile","0.7",427
"Seasonal Baseline","2026-08-15",1,"2026-08-22","Pediatrics","quantile","0.75",446
"Seasonal Baseline","2026-08-15",1,"2026-08-22","Pediatrics","quantile","0.8",470
"Seasonal Baseline","2026-08-15",1,"2026-08-22","Pediatrics","quantile","0.85",499
"Seasonal Baseline","2026-08-15",1,"2026-08-22","Pediatrics","quantile","0.9",540
"Seasonal Baseline","2026-08-15",1,"2026-08-22","Pediatrics","quantile","0.95",603
"Seasonal Baseline","2026-08-15",1,"2026-08-22","Pediatrics","quantile","0.975",668
"Seasonal Baseline","2026-08-15",1,"2026-08-22","Pediatrics","quantile","0.99",748
"Seasonal Baseline","2026-08-15",2,"2026-08-29","Pediatrics","quantile","0.01",168
"Seasonal Baseline","2026-08-15",2,"2026-08-29","Pediatrics","quantile","0.025",192
"Seasonal Baseline","2026-08-15",2,"2026-08-29","Pediatrics","quantile","0.05",212
"Seasonal Baseline","2026-08-15",2,"2026-08-29","Pediatrics","quantile","0.1",238
"Seasonal Baseline","2026-08-15",2,"2026-08-29","Pediatrics","quantile","0.15",255
"Seasonal Baseline","2026-08-15",2,"2026-08-29","Pediatrics","quantile","0.2",271
"Seasonal Baseline","2026-08-15",2,"2026-08-29","Pediatrics","quantile","0.25",286
"Seasonal Baseline","2026-08-15",2,"2026-08-29","Pediatrics","quantile","0.3",299
"Seasonal Baseline","2026-08-15",2,"2026-08-29","Pediatrics","quantile","0.35",313
"Seasonal Baseline","2026-08-15",2,"2026-08-29","Pediatrics","quantile","0.4",327
"Seasonal Baseline","2026-08-15",2,"2026-08-29","Pediatrics","quantile","0.45",341
"Seasonal Baseline","2026-08-15",2,"2026-08-29","Pediatrics","quantile","0.5",354
"Seasonal Baseline","2026-08-15",2,"2026-08-29","Pediatrics","quantile","0.55",367
"Seasonal Baseline","2026-08-15",2,"2026-08-29","Pediatrics","quantile","0.6",382
"Seasonal Baseline","2026-08-15",2,"2026-08-29","Pediatrics","quantile","0.65",397
"Seasonal Baseline","2026-08-15",2,"2026-08-29","Pediatrics","quantile","0.7",414
"Seasonal Baseline","2026-08-15",2,"2026-08-29","Pediatrics","quantile","0.75",434
"Seasonal Baseline","2026-08-15",2,"2026-08-29","Pediatrics","quantile","0.8",459
"Seasonal Baseline","2026-08-15",2,"2026-08-29","Pediatrics","quantile","0.85",486
"Seasonal Baseline","2026-08-15",2,"2026-08-29","Pediatrics","quantile","0.9",524
"Seasonal Baseline","2026-08-15",2,"2026-08-29","Pediatrics","quantile","0.95",586
"Seasonal Baseline","2026-08-15",2,"2026-08-29","Pediatrics","quantile","0.975",647
"Seasonal Baseline","2026-08-15",2,"2026-08-29","Pediatrics","quantile","0.99",723
"Seasonal Baseline","2026-08-15",3,"2026-09-05","Pediatrics","quantile","0.01",161
"Seasonal Baseline","2026-08-15",3,"2026-09-05","Pediatrics","quantile","0.025",182
"Seasonal Baseline","2026-08-15",3,"2026-09-05","Pediatrics","quantile","0.05",201
"Seasonal Baseline","2026-08-15",3,"2026-09-05","Pediatrics","quantile","0.1",227
"Seasonal Baseline","2026-08-15",3,"2026-09-05","Pediatrics","quantile","0.15",245
"Seasonal Baseline","2026-08-15",3,"2026-09-05","Pediatrics","quantile","0.2",261
"Seasonal Baseline","2026-08-15",3,"2026-09-05","Pediatrics","quantile","0.25",275
"Seasonal Baseline","2026-08-15",3,"2026-09-05","Pediatrics","quantile","0.3",289
"Seasonal Baseline","2026-08-15",3,"2026-09-05","Pediatrics","quantile","0.35",302
"Seasonal Baseline","2026-08-15",3,"2026-09-05","Pediatrics","quantile","0.4",314
"Seasonal Baseline","2026-08-15",3,"2026-09-05","Pediatrics","quantile","0.45",327
"Seasonal Baseline","2026-08-15",3,"2026-09-05","Pediatrics","quantile","0.5",340
"Seasonal Baseline","2026-08-15",3,"2026-09-05","Pediatrics","quantile","0.55",353
"Seasonal Baseline","2026-08-15",3,"2026-09-05","Pediatrics","quantile","0.6",367
"Seasonal Baseline","2026-08-15",3,"2026-09-05","Pediatrics","quantile","0.65",384
"Seasonal Baseline","2026-08-15",3,"2026-09-05","Pediatrics","quantile","0.7",400
"Seasonal Baseline","2026-08-15",3,"2026-09-05","Pediatrics","quantile","0.75",419
"Seasonal Baseline","2026-08-15",3,"2026-09-05","Pediatrics","quantile","0.8",442
"Seasonal Baseline","2026-08-15",3,"2026-09-05","Pediatrics","quantile","0.85",471
"Seasonal Baseline","2026-08-15",3,"2026-09-05","Pediatrics","quantile","0.9",508
"Seasonal Baseline","2026-08-15",3,"2026-09-05","Pediatrics","quantile","0.95",563
"Seasonal Baseline","2026-08-15",3,"2026-09-05","Pediatrics","quantile","0.975",627
"Seasonal Baseline","2026-08-15",3,"2026-09-05","Pediatrics","quantile","0.99",701
"Opt Baseline","2026-08-15",-8,"2026-06-20","Adults","quantile","0.01",12
"Opt Baseline","2026-08-15",-8,"2026-06-20","Adults","quantile","0.025",23
"Opt Baseline","2026-08-15",-8,"2026-06-20","Adults","quantile","0.05",47
"Opt Baseline","2026-08-15",-8,"2026-06-20","Adults","quantile","0.1",70
"Opt Baseline","2026-08-15",-8,"2026-06-20","Adults","quantile","0.15",72
"Opt Baseline","2026-08-15",-8,"2026-06-20","Adults","quantile","0.2",75
"Opt Baseline","2026-08-15",-8,"2026-06-20","Adults","quantile","0.25",77
"Opt Baseline","2026-08-15",-8,"2026-06-20","Adults","quantile","0.3",82
"Opt Baseline","2026-08-15",-8,"2026-06-20","Adults","quantile","0.35",89
"Opt Baseline","2026-08-15",-8,"2026-06-20","Adults","quantile","0.4",94
"Opt Baseline","2026-08-15",-8,"2026-06-20","Adults","quantile","0.45",94
"Opt Baseline","2026-08-15",-8,"2026-06-20","Adults","quantile","0.5",102
"Opt Baseline","2026-08-15",-8,"2026-06-20","Adults","quantile","0.55",110
"Opt Baseline","2026-08-15",-8,"2026-06-20","Adults","quantile","0.6",110
"Opt Baseline","2026-08-15",-8,"2026-06-20","Adults","quantile","0.65",116
"Opt Baseline","2026-08-15",-8,"2026-06-20","Adults","quantile","0.7",124
"Opt Baseline","2026-08-15",-8,"2026-06-20","Adults","quantile","0.75",130
"Opt Baseline","2026-08-15",-8,"2026-06-20","Adults","quantile","0.8",133
"Opt Baseline","2026-08-15",-8,"2026-06-20","Adults","quantile","0.85",137
"Opt Baseline","2026-08-15",-8,"2026-06-20","Adults","quantile","0.9",140
"Opt Baseline","2026-08-15",-8,"2026-06-20","Adults","quantile","0.95",178
"Opt Baseline","2026-08-15",-8,"2026-06-20","Adults","quantile","0.975",238
"Opt Baseline","2026-08-15",-8,"2026-06-20","Adults","quantile","0.99",278
"Opt Baseline","2026-08-15",-7,"2026-06-27","Adults","quantile","0.01",5
"Opt Baseline","2026-08-15",-7,"2026-06-27","Adults","quantile","0.025",12
"Opt Baseline","2026-08-15",-7,"2026-06-27","Adults","quantile","0.05",23
"Opt Baseline","2026-08-15",-7,"2026-06-27","Adults","quantile","0.1",46
"Opt Baseline","2026-08-15",-7,"2026-06-27","Adults","quantile","0.15",56
"Opt Baseline","2026-08-15",-7,"2026-06-27","Adults","quantile","0.2",65
"Opt Baseline","2026-08-15",-7,"2026-06-27","Adults","quantile","0.25",71
"Opt Baseline","2026-08-15",-7,"2026-06-27","Adults","quantile","0.3",79
"Opt Baseline","2026-08-15",-7,"2026-06-27","Adults","quantile","0.35",85
"Opt Baseline","2026-08-15",-7,"2026-06-27","Adults","quantile","0.4",91
"Opt Baseline","2026-08-15",-7,"2026-06-27","Adults","quantile","0.45",97
"Opt Baseline","2026-08-15",-7,"2026-06-27","Adults","quantile","0.5",102
"Opt Baseline","2026-08-15",-7,"2026-06-27","Adults","quantile","0.55",107
"Opt Baseline","2026-08-15",-7,"2026-06-27","Adults","quantile","0.6",113
"Opt Baseline","2026-08-15",-7,"2026-06-27","Adults","quantile","0.65",121
"Opt Baseline","2026-08-15",-7,"2026-06-27","Adults","quantile","0.7",128
"Opt Baseline","2026-08-15",-7,"2026-06-27","Adults","quantile","0.75",138
"Opt Baseline","2026-08-15",-7,"2026-06-27","Adults","quantile","0.8",148
"Opt Baseline","2026-08-15",-7,"2026-06-27","Adults","quantile","0.85",163
"Opt Baseline","2026-08-15",-7,"2026-06-27","Adults","quantile","0.9",179
"Opt Baseline","2026-08-15",-7,"2026-06-27","Adults","quantile","0.95",233
"Opt Baseline","2026-08-15",-7,"2026-06-27","Adults","quantile","0.975",277
"Opt Baseline","2026-08-15",-7,"2026-06-27","Adults","quantile","0.99",327
"Opt Baseline","2026-08-15",-6,"2026-07-04","Adults","quantile","0.01",1
"Opt Baseline","2026-08-15",-6,"2026-07-04","Adults","quantile","0.025",6
"Opt Baseline","2026-08-15",-6,"2026-07-04","Adults","quantile","0.05",15
"Opt Baseline","2026-08-15",-6,"2026-07-04","Adults","quantile","0.1",32
"Opt Baseline","2026-08-15",-6,"2026-07-04","Adults","quantile","0.15",45
"Opt Baseline","2026-08-15",-6,"2026-07-04","Adults","quantile","0.2",56
"Opt Baseline","2026-08-15",-6,"2026-07-04","Adults","quantile","0.25",65
"Opt Baseline","2026-08-15",-6,"2026-07-04","Adults","quantile","0.3",73
"Opt Baseline","2026-08-15",-6,"2026-07-04","Adults","quantile","0.35",80
"Opt Baseline","2026-08-15",-6,"2026-07-04","Adults","quantile","0.4",87
"Opt Baseline","2026-08-15",-6,"2026-07-04","Adults","quantile","0.45",95
"Opt Baseline","2026-08-15",-6,"2026-07-04","Adults","quantile","0.5",102
"Opt Baseline","2026-08-15",-6,"2026-07-04","Adults","quantile","0.55",110
"Opt Baseline","2026-08-15",-6,"2026-07-04","Adults","quantile","0.6",117
"Opt Baseline","2026-08-15",-6,"2026-07-04","Adults","quantile","0.65",127
"Opt Baseline","2026-08-15",-6,"2026-07-04","Adults","quantile","0.7",137
"Opt Baseline","2026-08-15",-6,"2026-07-04","Adults","quantile","0.75",149
"Opt Baseline","2026-08-15",-6,"2026-07-04","Adults","quantile","0.8",163
"Opt Baseline","2026-08-15",-6,"2026-07-04","Adults","quantile","0.85",184
"Opt Baseline","2026-08-15",-6,"2026-07-04","Adults","quantile","0.9",214
"Opt Baseline","2026-08-15",-6,"2026-07-04","Adults","quantile","0.95",266
"Opt Baseline","2026-08-15",-6,"2026-07-04","Adults","quantile","0.975",316
"Opt Baseline","2026-08-15",-6,"2026-07-04","Adults","quantile","0.99",380
"Opt Baseline","2026-08-15",-5,"2026-07-11","Adults","quantile","0.01",0
"Opt Baseline","2026-08-15",-5,"2026-07-11","Adults","quantile","0.025",2
"Opt Baseline","2026-08-15",-5,"2026-07-11","Adults","quantile","0.05",10
"Opt Baseline","2026-08-15",-5,"2026-07-11","Adults","quantile","0.1",23
"Opt Baseline","2026-08-15",-5,"2026-07-11","Adults","quantile","0.15",37
"Opt Baseline","2026-08-15",-5,"2026-07-11","Adults","quantile","0.2",48
"Opt Baseline","2026-08-15",-5,"2026-07-11","Adults","quantile","0.25",59
"Opt Baseline","2026-08-15",-5,"2026-07-11","Adults","quantile","0.3",67
"Opt Baseline","2026-08-15",-5,"2026-07-11","Adults","quantile","0.35",76
"Opt Baseline","2026-08-15",-5,"2026-07-11","Adults","quantile","0.4",84
"Opt Baseline","2026-08-15",-5,"2026-07-11","Adults","quantile","0.45",93
"Opt Baseline","2026-08-15",-5,"2026-07-11","Adults","quantile","0.5",102
"Opt Baseline","2026-08-15",-5,"2026-07-11","Adults","quantile","0.55",111
"Opt Baseline","2026-08-15",-5,"2026-07-11","Adults","quantile","0.6",121
"Opt Baseline","2026-08-15",-5,"2026-07-11","Adults","quantile","0.65",132
"Opt Baseline","2026-08-15",-5,"2026-07-11","Adults","quantile","0.7",145
"Opt Baseline","2026-08-15",-5,"2026-07-11","Adults","quantile","0.75",159
"Opt Baseline","2026-08-15",-5,"2026-07-11","Adults","quantile","0.8",177
"Opt Baseline","2026-08-15",-5,"2026-07-11","Adults","quantile","0.85",200
"Opt Baseline","2026-08-15",-5,"2026-07-11","Adults","quantile","0.9",232
"Opt Baseline","2026-08-15",-5,"2026-07-11","Adults","quantile","0.95",292
"Opt Baseline","2026-08-15",-5,"2026-07-11","Adults","quantile","0.975",352
"Opt Baseline","2026-08-15",-5,"2026-07-11","Adults","quantile","0.99",429
"Opt Baseline","2026-08-15",-4,"2026-07-18","Adults","quantile","0.01",0
"Opt Baseline","2026-08-15",-4,"2026-07-18","Adults","quantile","0.025",0
"Opt Baseline","2026-08-15",-4,"2026-07-18","Adults","quantile","0.05",5
"Opt Baseline","2026-08-15",-4,"2026-07-18","Adults","quantile","0.1",18
"Opt Baseline","2026-08-15",-4,"2026-07-18","Adults","quantile","0.15",30
"Opt Baseline","2026-08-15",-4,"2026-07-18","Adults","quantile","0.2",42
"Opt Baseline","2026-08-15",-4,"2026-07-18","Adults","quantile","0.25",52
"Opt Baseline","2026-08-15",-4,"2026-07-18","Adults","quantile","0.3",63
"Opt Baseline","2026-08-15",-4,"2026-07-18","Adults","quantile","0.35",72
"Opt Baseline","2026-08-15",-4,"2026-07-18","Adults","quantile","0.4",82
"Opt Baseline","2026-08-15",-4,"2026-07-18","Adults","quantile","0.45",92
"Opt Baseline","2026-08-15",-4,"2026-07-18","Adults","quantile","0.5",102
"Opt Baseline","2026-08-15",-4,"2026-07-18","Adults","quantile","0.55",112
"Opt Baseline","2026-08-15",-4,"2026-07-18","Adults","quantile","0.6",125
"Opt Baseline","2026-08-15",-4,"2026-07-18","Adults","quantile","0.65",138
"Opt Baseline","2026-08-15",-4,"2026-07-18","Adults","quantile","0.7",152
"Opt Baseline","2026-08-15",-4,"2026-07-18","Adults","quantile","0.75",170
"Opt Baseline","2026-08-15",-4,"2026-07-18","Adults","quantile","0.8",190
"Opt Baseline","2026-08-15",-4,"2026-07-18","Adults","quantile","0.85",217
"Opt Baseline","2026-08-15",-4,"2026-07-18","Adults","quantile","0.9",254
"Opt Baseline","2026-08-15",-4,"2026-07-18","Adults","quantile","0.95",322
"Opt Baseline","2026-08-15",-4,"2026-07-18","Adults","quantile","0.975",385
"Opt Baseline","2026-08-15",-4,"2026-07-18","Adults","quantile","0.99",478
"Opt Baseline","2026-08-15",-3,"2026-07-25","Adults","quantile","0.01",0
"Opt Baseline","2026-08-15",-3,"2026-07-25","Adults","quantile","0.025",0
"Opt Baseline","2026-08-15",-3,"2026-07-25","Adults","quantile","0.05",2
"Opt Baseline","2026-08-15",-3,"2026-07-25","Adults","quantile","0.1",14
"Opt Baseline","2026-08-15",-3,"2026-07-25","Adults","quantile","0.15",26
"Opt Baseline","2026-08-15",-3,"2026-07-25","Adults","quantile","0.2",36
"Opt Baseline","2026-08-15",-3,"2026-07-25","Adults","quantile","0.25",47
"Opt Baseline","2026-08-15",-3,"2026-07-25","Adults","quantile","0.3",58
"Opt Baseline","2026-08-15",-3,"2026-07-25","Adults","quantile","0.35",69
"Opt Baseline","2026-08-15",-3,"2026-07-25","Adults","quantile","0.4",80
"Opt Baseline","2026-08-15",-3,"2026-07-25","Adults","quantile","0.45",90
"Opt Baseline","2026-08-15",-3,"2026-07-25","Adults","quantile","0.5",102
"Opt Baseline","2026-08-15",-3,"2026-07-25","Adults","quantile","0.55",116
"Opt Baseline","2026-08-15",-3,"2026-07-25","Adults","quantile","0.6",128
"Opt Baseline","2026-08-15",-3,"2026-07-25","Adults","quantile","0.65",144
"Opt Baseline","2026-08-15",-3,"2026-07-25","Adults","quantile","0.7",161
"Opt Baseline","2026-08-15",-3,"2026-07-25","Adults","quantile","0.75",180
"Opt Baseline","2026-08-15",-3,"2026-07-25","Adults","quantile","0.8",203
"Opt Baseline","2026-08-15",-3,"2026-07-25","Adults","quantile","0.85",235
"Opt Baseline","2026-08-15",-3,"2026-07-25","Adults","quantile","0.9",275
"Opt Baseline","2026-08-15",-3,"2026-07-25","Adults","quantile","0.95",344
"Opt Baseline","2026-08-15",-3,"2026-07-25","Adults","quantile","0.975",419
"Opt Baseline","2026-08-15",-3,"2026-07-25","Adults","quantile","0.99",515
"Opt Baseline","2026-08-15",-2,"2026-08-01","Adults","quantile","0.01",0
"Opt Baseline","2026-08-15",-2,"2026-08-01","Adults","quantile","0.025",0
"Opt Baseline","2026-08-15",-2,"2026-08-01","Adults","quantile","0.05",0
"Opt Baseline","2026-08-15",-2,"2026-08-01","Adults","quantile","0.1",9
"Opt Baseline","2026-08-15",-2,"2026-08-01","Adults","quantile","0.15",21
"Opt Baseline","2026-08-15",-2,"2026-08-01","Adults","quantile","0.2",32
"Opt Baseline","2026-08-15",-2,"2026-08-01","Adults","quantile","0.25",43
"Opt Baseline","2026-08-15",-2,"2026-08-01","Adults","quantile","0.3",54
"Opt Baseline","2026-08-15",-2,"2026-08-01","Adults","quantile","0.35",65
"Opt Baseline","2026-08-15",-2,"2026-08-01","Adults","quantile","0.4",77
"Opt Baseline","2026-08-15",-2,"2026-08-01","Adults","quantile","0.45",90
"Opt Baseline","2026-08-15",-2,"2026-08-01","Adults","quantile","0.5",102
"Opt Baseline","2026-08-15",-2,"2026-08-01","Adults","quantile","0.55",115
"Opt Baseline","2026-08-15",-2,"2026-08-01","Adults","quantile","0.6",130
"Opt Baseline","2026-08-15",-2,"2026-08-01","Adults","quantile","0.65",147
"Opt Baseline","2026-08-15",-2,"2026-08-01","Adults","quantile","0.7",166
"Opt Baseline","2026-08-15",-2,"2026-08-01","Adults","quantile","0.75",187
"Opt Baseline","2026-08-15",-2,"2026-08-01","Adults","quantile","0.8",214
"Opt Baseline","2026-08-15",-2,"2026-08-01","Adults","quantile","0.85",243
"Opt Baseline","2026-08-15",-2,"2026-08-01","Adults","quantile","0.9",293
"Opt Baseline","2026-08-15",-2,"2026-08-01","Adults","quantile","0.95",371
"Opt Baseline","2026-08-15",-2,"2026-08-01","Adults","quantile","0.975",445
"Opt Baseline","2026-08-15",-2,"2026-08-01","Adults","quantile","0.99",554
"Opt Baseline","2026-08-15",-1,"2026-08-08","Adults","quantile","0.01",0
"Opt Baseline","2026-08-15",-1,"2026-08-08","Adults","quantile","0.025",0
"Opt Baseline","2026-08-15",-1,"2026-08-08","Adults","quantile","0.05",0
"Opt Baseline","2026-08-15",-1,"2026-08-08","Adults","quantile","0.1",7
"Opt Baseline","2026-08-15",-1,"2026-08-08","Adults","quantile","0.15",17
"Opt Baseline","2026-08-15",-1,"2026-08-08","Adults","quantile","0.2",27
"Opt Baseline","2026-08-15",-1,"2026-08-08","Adults","quantile","0.25",39
"Opt Baseline","2026-08-15",-1,"2026-08-08","Adults","quantile","0.3",51
"Opt Baseline","2026-08-15",-1,"2026-08-08","Adults","quantile","0.35",63
"Opt Baseline","2026-08-15",-1,"2026-08-08","Adults","quantile","0.4",75
"Opt Baseline","2026-08-15",-1,"2026-08-08","Adults","quantile","0.45",88
"Opt Baseline","2026-08-15",-1,"2026-08-08","Adults","quantile","0.5",102
"Opt Baseline","2026-08-15",-1,"2026-08-08","Adults","quantile","0.55",116
"Opt Baseline","2026-08-15",-1,"2026-08-08","Adults","quantile","0.6",133
"Opt Baseline","2026-08-15",-1,"2026-08-08","Adults","quantile","0.65",149
"Opt Baseline","2026-08-15",-1,"2026-08-08","Adults","quantile","0.7",168
"Opt Baseline","2026-08-15",-1,"2026-08-08","Adults","quantile","0.75",194
"Opt Baseline","2026-08-15",-1,"2026-08-08","Adults","quantile","0.8",224
"Opt Baseline","2026-08-15",-1,"2026-08-08","Adults","quantile","0.85",261
"Opt Baseline","2026-08-15",-1,"2026-08-08","Adults","quantile","0.9",310
"Opt Baseline","2026-08-15",-1,"2026-08-08","Adults","quantile","0.95",400
"Opt Baseline","2026-08-15",-1,"2026-08-08","Adults","quantile","0.975",481
"Opt Baseline","2026-08-15",-1,"2026-08-08","Adults","quantile","0.99",603
"Opt Baseline","2026-08-15",0,"2026-08-15","Adults","quantile","0.01",0
"Opt Baseline","2026-08-15",0,"2026-08-15","Adults","quantile","0.025",0
"Opt Baseline","2026-08-15",0,"2026-08-15","Adults","quantile","0.05",0
"Opt Baseline","2026-08-15",0,"2026-08-15","Adults","quantile","0.1",4
"Opt Baseline","2026-08-15",0,"2026-08-15","Adults","quantile","0.15",14
"Opt Baseline","2026-08-15",0,"2026-08-15","Adults","quantile","0.2",25
"Opt Baseline","2026-08-15",0,"2026-08-15","Adults","quantile","0.25",35
"Opt Baseline","2026-08-15",0,"2026-08-15","Adults","quantile","0.3",47
"Opt Baseline","2026-08-15",0,"2026-08-15","Adults","quantile","0.35",60
"Opt Baseline","2026-08-15",0,"2026-08-15","Adults","quantile","0.4",73
"Opt Baseline","2026-08-15",0,"2026-08-15","Adults","quantile","0.45",87
"Opt Baseline","2026-08-15",0,"2026-08-15","Adults","quantile","0.5",102
"Opt Baseline","2026-08-15",0,"2026-08-15","Adults","quantile","0.55",119
"Opt Baseline","2026-08-15",0,"2026-08-15","Adults","quantile","0.6",136
"Opt Baseline","2026-08-15",0,"2026-08-15","Adults","quantile","0.65",155
"Opt Baseline","2026-08-15",0,"2026-08-15","Adults","quantile","0.7",177
"Opt Baseline","2026-08-15",0,"2026-08-15","Adults","quantile","0.75",204
"Opt Baseline","2026-08-15",0,"2026-08-15","Adults","quantile","0.8",237
"Opt Baseline","2026-08-15",0,"2026-08-15","Adults","quantile","0.85",277
"Opt Baseline","2026-08-15",0,"2026-08-15","Adults","quantile","0.9",333
"Opt Baseline","2026-08-15",0,"2026-08-15","Adults","quantile","0.95",420
"Opt Baseline","2026-08-15",0,"2026-08-15","Adults","quantile","0.975",516
"Opt Baseline","2026-08-15",0,"2026-08-15","Adults","quantile","0.99",640
"Opt Baseline","2026-08-15",1,"2026-08-22","Adults","quantile","0.01",0
"Opt Baseline","2026-08-15",1,"2026-08-22","Adults","quantile","0.025",0
"Opt Baseline","2026-08-15",1,"2026-08-22","Adults","quantile","0.05",0
"Opt Baseline","2026-08-15",1,"2026-08-22","Adults","quantile","0.1",3
"Opt Baseline","2026-08-15",1,"2026-08-22","Adults","quantile","0.15",12
"Opt Baseline","2026-08-15",1,"2026-08-22","Adults","quantile","0.2",23
"Opt Baseline","2026-08-15",1,"2026-08-22","Adults","quantile","0.25",33
"Opt Baseline","2026-08-15",1,"2026-08-22","Adults","quantile","0.3",45
"Opt Baseline","2026-08-15",1,"2026-08-22","Adults","quantile","0.35",58
"Opt Baseline","2026-08-15",1,"2026-08-22","Adults","quantile","0.4",72
"Opt Baseline","2026-08-15",1,"2026-08-22","Adults","quantile","0.45",87
"Opt Baseline","2026-08-15",1,"2026-08-22","Adults","quantile","0.5",102
"Opt Baseline","2026-08-15",1,"2026-08-22","Adults","quantile","0.55",119
"Opt Baseline","2026-08-15",1,"2026-08-22","Adults","quantile","0.6",139
"Opt Baseline","2026-08-15",1,"2026-08-22","Adults","quantile","0.65",159
"Opt Baseline","2026-08-15",1,"2026-08-22","Adults","quantile","0.7",183
"Opt Baseline","2026-08-15",1,"2026-08-22","Adults","quantile","0.75",211
"Opt Baseline","2026-08-15",1,"2026-08-22","Adults","quantile","0.8",245
"Opt Baseline","2026-08-15",1,"2026-08-22","Adults","quantile","0.85",291
"Opt Baseline","2026-08-15",1,"2026-08-22","Adults","quantile","0.9",347
"Opt Baseline","2026-08-15",1,"2026-08-22","Adults","quantile","0.95",451
"Opt Baseline","2026-08-15",1,"2026-08-22","Adults","quantile","0.975",548
"Opt Baseline","2026-08-15",1,"2026-08-22","Adults","quantile","0.99",690
"Opt Baseline","2026-08-15",2,"2026-08-29","Adults","quantile","0.01",0
"Opt Baseline","2026-08-15",2,"2026-08-29","Adults","quantile","0.025",0
"Opt Baseline","2026-08-15",2,"2026-08-29","Adults","quantile","0.05",0
"Opt Baseline","2026-08-15",2,"2026-08-29","Adults","quantile","0.1",1
"Opt Baseline","2026-08-15",2,"2026-08-29","Adults","quantile","0.15",10
"Opt Baseline","2026-08-15",2,"2026-08-29","Adults","quantile","0.2",20
"Opt Baseline","2026-08-15",2,"2026-08-29","Adults","quantile","0.25",30
"Opt Baseline","2026-08-15",2,"2026-08-29","Adults","quantile","0.3",43
"Opt Baseline","2026-08-15",2,"2026-08-29","Adults","quantile","0.35",56
"Opt Baseline","2026-08-15",2,"2026-08-29","Adults","quantile","0.4",71
"Opt Baseline","2026-08-15",2,"2026-08-29","Adults","quantile","0.45",86
"Opt Baseline","2026-08-15",2,"2026-08-29","Adults","quantile","0.5",102
"Opt Baseline","2026-08-15",2,"2026-08-29","Adults","quantile","0.55",120
"Opt Baseline","2026-08-15",2,"2026-08-29","Adults","quantile","0.6",140
"Opt Baseline","2026-08-15",2,"2026-08-29","Adults","quantile","0.65",162
"Opt Baseline","2026-08-15",2,"2026-08-29","Adults","quantile","0.7",188
"Opt Baseline","2026-08-15",2,"2026-08-29","Adults","quantile","0.75",216
"Opt Baseline","2026-08-15",2,"2026-08-29","Adults","quantile","0.8",253
"Opt Baseline","2026-08-15",2,"2026-08-29","Adults","quantile","0.85",299
"Opt Baseline","2026-08-15",2,"2026-08-29","Adults","quantile","0.9",363
"Opt Baseline","2026-08-15",2,"2026-08-29","Adults","quantile","0.95",468
"Opt Baseline","2026-08-15",2,"2026-08-29","Adults","quantile","0.975",572
"Opt Baseline","2026-08-15",2,"2026-08-29","Adults","quantile","0.99",746
"Opt Baseline","2026-08-15",3,"2026-09-05","Adults","quantile","0.01",0
"Opt Baseline","2026-08-15",3,"2026-09-05","Adults","quantile","0.025",0
"Opt Baseline","2026-08-15",3,"2026-09-05","Adults","quantile","0.05",0
"Opt Baseline","2026-08-15",3,"2026-09-05","Adults","quantile","0.1",0
"Opt Baseline","2026-08-15",3,"2026-09-05","Adults","quantile","0.15",7
"Opt Baseline","2026-08-15",3,"2026-09-05","Adults","quantile","0.2",17
"Opt Baseline","2026-08-15",3,"2026-09-05","Adults","quantile","0.25",28
"Opt Baseline","2026-08-15",3,"2026-09-05","Adults","quantile","0.3",41
"Opt Baseline","2026-08-15",3,"2026-09-05","Adults","quantile","0.35",54
"Opt Baseline","2026-08-15",3,"2026-09-05","Adults","quantile","0.4",69
"Opt Baseline","2026-08-15",3,"2026-09-05","Adults","quantile","0.45",85
"Opt Baseline","2026-08-15",3,"2026-09-05","Adults","quantile","0.5",102
"Opt Baseline","2026-08-15",3,"2026-09-05","Adults","quantile","0.55",120
"Opt Baseline","2026-08-15",3,"2026-09-05","Adults","quantile","0.6",141
"Opt Baseline","2026-08-15",3,"2026-09-05","Adults","quantile","0.65",165
"Opt Baseline","2026-08-15",3,"2026-09-05","Adults","quantile","0.7",191
"Opt Baseline","2026-08-15",3,"2026-09-05","Adults","quantile","0.75",223
"Opt Baseline","2026-08-15",3,"2026-09-05","Adults","quantile","0.8",259
"Opt Baseline","2026-08-15",3,"2026-09-05","Adults","quantile","0.85",305
"Opt Baseline","2026-08-15",3,"2026-09-05","Adults","quantile","0.9",376
"Opt Baseline","2026-08-15",3,"2026-09-05","Adults","quantile","0.95",483
"Opt Baseline","2026-08-15",3,"2026-09-05","Adults","quantile","0.975",597
"Opt Baseline","2026-08-15",3,"2026-09-05","Adults","quantile","0.99",763
"Opt Baseline","2026-08-15",-8,"2026-06-20","Overall","quantile","0.01",29
"Opt Baseline","2026-08-15",-8,"2026-06-20","Overall","quantile","0.025",54
"Opt Baseline","2026-08-15",-8,"2026-06-20","Overall","quantile","0.05",114
"Opt Baseline","2026-08-15",-8,"2026-06-20","Overall","quantile","0.1",171
"Opt Baseline","2026-08-15",-8,"2026-06-20","Overall","quantile","0.15",177
"Opt Baseline","2026-08-15",-8,"2026-06-20","Overall","quantile","0.2",179
"Opt Baseline","2026-08-15",-8,"2026-06-20","Overall","quantile","0.25",185
"Opt Baseline","2026-08-15",-8,"2026-06-20","Overall","quantile","0.3",189
"Opt Baseline","2026-08-15",-8,"2026-06-20","Overall","quantile","0.35",194
"Opt Baseline","2026-08-15",-8,"2026-06-20","Overall","quantile","0.4",202
"Opt Baseline","2026-08-15",-8,"2026-06-20","Overall","quantile","0.45",202
"Opt Baseline","2026-08-15",-8,"2026-06-20","Overall","quantile","0.5",228
"Opt Baseline","2026-08-15",-8,"2026-06-20","Overall","quantile","0.55",255
"Opt Baseline","2026-08-15",-8,"2026-06-20","Overall","quantile","0.6",255
"Opt Baseline","2026-08-15",-8,"2026-06-20","Overall","quantile","0.65",265
"Opt Baseline","2026-08-15",-8,"2026-06-20","Overall","quantile","0.7",270
"Opt Baseline","2026-08-15",-8,"2026-06-20","Overall","quantile","0.75",275
"Opt Baseline","2026-08-15",-8,"2026-06-20","Overall","quantile","0.8",283
"Opt Baseline","2026-08-15",-8,"2026-06-20","Overall","quantile","0.85",285
"Opt Baseline","2026-08-15",-8,"2026-06-20","Overall","quantile","0.9",293
"Opt Baseline","2026-08-15",-8,"2026-06-20","Overall","quantile","0.95",381
"Opt Baseline","2026-08-15",-8,"2026-06-20","Overall","quantile","0.975",520
"Opt Baseline","2026-08-15",-8,"2026-06-20","Overall","quantile","0.99",613
"Opt Baseline","2026-08-15",-7,"2026-06-27","Overall","quantile","0.01",15
"Opt Baseline","2026-08-15",-7,"2026-06-27","Overall","quantile","0.025",33
"Opt Baseline","2026-08-15",-7,"2026-06-27","Overall","quantile","0.05",57
"Opt Baseline","2026-08-15",-7,"2026-06-27","Overall","quantile","0.1",123
"Opt Baseline","2026-08-15",-7,"2026-06-27","Overall","quantile","0.15",141
"Opt Baseline","2026-08-15",-7,"2026-06-27","Overall","quantile","0.2",153
"Opt Baseline","2026-08-15",-7,"2026-06-27","Overall","quantile","0.25",164
"Opt Baseline","2026-08-15",-7,"2026-06-27","Overall","quantile","0.3",183
"Opt Baseline","2026-08-15",-7,"2026-06-27","Overall","quantile","0.35",204
"Opt Baseline","2026-08-15",-7,"2026-06-27","Overall","quantile","0.4",214
"Opt Baseline","2026-08-15",-7,"2026-06-27","Overall","quantile","0.45",221
"Opt Baseline","2026-08-15",-7,"2026-06-27","Overall","quantile","0.5",228
"Opt Baseline","2026-08-15",-7,"2026-06-27","Overall","quantile","0.55",235
"Opt Baseline","2026-08-15",-7,"2026-06-27","Overall","quantile","0.6",243
"Opt Baseline","2026-08-15",-7,"2026-06-27","Overall","quantile","0.65",255
"Opt Baseline","2026-08-15",-7,"2026-06-27","Overall","quantile","0.7",278
"Opt Baseline","2026-08-15",-7,"2026-06-27","Overall","quantile","0.75",302
"Opt Baseline","2026-08-15",-7,"2026-06-27","Overall","quantile","0.8",319
"Opt Baseline","2026-08-15",-7,"2026-06-27","Overall","quantile","0.85",337
"Opt Baseline","2026-08-15",-7,"2026-06-27","Overall","quantile","0.9",367
"Opt Baseline","2026-08-15",-7,"2026-06-27","Overall","quantile","0.95",507
"Opt Baseline","2026-08-15",-7,"2026-06-27","Overall","quantile","0.975",604
"Opt Baseline","2026-08-15",-7,"2026-06-27","Overall","quantile","0.99",694
"Opt Baseline","2026-08-15",-6,"2026-07-04","Overall","quantile","0.01",5
"Opt Baseline","2026-08-15",-6,"2026-07-04","Overall","quantile","0.025",19
"Opt Baseline","2026-08-15",-6,"2026-07-04","Overall","quantile","0.05",38
"Opt Baseline","2026-08-15",-6,"2026-07-04","Overall","quantile","0.1",84
"Opt Baseline","2026-08-15",-6,"2026-07-04","Overall","quantile","0.15",114
"Opt Baseline","2026-08-15",-6,"2026-07-04","Overall","quantile","0.2",136
"Opt Baseline","2026-08-15",-6,"2026-07-04","Overall","quantile","0.25",160
"Opt Baseline","2026-08-15",-6,"2026-07-04","Overall","quantile","0.3",175
"Opt Baseline","2026-08-15",-6,"2026-07-04","Overall","quantile","0.35",186
"Opt Baseline","2026-08-15",-6,"2026-07-04","Overall","quantile","0.4",197
"Opt Baseline","2026-08-15",-6,"2026-07-04","Overall","quantile","0.45",210
"Opt Baseline","2026-08-15",-6,"2026-07-04","Overall","quantile","0.5",228
"Opt Baseline","2026-08-15",-6,"2026-07-04","Overall","quantile","0.55",248
"Opt Baseline","2026-08-15",-6,"2026-07-04","Overall","quantile","0.6",264
"Opt Baseline","2026-08-15",-6,"2026-07-04","Overall","quantile","0.65",277
"Opt Baseline","2026-08-15",-6,"2026-07-04","Overall","quantile","0.7",291
"Opt Baseline","2026-08-15",-6,"2026-07-04","Overall","quantile","0.75",311
"Opt Baseline","2026-08-15",-6,"2026-07-04","Overall","quantile","0.8",346
"Opt Baseline","2026-08-15",-6,"2026-07-04","Overall","quantile","0.85",385
"Opt Baseline","2026-08-15",-6,"2026-07-04","Overall","quantile","0.9",439
"Opt Baseline","2026-08-15",-6,"2026-07-04","Overall","quantile","0.95",568
"Opt Baseline","2026-08-15",-6,"2026-07-04","Overall","quantile","0.975",667
"Opt Baseline","2026-08-15",-6,"2026-07-04","Overall","quantile","0.99",776
"Opt Baseline","2026-08-15",-5,"2026-07-11","Overall","quantile","0.01",0
"Opt Baseline","2026-08-15",-5,"2026-07-11","Overall","quantile","0.025",8
"Opt Baseline","2026-08-15",-5,"2026-07-11","Overall","quantile","0.05",26
"Opt Baseline","2026-08-15",-5,"2026-07-11","Overall","quantile","0.1",64
"Opt Baseline","2026-08-15",-5,"2026-07-11","Overall","quantile","0.15",94
"Opt Baseline","2026-08-15",-5,"2026-07-11","Overall","quantile","0.2",121
"Opt Baseline","2026-08-15",-5,"2026-07-11","Overall","quantile","0.25",141
"Opt Baseline","2026-08-15",-5,"2026-07-11","Overall","quantile","0.3",158
"Opt Baseline","2026-08-15",-5,"2026-07-11","Overall","quantile","0.35",178
"Opt Baseline","2026-08-15",-5,"2026-07-11","Overall","quantile","0.4",197
"Opt Baseline","2026-08-15",-5,"2026-07-11","Overall","quantile","0.45",213
"Opt Baseline","2026-08-15",-5,"2026-07-11","Overall","quantile","0.5",228
"Opt Baseline","2026-08-15",-5,"2026-07-11","Overall","quantile","0.55",242
"Opt Baseline","2026-08-15",-5,"2026-07-11","Overall","quantile","0.6",263
"Opt Baseline","2026-08-15",-5,"2026-07-11","Overall","quantile","0.65",286
"Opt Baseline","2026-08-15",-5,"2026-07-11","Overall","quantile","0.7",312
"Opt Baseline","2026-08-15",-5,"2026-07-11","Overall","quantile","0.75",336
"Opt Baseline","2026-08-15",-5,"2026-07-11","Overall","quantile","0.8",368
"Opt Baseline","2026-08-15",-5,"2026-07-11","Overall","quantile","0.85",415
"Opt Baseline","2026-08-15",-5,"2026-07-11","Overall","quantile","0.9",496
"Opt Baseline","2026-08-15",-5,"2026-07-11","Overall","quantile","0.95",627
"Opt Baseline","2026-08-15",-5,"2026-07-11","Overall","quantile","0.975",727
"Opt Baseline","2026-08-15",-5,"2026-07-11","Overall","quantile","0.99",880
"Opt Baseline","2026-08-15",-4,"2026-07-18","Overall","quantile","0.01",0
"Opt Baseline","2026-08-15",-4,"2026-07-18","Overall","quantile","0.025",2
"Opt Baseline","2026-08-15",-4,"2026-07-18","Overall","quantile","0.05",17
"Opt Baseline","2026-08-15",-4,"2026-07-18","Overall","quantile","0.1",48
"Opt Baseline","2026-08-15",-4,"2026-07-18","Overall","quantile","0.15",79
"Opt Baseline","2026-08-15",-4,"2026-07-18","Overall","quantile","0.2",105
"Opt Baseline","2026-08-15",-4,"2026-07-18","Overall","quantile","0.25",126
"Opt Baseline","2026-08-15",-4,"2026-07-18","Overall","quantile","0.3",149
"Opt Baseline","2026-08-15",-4,"2026-07-18","Overall","quantile","0.35",168
"Opt Baseline","2026-08-15",-4,"2026-07-18","Overall","quantile","0.4",187
"Opt Baseline","2026-08-15",-4,"2026-07-18","Overall","quantile","0.45",206
"Opt Baseline","2026-08-15",-4,"2026-07-18","Overall","quantile","0.5",228
"Opt Baseline","2026-08-15",-4,"2026-07-18","Overall","quantile","0.55",252
"Opt Baseline","2026-08-15",-4,"2026-07-18","Overall","quantile","0.6",273
"Opt Baseline","2026-08-15",-4,"2026-07-18","Overall","quantile","0.65",297
"Opt Baseline","2026-08-15",-4,"2026-07-18","Overall","quantile","0.7",326
"Opt Baseline","2026-08-15",-4,"2026-07-18","Overall","quantile","0.75",360
"Opt Baseline","2026-08-15",-4,"2026-07-18","Overall","quantile","0.8",399
"Opt Baseline","2026-08-15",-4,"2026-07-18","Overall","quantile","0.85",453
"Opt Baseline","2026-08-15",-4,"2026-07-18","Overall","quantile","0.9",535
"Opt Baseline","2026-08-15",-4,"2026-07-18","Overall","quantile","0.95",674
"Opt Baseline","2026-08-15",-4,"2026-07-18","Overall","quantile","0.975",795
"Opt Baseline","2026-08-15",-4,"2026-07-18","Overall","quantile","0.99",967
"Opt Baseline","2026-08-15",-3,"2026-07-25","Overall","quantile","0.01",0
"Opt Baseline","2026-08-15",-3,"2026-07-25","Overall","quantile","0.025",0
"Opt Baseline","2026-08-15",-3,"2026-07-25","Overall","quantile","0.05",10
"Opt Baseline","2026-08-15",-3,"2026-07-25","Overall","quantile","0.1",37
"Opt Baseline","2026-08-15",-3,"2026-07-25","Overall","quantile","0.15",68
"Opt Baseline","2026-08-15",-3,"2026-07-25","Overall","quantile","0.2",91
"Opt Baseline","2026-08-15",-3,"2026-07-25","Overall","quantile","0.25",116
"Opt Baseline","2026-08-15",-3,"2026-07-25","Overall","quantile","0.3",138
"Opt Baseline","2026-08-15",-3,"2026-07-25","Overall","quantile","0.35",161
"Opt Baseline","2026-08-15",-3,"2026-07-25","Overall","quantile","0.4",184
"Opt Baseline","2026-08-15",-3,"2026-07-25","Overall","quantile","0.45",206
"Opt Baseline","2026-08-15",-3,"2026-07-25","Overall","quantile","0.5",228
"Opt Baseline","2026-08-15",-3,"2026-07-25","Overall","quantile","0.55",254
"Opt Baseline","2026-08-15",-3,"2026-07-25","Overall","quantile","0.6",281
"Opt Baseline","2026-08-15",-3,"2026-07-25","Overall","quantile","0.65",310
"Opt Baseline","2026-08-15",-3,"2026-07-25","Overall","quantile","0.7",341
"Opt Baseline","2026-08-15",-3,"2026-07-25","Overall","quantile","0.75",379
"Opt Baseline","2026-08-15",-3,"2026-07-25","Overall","quantile","0.8",427
"Opt Baseline","2026-08-15",-3,"2026-07-25","Overall","quantile","0.85",489
"Opt Baseline","2026-08-15",-3,"2026-07-25","Overall","quantile","0.9",572
"Opt Baseline","2026-08-15",-3,"2026-07-25","Overall","quantile","0.95",724
"Opt Baseline","2026-08-15",-3,"2026-07-25","Overall","quantile","0.975",865
"Opt Baseline","2026-08-15",-3,"2026-07-25","Overall","quantile","0.99",1083
"Opt Baseline","2026-08-15",-2,"2026-08-01","Overall","quantile","0.01",0
"Opt Baseline","2026-08-15",-2,"2026-08-01","Overall","quantile","0.025",0
"Opt Baseline","2026-08-15",-2,"2026-08-01","Overall","quantile","0.05",5
"Opt Baseline","2026-08-15",-2,"2026-08-01","Overall","quantile","0.1",27
"Opt Baseline","2026-08-15",-2,"2026-08-01","Overall","quantile","0.15",55
"Opt Baseline","2026-08-15",-2,"2026-08-01","Overall","quantile","0.2",82
"Opt Baseline","2026-08-15",-2,"2026-08-01","Overall","quantile","0.25",107
"Opt Baseline","2026-08-15",-2,"2026-08-01","Overall","quantile","0.3",130
"Opt Baseline","2026-08-15",-2,"2026-08-01","Overall","quantile","0.35",154
"Opt Baseline","2026-08-15",-2,"2026-08-01","Overall","quantile","0.4",177
"Opt Baseline","2026-08-15",-2,"2026-08-01","Overall","quantile","0.45",202
"Opt Baseline","2026-08-15",-2,"2026-08-01","Overall","quantile","0.5",228
"Opt Baseline","2026-08-15",-2,"2026-08-01","Overall","quantile","0.55",255
"Opt Baseline","2026-08-15",-2,"2026-08-01","Overall","quantile","0.6",283
"Opt Baseline","2026-08-15",-2,"2026-08-01","Overall","quantile","0.65",316
"Opt Baseline","2026-08-15",-2,"2026-08-01","Overall","quantile","0.7",352
"Opt Baseline","2026-08-15",-2,"2026-08-01","Overall","quantile","0.75",395
"Opt Baseline","2026-08-15",-2,"2026-08-01","Overall","quantile","0.8",445
"Opt Baseline","2026-08-15",-2,"2026-08-01","Overall","quantile","0.85",512
"Opt Baseline","2026-08-15",-2,"2026-08-01","Overall","quantile","0.9",608
"Opt Baseline","2026-08-15",-2,"2026-08-01","Overall","quantile","0.95",759
"Opt Baseline","2026-08-15",-2,"2026-08-01","Overall","quantile","0.975",923
"Opt Baseline","2026-08-15",-2,"2026-08-01","Overall","quantile","0.99",1171
"Opt Baseline","2026-08-15",-1,"2026-08-08","Overall","quantile","0.01",0
"Opt Baseline","2026-08-15",-1,"2026-08-08","Overall","quantile","0.025",0
"Opt Baseline","2026-08-15",-1,"2026-08-08","Overall","quantile","0.05",2
"Opt Baseline","2026-08-15",-1,"2026-08-08","Overall","quantile","0.1",22
"Opt Baseline","2026-08-15",-1,"2026-08-08","Overall","quantile","0.15",48
"Opt Baseline","2026-08-15",-1,"2026-08-08","Overall","quantile","0.2",74
"Opt Baseline","2026-08-15",-1,"2026-08-08","Overall","quantile","0.25",99
"Opt Baseline","2026-08-15",-1,"2026-08-08","Overall","quantile","0.3",124
"Opt Baseline","2026-08-15",-1,"2026-08-08","Overall","quantile","0.35",149
"Opt Baseline","2026-08-15",-1,"2026-08-08","Overall","quantile","0.4",173
"Opt Baseline","2026-08-15",-1,"2026-08-08","Overall","quantile","0.45",202
"Opt Baseline","2026-08-15",-1,"2026-08-08","Overall","quantile","0.5",228
"Opt Baseline","2026-08-15",-1,"2026-08-08","Overall","quantile","0.55",258
"Opt Baseline","2026-08-15",-1,"2026-08-08","Overall","quantile","0.6",289
"Opt Baseline","2026-08-15",-1,"2026-08-08","Overall","quantile","0.65",328
"Opt Baseline","2026-08-15",-1,"2026-08-08","Overall","quantile","0.7",366
"Opt Baseline","2026-08-15",-1,"2026-08-08","Overall","quantile","0.75",412
"Opt Baseline","2026-08-15",-1,"2026-08-08","Overall","quantile","0.8",469
"Opt Baseline","2026-08-15",-1,"2026-08-08","Overall","quantile","0.85",541
"Opt Baseline","2026-08-15",-1,"2026-08-08","Overall","quantile","0.9",645
"Opt Baseline","2026-08-15",-1,"2026-08-08","Overall","quantile","0.95",811
"Opt Baseline","2026-08-15",-1,"2026-08-08","Overall","quantile","0.975",992
"Opt Baseline","2026-08-15",-1,"2026-08-08","Overall","quantile","0.99",1278
"Opt Baseline","2026-08-15",0,"2026-08-15","Overall","quantile","0.01",0
"Opt Baseline","2026-08-15",0,"2026-08-15","Overall","quantile","0.025",0
"Opt Baseline","2026-08-15",0,"2026-08-15","Overall","quantile","0.05",0
"Opt Baseline","2026-08-15",0,"2026-08-15","Overall","quantile","0.1",17
"Opt Baseline","2026-08-15",0,"2026-08-15","Overall","quantile","0.15",43
"Opt Baseline","2026-08-15",0,"2026-08-15","Overall","quantile","0.2",69
"Opt Baseline","2026-08-15",0,"2026-08-15","Overall","quantile","0.25",94
"Opt Baseline","2026-08-15",0,"2026-08-15","Overall","quantile","0.3",120
"Opt Baseline","2026-08-15",0,"2026-08-15","Overall","quantile","0.35",147
"Opt Baseline","2026-08-15",0,"2026-08-15","Overall","quantile","0.4",173
"Opt Baseline","2026-08-15",0,"2026-08-15","Overall","quantile","0.45",199
"Opt Baseline","2026-08-15",0,"2026-08-15","Overall","quantile","0.5",228
"Opt Baseline","2026-08-15",0,"2026-08-15","Overall","quantile","0.55",262
"Opt Baseline","2026-08-15",0,"2026-08-15","Overall","quantile","0.6",297
"Opt Baseline","2026-08-15",0,"2026-08-15","Overall","quantile","0.65",335
"Opt Baseline","2026-08-15",0,"2026-08-15","Overall","quantile","0.7",375
"Opt Baseline","2026-08-15",0,"2026-08-15","Overall","quantile","0.75",427
"Opt Baseline","2026-08-15",0,"2026-08-15","Overall","quantile","0.8",486
"Opt Baseline","2026-08-15",0,"2026-08-15","Overall","quantile","0.85",572
"Opt Baseline","2026-08-15",0,"2026-08-15","Overall","quantile","0.9",686
"Opt Baseline","2026-08-15",0,"2026-08-15","Overall","quantile","0.95",865
"Opt Baseline","2026-08-15",0,"2026-08-15","Overall","quantile","0.975",1059
"Opt Baseline","2026-08-15",0,"2026-08-15","Overall","quantile","0.99",1395
"Opt Baseline","2026-08-15",1,"2026-08-22","Overall","quantile","0.01",0
"Opt Baseline","2026-08-15",1,"2026-08-22","Overall","quantile","0.025",0
"Opt Baseline","2026-08-15",1,"2026-08-22","Overall","quantile","0.05",0
"Opt Baseline","2026-08-15",1,"2026-08-22","Overall","quantile","0.1",12
"Opt Baseline","2026-08-15",1,"2026-08-22","Overall","quantile","0.15",36
"Opt Baseline","2026-08-15",1,"2026-08-22","Overall","quantile","0.2",62
"Opt Baseline","2026-08-15",1,"2026-08-22","Overall","quantile","0.25",87
"Opt Baseline","2026-08-15",1,"2026-08-22","Overall","quantile","0.3",114
"Opt Baseline","2026-08-15",1,"2026-08-22","Overall","quantile","0.35",141
"Opt Baseline","2026-08-15",1,"2026-08-22","Overall","quantile","0.4",166
"Opt Baseline","2026-08-15",1,"2026-08-22","Overall","quantile","0.45",196
"Opt Baseline","2026-08-15",1,"2026-08-22","Overall","quantile","0.5",228
"Opt Baseline","2026-08-15",1,"2026-08-22","Overall","quantile","0.55",261
"Opt Baseline","2026-08-15",1,"2026-08-22","Overall","quantile","0.6",299
"Opt Baseline","2026-08-15",1,"2026-08-22","Overall","quantile","0.65",341
"Opt Baseline","2026-08-15",1,"2026-08-22","Overall","quantile","0.7",387
"Opt Baseline","2026-08-15",1,"2026-08-22","Overall","quantile","0.75",445
"Opt Baseline","2026-08-15",1,"2026-08-22","Overall","quantile","0.8",509
"Opt Baseline","2026-08-15",1,"2026-08-22","Overall","quantile","0.85",594
"Opt Baseline","2026-08-15",1,"2026-08-22","Overall","quantile","0.9",715
"Opt Baseline","2026-08-15",1,"2026-08-22","Overall","quantile","0.95",911
"Opt Baseline","2026-08-15",1,"2026-08-22","Overall","quantile","0.975",1116
"Opt Baseline","2026-08-15",1,"2026-08-22","Overall","quantile","0.99",1451
"Opt Baseline","2026-08-15",2,"2026-08-29","Overall","quantile","0.01",0
"Opt Baseline","2026-08-15",2,"2026-08-29","Overall","quantile","0.025",0
"Opt Baseline","2026-08-15",2,"2026-08-29","Overall","quantile","0.05",0
"Opt Baseline","2026-08-15",2,"2026-08-29","Overall","quantile","0.1",9
"Opt Baseline","2026-08-15",2,"2026-08-29","Overall","quantile","0.15",30
"Opt Baseline","2026-08-15",2,"2026-08-29","Overall","quantile","0.2",54
"Opt Baseline","2026-08-15",2,"2026-08-29","Overall","quantile","0.25",83
"Opt Baseline","2026-08-15",2,"2026-08-29","Overall","quantile","0.3",108
"Opt Baseline","2026-08-15",2,"2026-08-29","Overall","quantile","0.35",136
"Opt Baseline","2026-08-15",2,"2026-08-29","Overall","quantile","0.4",165
"Opt Baseline","2026-08-15",2,"2026-08-29","Overall","quantile","0.45",196
"Opt Baseline","2026-08-15",2,"2026-08-29","Overall","quantile","0.5",228
"Opt Baseline","2026-08-15",2,"2026-08-29","Overall","quantile","0.55",265
"Opt Baseline","2026-08-15",2,"2026-08-29","Overall","quantile","0.6",304
"Opt Baseline","2026-08-15",2,"2026-08-29","Overall","quantile","0.65",349
"Opt Baseline","2026-08-15",2,"2026-08-29","Overall","quantile","0.7",400
"Opt Baseline","2026-08-15",2,"2026-08-29","Overall","quantile","0.75",460
"Opt Baseline","2026-08-15",2,"2026-08-29","Overall","quantile","0.8",532
"Opt Baseline","2026-08-15",2,"2026-08-29","Overall","quantile","0.85",623
"Opt Baseline","2026-08-15",2,"2026-08-29","Overall","quantile","0.9",749
"Opt Baseline","2026-08-15",2,"2026-08-29","Overall","quantile","0.95",960
"Opt Baseline","2026-08-15",2,"2026-08-29","Overall","quantile","0.975",1198
"Opt Baseline","2026-08-15",2,"2026-08-29","Overall","quantile","0.99",1541
"Opt Baseline","2026-08-15",3,"2026-09-05","Overall","quantile","0.01",0
"Opt Baseline","2026-08-15",3,"2026-09-05","Overall","quantile","0.025",0
"Opt Baseline","2026-08-15",3,"2026-09-05","Overall","quantile","0.05",0
"Opt Baseline","2026-08-15",3,"2026-09-05","Overall","quantile","0.1",6
"Opt Baseline","2026-08-15",3,"2026-09-05","Overall","quantile","0.15",25
"Opt Baseline","2026-08-15",3,"2026-09-05","Overall","quantile","0.2",49
"Opt Baseline","2026-08-15",3,"2026-09-05","Overall","quantile","0.25",74
"Opt Baseline","2026-08-15",3,"2026-09-05","Overall","quantile","0.3",102
"Opt Baseline","2026-08-15",3,"2026-09-05","Overall","quantile","0.35",130
"Opt Baseline","2026-08-15",3,"2026-09-05","Overall","quantile","0.4",159
"Opt Baseline","2026-08-15",3,"2026-09-05","Overall","quantile","0.45",194
"Opt Baseline","2026-08-15",3,"2026-09-05","Overall","quantile","0.5",228
"Opt Baseline","2026-08-15",3,"2026-09-05","Overall","quantile","0.55",266
"Opt Baseline","2026-08-15",3,"2026-09-05","Overall","quantile","0.6",307
"Opt Baseline","2026-08-15",3,"2026-09-05","Overall","quantile","0.65",355
"Opt Baseline","2026-08-15",3,"2026-09-05","Overall","quantile","0.7",408
"Opt Baseline","2026-08-15",3,"2026-09-05","Overall","quantile","0.75",468
"Opt Baseline","2026-08-15",3,"2026-09-05","Overall","quantile","0.8",546
"Opt Baseline","2026-08-15",3,"2026-09-05","Overall","quantile","0.85",641
"Opt Baseline","2026-08-15",3,"2026-09-05","Overall","quantile","0.9",768
"Opt Baseline","2026-08-15",3,"2026-09-05","Overall","quantile","0.95",998
"Opt Baseline","2026-08-15",3,"2026-09-05","Overall","quantile","0.975",1248
"Opt Baseline","2026-08-15",3,"2026-09-05","Overall","quantile","0.99",1616
"Opt Baseline","2026-08-15",-8,"2026-06-20","Pediatrics","quantile","0.01",16
"Opt Baseline","2026-08-15",-8,"2026-06-20","Pediatrics","quantile","0.025",30
"Opt Baseline","2026-08-15",-8,"2026-06-20","Pediatrics","quantile","0.05",61
"Opt Baseline","2026-08-15",-8,"2026-06-20","Pediatrics","quantile","0.1",90
"Opt Baseline","2026-08-15",-8,"2026-06-20","Pediatrics","quantile","0.15",96
"Opt Baseline","2026-08-15",-8,"2026-06-20","Pediatrics","quantile","0.2",106
"Opt Baseline","2026-08-15",-8,"2026-06-20","Pediatrics","quantile","0.25",108
"Opt Baseline","2026-08-15",-8,"2026-06-20","Pediatrics","quantile","0.3",110
"Opt Baseline","2026-08-15",-8,"2026-06-20","Pediatrics","quantile","0.35",112
"Opt Baseline","2026-08-15",-8,"2026-06-20","Pediatrics","quantile","0.4",115
"Opt Baseline","2026-08-15",-8,"2026-06-20","Pediatrics","quantile","0.45",115
"Opt Baseline","2026-08-15",-8,"2026-06-20","Pediatrics","quantile","0.5",126
"Opt Baseline","2026-08-15",-8,"2026-06-20","Pediatrics","quantile","0.55",137
"Opt Baseline","2026-08-15",-8,"2026-06-20","Pediatrics","quantile","0.6",138
"Opt Baseline","2026-08-15",-8,"2026-06-20","Pediatrics","quantile","0.65",140
"Opt Baseline","2026-08-15",-8,"2026-06-20","Pediatrics","quantile","0.7",143
"Opt Baseline","2026-08-15",-8,"2026-06-20","Pediatrics","quantile","0.75",146
"Opt Baseline","2026-08-15",-8,"2026-06-20","Pediatrics","quantile","0.8",148
"Opt Baseline","2026-08-15",-8,"2026-06-20","Pediatrics","quantile","0.85",159
"Opt Baseline","2026-08-15",-8,"2026-06-20","Pediatrics","quantile","0.9",167
"Opt Baseline","2026-08-15",-8,"2026-06-20","Pediatrics","quantile","0.95",215
"Opt Baseline","2026-08-15",-8,"2026-06-20","Pediatrics","quantile","0.975",288
"Opt Baseline","2026-08-15",-8,"2026-06-20","Pediatrics","quantile","0.99",338
"Opt Baseline","2026-08-15",-7,"2026-06-27","Pediatrics","quantile","0.01",8
"Opt Baseline","2026-08-15",-7,"2026-06-27","Pediatrics","quantile","0.025",18
"Opt Baseline","2026-08-15",-7,"2026-06-27","Pediatrics","quantile","0.05",31
"Opt Baseline","2026-08-15",-7,"2026-06-27","Pediatrics","quantile","0.1",64
"Opt Baseline","2026-08-15",-7,"2026-06-27","Pediatrics","quantile","0.15",80
"Opt Baseline","2026-08-15",-7,"2026-06-27","Pediatrics","quantile","0.2",89
"Opt Baseline","2026-08-15",-7,"2026-06-27","Pediatrics","quantile","0.25",96
"Opt Baseline","2026-08-15",-7,"2026-06-27","Pediatrics","quantile","0.3",102
"Opt Baseline","2026-08-15",-7,"2026-06-27","Pediatrics","quantile","0.35",108
"Opt Baseline","2026-08-15",-7,"2026-06-27","Pediatrics","quantile","0.4",117
"Opt Baseline","2026-08-15",-7,"2026-06-27","Pediatrics","quantile","0.45",122
"Opt Baseline","2026-08-15",-7,"2026-06-27","Pediatrics","quantile","0.5",126
"Opt Baseline","2026-08-15",-7,"2026-06-27","Pediatrics","quantile","0.55",130
"Opt Baseline","2026-08-15",-7,"2026-06-27","Pediatrics","quantile","0.6",135
"Opt Baseline","2026-08-15",-7,"2026-06-27","Pediatrics","quantile","0.65",144
"Opt Baseline","2026-08-15",-7,"2026-06-27","Pediatrics","quantile","0.7",152
"Opt Baseline","2026-08-15",-7,"2026-06-27","Pediatrics","quantile","0.75",159
"Opt Baseline","2026-08-15",-7,"2026-06-27","Pediatrics","quantile","0.8",169
"Opt Baseline","2026-08-15",-7,"2026-06-27","Pediatrics","quantile","0.85",184
"Opt Baseline","2026-08-15",-7,"2026-06-27","Pediatrics","quantile","0.9",210
"Opt Baseline","2026-08-15",-7,"2026-06-27","Pediatrics","quantile","0.95",286
"Opt Baseline","2026-08-15",-7,"2026-06-27","Pediatrics","quantile","0.975",336
"Opt Baseline","2026-08-15",-7,"2026-06-27","Pediatrics","quantile","0.99",382
"Opt Baseline","2026-08-15",-6,"2026-07-04","Pediatrics","quantile","0.01",3
"Opt Baseline","2026-08-15",-6,"2026-07-04","Pediatrics","quantile","0.025",12
"Opt Baseline","2026-08-15",-6,"2026-07-04","Pediatrics","quantile","0.05",22
"Opt Baseline","2026-08-15",-6,"2026-07-04","Pediatrics","quantile","0.1",44
"Opt Baseline","2026-08-15",-6,"2026-07-04","Pediatrics","quantile","0.15",65
"Opt Baseline","2026-08-15",-6,"2026-07-04","Pediatrics","quantile","0.2",78
"Opt Baseline","2026-08-15",-6,"2026-07-04","Pediatrics","quantile","0.25",88
"Opt Baseline","2026-08-15",-6,"2026-07-04","Pediatrics","quantile","0.3",96
"Opt Baseline","2026-08-15",-6,"2026-07-04","Pediatrics","quantile","0.35",105
"Opt Baseline","2026-08-15",-6,"2026-07-04","Pediatrics","quantile","0.4",112
"Opt Baseline","2026-08-15",-6,"2026-07-04","Pediatrics","quantile","0.45",118
"Opt Baseline","2026-08-15",-6,"2026-07-04","Pediatrics","quantile","0.5",126
"Opt Baseline","2026-08-15",-6,"2026-07-04","Pediatrics","quantile","0.55",135
"Opt Baseline","2026-08-15",-6,"2026-07-04","Pediatrics","quantile","0.6",142
"Opt Baseline","2026-08-15",-6,"2026-07-04","Pediatrics","quantile","0.65",151
"Opt Baseline","2026-08-15",-6,"2026-07-04","Pediatrics","quantile","0.7",161
"Opt Baseline","2026-08-15",-6,"2026-07-04","Pediatrics","quantile","0.75",172
"Opt Baseline","2026-08-15",-6,"2026-07-04","Pediatrics","quantile","0.8",186
"Opt Baseline","2026-08-15",-6,"2026-07-04","Pediatrics","quantile","0.85",208
"Opt Baseline","2026-08-15",-6,"2026-07-04","Pediatrics","quantile","0.9",249
"Opt Baseline","2026-08-15",-6,"2026-07-04","Pediatrics","quantile","0.95",320
"Opt Baseline","2026-08-15",-6,"2026-07-04","Pediatrics","quantile","0.975",368
"Opt Baseline","2026-08-15",-6,"2026-07-04","Pediatrics","quantile","0.99",426
"Opt Baseline","2026-08-15",-5,"2026-07-11","Pediatrics","quantile","0.01",0
"Opt Baseline","2026-08-15",-5,"2026-07-11","Pediatrics","quantile","0.025",5
"Opt Baseline","2026-08-15",-5,"2026-07-11","Pediatrics","quantile","0.05",16
"Opt Baseline","2026-08-15",-5,"2026-07-11","Pediatrics","quantile","0.1",34
"Opt Baseline","2026-08-15",-5,"2026-07-11","Pediatrics","quantile","0.15",52
"Opt Baseline","2026-08-15",-5,"2026-07-11","Pediatrics","quantile","0.2",68
"Opt Baseline","2026-08-15",-5,"2026-07-11","Pediatrics","quantile","0.25",79
"Opt Baseline","2026-08-15",-5,"2026-07-11","Pediatrics","quantile","0.3",90
"Opt Baseline","2026-08-15",-5,"2026-07-11","Pediatrics","quantile","0.35",99
"Opt Baseline","2026-08-15",-5,"2026-07-11","Pediatrics","quantile","0.4",107
"Opt Baseline","2026-08-15",-5,"2026-07-11","Pediatrics","quantile","0.45",117
"Opt Baseline","2026-08-15",-5,"2026-07-11","Pediatrics","quantile","0.5",126
"Opt Baseline","2026-08-15",-5,"2026-07-11","Pediatrics","quantile","0.55",135
"Opt Baseline","2026-08-15",-5,"2026-07-11","Pediatrics","quantile","0.6",145
"Opt Baseline","2026-08-15",-5,"2026-07-11","Pediatrics","quantile","0.65",156
"Opt Baseline","2026-08-15",-5,"2026-07-11","Pediatrics","quantile","0.7",168
"Opt Baseline","2026-08-15",-5,"2026-07-11","Pediatrics","quantile","0.75",184
"Opt Baseline","2026-08-15",-5,"2026-07-11","Pediatrics","quantile","0.8",205
"Opt Baseline","2026-08-15",-5,"2026-07-11","Pediatrics","quantile","0.85",233
"Opt Baseline","2026-08-15",-5,"2026-07-11","Pediatrics","quantile","0.9",279
"Opt Baseline","2026-08-15",-5,"2026-07-11","Pediatrics","quantile","0.95",344
"Opt Baseline","2026-08-15",-5,"2026-07-11","Pediatrics","quantile","0.975",397
"Opt Baseline","2026-08-15",-5,"2026-07-11","Pediatrics","quantile","0.99",471
"Opt Baseline","2026-08-15",-4,"2026-07-18","Pediatrics","quantile","0.01",0
"Opt Baseline","2026-08-15",-4,"2026-07-18","Pediatrics","quantile","0.025",2
"Opt Baseline","2026-08-15",-4,"2026-07-18","Pediatrics","quantile","0.05",10
"Opt Baseline","2026-08-15",-4,"2026-07-18","Pediatrics","quantile","0.1",26
"Opt Baseline","2026-08-15",-4,"2026-07-18","Pediatrics","quantile","0.15",43
"Opt Baseline","2026-08-15",-4,"2026-07-18","Pediatrics","quantile","0.2",59
"Opt Baseline","2026-08-15",-4,"2026-07-18","Pediatrics","quantile","0.25",72
"Opt Baseline","2026-08-15",-4,"2026-07-18","Pediatrics","quantile","0.3",84
"Opt Baseline","2026-08-15",-4,"2026-07-18","Pediatrics","quantile","0.35",95
"Opt Baseline","2026-08-15",-4,"2026-07-18","Pediatrics","quantile","0.4",105
"Opt Baseline","2026-08-15",-4,"2026-07-18","Pediatrics","quantile","0.45",116
"Opt Baseline","2026-08-15",-4,"2026-07-18","Pediatrics","quantile","0.5",126
"Opt Baseline","2026-08-15",-4,"2026-07-18","Pediatrics","quantile","0.55",138
"Opt Baseline","2026-08-15",-4,"2026-07-18","Pediatrics","quantile","0.6",150
"Opt Baseline","2026-08-15",-4,"2026-07-18","Pediatrics","quantile","0.65",163
"Opt Baseline","2026-08-15",-4,"2026-07-18","Pediatrics","quantile","0.7",177
"Opt Baseline","2026-08-15",-4,"2026-07-18","Pediatrics","quantile","0.75",195
"Opt Baseline","2026-08-15",-4,"2026-07-18","Pediatrics","quantile","0.8",221
"Opt Baseline","2026-08-15",-4,"2026-07-18","Pediatrics","quantile","0.85",254
"Opt Baseline","2026-08-15",-4,"2026-07-18","Pediatrics","quantile","0.9",299
"Opt Baseline","2026-08-15",-4,"2026-07-18","Pediatrics","quantile","0.95",370
"Opt Baseline","2026-08-15",-4,"2026-07-18","Pediatrics","quantile","0.975",439
"Opt Baseline","2026-08-15",-4,"2026-07-18","Pediatrics","quantile","0.99",544
"Opt Baseline","2026-08-15",-3,"2026-07-25","Pediatrics","quantile","0.01",0
"Opt Baseline","2026-08-15",-3,"2026-07-25","Pediatrics","quantile","0.025",0
"Opt Baseline","2026-08-15",-3,"2026-07-25","Pediatrics","quantile","0.05",5
"Opt Baseline","2026-08-15",-3,"2026-07-25","Pediatrics","quantile","0.1",22
"Opt Baseline","2026-08-15",-3,"2026-07-25","Pediatrics","quantile","0.15",37
"Opt Baseline","2026-08-15",-3,"2026-07-25","Pediatrics","quantile","0.2",52
"Opt Baseline","2026-08-15",-3,"2026-07-25","Pediatrics","quantile","0.25",65
"Opt Baseline","2026-08-15",-3,"2026-07-25","Pediatrics","quantile","0.3",77
"Opt Baseline","2026-08-15",-3,"2026-07-25","Pediatrics","quantile","0.35",89
"Opt Baseline","2026-08-15",-3,"2026-07-25","Pediatrics","quantile","0.4",100
"Opt Baseline","2026-08-15",-3,"2026-07-25","Pediatrics","quantile","0.45",113
"Opt Baseline","2026-08-15",-3,"2026-07-25","Pediatrics","quantile","0.5",126
"Opt Baseline","2026-08-15",-3,"2026-07-25","Pediatrics","quantile","0.55",139
"Opt Baseline","2026-08-15",-3,"2026-07-25","Pediatrics","quantile","0.6",153
"Opt Baseline","2026-08-15",-3,"2026-07-25","Pediatrics","quantile","0.65",168
"Opt Baseline","2026-08-15",-3,"2026-07-25","Pediatrics","quantile","0.7",186
"Opt Baseline","2026-08-15",-3,"2026-07-25","Pediatrics","quantile","0.75",206
"Opt Baseline","2026-08-15",-3,"2026-07-25","Pediatrics","quantile","0.8",232
"Opt Baseline","2026-08-15",-3,"2026-07-25","Pediatrics","quantile","0.85",266
"Opt Baseline","2026-08-15",-3,"2026-07-25","Pediatrics","quantile","0.9",315
"Opt Baseline","2026-08-15",-3,"2026-07-25","Pediatrics","quantile","0.95",398
"Opt Baseline","2026-08-15",-3,"2026-07-25","Pediatrics","quantile","0.975",479
"Opt Baseline","2026-08-15",-3,"2026-07-25","Pediatrics","quantile","0.99",600
"Opt Baseline","2026-08-15",-2,"2026-08-01","Pediatrics","quantile","0.01",0
"Opt Baseline","2026-08-15",-2,"2026-08-01","Pediatrics","quantile","0.025",0
"Opt Baseline","2026-08-15",-2,"2026-08-01","Pediatrics","quantile","0.05",3
"Opt Baseline","2026-08-15",-2,"2026-08-01","Pediatrics","quantile","0.1",18
"Opt Baseline","2026-08-15",-2,"2026-08-01","Pediatrics","quantile","0.15",32
"Opt Baseline","2026-08-15",-2,"2026-08-01","Pediatrics","quantile","0.2",47
"Opt Baseline","2026-08-15",-2,"2026-08-01","Pediatrics","quantile","0.25",61
"Opt Baseline","2026-08-15",-2,"2026-08-01","Pediatrics","quantile","0.3",74
"Opt Baseline","2026-08-15",-2,"2026-08-01","Pediatrics","quantile","0.35",87
"Opt Baseline","2026-08-15",-2,"2026-08-01","Pediatrics","quantile","0.4",100
"Opt Baseline","2026-08-15",-2,"2026-08-01","Pediatrics","quantile","0.45",113
"Opt Baseline","2026-08-15",-2,"2026-08-01","Pediatrics","quantile","0.5",126
"Opt Baseline","2026-08-15",-2,"2026-08-01","Pediatrics","quantile","0.55",141
"Opt Baseline","2026-08-15",-2,"2026-08-01","Pediatrics","quantile","0.6",158
"Opt Baseline","2026-08-15",-2,"2026-08-01","Pediatrics","quantile","0.65",175
"Opt Baseline","2026-08-15",-2,"2026-08-01","Pediatrics","quantile","0.7",194
"Opt Baseline","2026-08-15",-2,"2026-08-01","Pediatrics","quantile","0.75",217
"Opt Baseline","2026-08-15",-2,"2026-08-01","Pediatrics","quantile","0.8",247
"Opt Baseline","2026-08-15",-2,"2026-08-01","Pediatrics","quantile","0.85",283
"Opt Baseline","2026-08-15",-2,"2026-08-01","Pediatrics","quantile","0.9",338
"Opt Baseline","2026-08-15",-2,"2026-08-01","Pediatrics","quantile","0.95",425
"Opt Baseline","2026-08-15",-2,"2026-08-01","Pediatrics","quantile","0.975",519
"Opt Baseline","2026-08-15",-2,"2026-08-01","Pediatrics","quantile","0.99",636
"Opt Baseline","2026-08-15",-1,"2026-08-08","Pediatrics","quantile","0.01",0
"Opt Baseline","2026-08-15",-1,"2026-08-08","Pediatrics","quantile","0.025",0
"Opt Baseline","2026-08-15",-1,"2026-08-08","Pediatrics","quantile","0.05",1
"Opt Baseline","2026-08-15",-1,"2026-08-08","Pediatrics","quantile","0.1",13
"Opt Baseline","2026-08-15",-1,"2026-08-08","Pediatrics","quantile","0.15",27
"Opt Baseline","2026-08-15",-1,"2026-08-08","Pediatrics","quantile","0.2",41
"Opt Baseline","2026-08-15",-1,"2026-08-08","Pediatrics","quantile","0.25",56
"Opt Baseline","2026-08-15",-1,"2026-08-08","Pediatrics","quantile","0.3",70
"Opt Baseline","2026-08-15",-1,"2026-08-08","Pediatrics","quantile","0.35",84
"Opt Baseline","2026-08-15",-1,"2026-08-08","Pediatrics","quantile","0.4",97
"Opt Baseline","2026-08-15",-1,"2026-08-08","Pediatrics","quantile","0.45",110
"Opt Baseline","2026-08-15",-1,"2026-08-08","Pediatrics","quantile","0.5",126
"Opt Baseline","2026-08-15",-1,"2026-08-08","Pediatrics","quantile","0.55",141
"Opt Baseline","2026-08-15",-1,"2026-08-08","Pediatrics","quantile","0.6",157
"Opt Baseline","2026-08-15",-1,"2026-08-08","Pediatrics","quantile","0.65",177
"Opt Baseline","2026-08-15",-1,"2026-08-08","Pediatrics","quantile","0.7",198
"Opt Baseline","2026-08-15",-1,"2026-08-08","Pediatrics","quantile","0.75",224
"Opt Baseline","2026-08-15",-1,"2026-08-08","Pediatrics","quantile","0.8",256
"Opt Baseline","2026-08-15",-1,"2026-08-08","Pediatrics","quantile","0.85",296
"Opt Baseline","2026-08-15",-1,"2026-08-08","Pediatrics","quantile","0.9",357
"Opt Baseline","2026-08-15",-1,"2026-08-08","Pediatrics","quantile","0.95",447
"Opt Baseline","2026-08-15",-1,"2026-08-08","Pediatrics","quantile","0.975",556
"Opt Baseline","2026-08-15",-1,"2026-08-08","Pediatrics","quantile","0.99",671
"Opt Baseline","2026-08-15",0,"2026-08-15","Pediatrics","quantile","0.01",0
"Opt Baseline","2026-08-15",0,"2026-08-15","Pediatrics","quantile","0.025",0
"Opt Baseline","2026-08-15",0,"2026-08-15","Pediatrics","quantile","0.05",0
"Opt Baseline","2026-08-15",0,"2026-08-15","Pediatrics","quantile","0.1",10
"Opt Baseline","2026-08-15",0,"2026-08-15","Pediatrics","quantile","0.15",23
"Opt Baseline","2026-08-15",0,"2026-08-15","Pediatrics","quantile","0.2",38
"Opt Baseline","2026-08-15",0,"2026-08-15","Pediatrics","quantile","0.25",52
"Opt Baseline","2026-08-15",0,"2026-08-15","Pediatrics","quantile","0.3",65
"Opt Baseline","2026-08-15",0,"2026-08-15","Pediatrics","quantile","0.35",80
"Opt Baseline","2026-08-15",0,"2026-08-15","Pediatrics","quantile","0.4",95
"Opt Baseline","2026-08-15",0,"2026-08-15","Pediatrics","quantile","0.45",111
"Opt Baseline","2026-08-15",0,"2026-08-15","Pediatrics","quantile","0.5",126
"Opt Baseline","2026-08-15",0,"2026-08-15","Pediatrics","quantile","0.55",143
"Opt Baseline","2026-08-15",0,"2026-08-15","Pediatrics","quantile","0.6",163
"Opt Baseline","2026-08-15",0,"2026-08-15","Pediatrics","quantile","0.65",183
"Opt Baseline","2026-08-15",0,"2026-08-15","Pediatrics","quantile","0.7",206
"Opt Baseline","2026-08-15",0,"2026-08-15","Pediatrics","quantile","0.75",234
"Opt Baseline","2026-08-15",0,"2026-08-15","Pediatrics","quantile","0.8",267
"Opt Baseline","2026-08-15",0,"2026-08-15","Pediatrics","quantile","0.85",309
"Opt Baseline","2026-08-15",0,"2026-08-15","Pediatrics","quantile","0.9",374
"Opt Baseline","2026-08-15",0,"2026-08-15","Pediatrics","quantile","0.95",475
"Opt Baseline","2026-08-15",0,"2026-08-15","Pediatrics","quantile","0.975",576
"Opt Baseline","2026-08-15",0,"2026-08-15","Pediatrics","quantile","0.99",704
"Opt Baseline","2026-08-15",1,"2026-08-22","Pediatrics","quantile","0.01",0
"Opt Baseline","2026-08-15",1,"2026-08-22","Pediatrics","quantile","0.025",0
"Opt Baseline","2026-08-15",1,"2026-08-22","Pediatrics","quantile","0.05",0
"Opt Baseline","2026-08-15",1,"2026-08-22","Pediatrics","quantile","0.1",7
"Opt Baseline","2026-08-15",1,"2026-08-22","Pediatrics","quantile","0.15",19
"Opt Baseline","2026-08-15",1,"2026-08-22","Pediatrics","quantile","0.2",33
"Opt Baseline","2026-08-15",1,"2026-08-22","Pediatrics","quantile","0.25",48
"Opt Baseline","2026-08-15",1,"2026-08-22","Pediatrics","quantile","0.3",62
"Opt Baseline","2026-08-15",1,"2026-08-22","Pediatrics","quantile","0.35",77
"Opt Baseline","2026-08-15",1,"2026-08-22","Pediatrics","quantile","0.4",93
"Opt Baseline","2026-08-15",1,"2026-08-22","Pediatrics","quantile","0.45",109
"Opt Baseline","2026-08-15",1,"2026-08-22","Pediatrics","quantile","0.5",126
"Opt Baseline","2026-08-15",1,"2026-08-22","Pediatrics","quantile","0.55",145
"Opt Baseline","2026-08-15",1,"2026-08-22","Pediatrics","quantile","0.6",165
"Opt Baseline","2026-08-15",1,"2026-08-22","Pediatrics","quantile","0.65",186
"Opt Baseline","2026-08-15",1,"2026-08-22","Pediatrics","quantile","0.7",212
"Opt Baseline","2026-08-15",1,"2026-08-22","Pediatrics","quantile","0.75",242
"Opt Baseline","2026-08-15",1,"2026-08-22","Pediatrics","quantile","0.8",277
"Opt Baseline","2026-08-15",1,"2026-08-22","Pediatrics","quantile","0.85",322
"Opt Baseline","2026-08-15",1,"2026-08-22","Pediatrics","quantile","0.9",391
"Opt Baseline","2026-08-15",1,"2026-08-22","Pediatrics","quantile","0.95",499
"Opt Baseline","2026-08-15",1,"2026-08-22","Pediatrics","quantile","0.975",605
"Opt Baseline","2026-08-15",1,"2026-08-22","Pediatrics","quantile","0.99",775
"Opt Baseline","2026-08-15",2,"2026-08-29","Pediatrics","quantile","0.01",0
"Opt Baseline","2026-08-15",2,"2026-08-29","Pediatrics","quantile","0.025",0
"Opt Baseline","2026-08-15",2,"2026-08-29","Pediatrics","quantile","0.05",0
"Opt Baseline","2026-08-15",2,"2026-08-29","Pediatrics","quantile","0.1",4
"Opt Baseline","2026-08-15",2,"2026-08-29","Pediatrics","quantile","0.15",16
"Opt Baseline","2026-08-15",2,"2026-08-29","Pediatrics","quantile","0.2",30
"Opt Baseline","2026-08-15",2,"2026-08-29","Pediatrics","quantile","0.25",45
"Opt Baseline","2026-08-15",2,"2026-08-29","Pediatrics","quantile","0.3",59
"Opt Baseline","2026-08-15",2,"2026-08-29","Pediatrics","quantile","0.35",75
"Opt Baseline","2026-08-15",2,"2026-08-29","Pediatrics","quantile","0.4",91
"Opt Baseline","2026-08-15",2,"2026-08-29","Pediatrics","quantile","0.45",108
"Opt Baseline","2026-08-15",2,"2026-08-29","Pediatrics","quantile","0.5",126
"Opt Baseline","2026-08-15",2,"2026-08-29","Pediatrics","quantile","0.55",146
"Opt Baseline","2026-08-15",2,"2026-08-29","Pediatrics","quantile","0.6",169
"Opt Baseline","2026-08-15",2,"2026-08-29","Pediatrics","quantile","0.65",193
"Opt Baseline","2026-08-15",2,"2026-08-29","Pediatrics","quantile","0.7",219
"Opt Baseline","2026-08-15",2,"2026-08-29","Pediatrics","quantile","0.75",249
"Opt Baseline","2026-08-15",2,"2026-08-29","Pediatrics","quantile","0.8",289
"Opt Baseline","2026-08-15",2,"2026-08-29","Pediatrics","quantile","0.85",334
"Opt Baseline","2026-08-15",2,"2026-08-29","Pediatrics","quantile","0.9",410
"Opt Baseline","2026-08-15",2,"2026-08-29","Pediatrics","quantile","0.95",527
"Opt Baseline","2026-08-15",2,"2026-08-29","Pediatrics","quantile","0.975",652
"Opt Baseline","2026-08-15",2,"2026-08-29","Pediatrics","quantile","0.99",810
"Opt Baseline","2026-08-15",3,"2026-09-05","Pediatrics","quantile","0.01",0
"Opt Baseline","2026-08-15",3,"2026-09-05","Pediatrics","quantile","0.025",0
"Opt Baseline","2026-08-15",3,"2026-09-05","Pediatrics","quantile","0.05",0
"Opt Baseline","2026-08-15",3,"2026-09-05","Pediatrics","quantile","0.1",3
"Opt Baseline","2026-08-15",3,"2026-09-05","Pediatrics","quantile","0.15",13
"Opt Baseline","2026-08-15",3,"2026-09-05","Pediatrics","quantile","0.2",27
"Opt Baseline","2026-08-15",3,"2026-09-05","Pediatrics","quantile","0.25",41
"Opt Baseline","2026-08-15",3,"2026-09-05","Pediatrics","quantile","0.3",57
"Opt Baseline","2026-08-15",3,"2026-09-05","Pediatrics","quantile","0.35",72
"Opt Baseline","2026-08-15",3,"2026-09-05","Pediatrics","quantile","0.4",89
"Opt Baseline","2026-08-15",3,"2026-09-05","Pediatrics","quantile","0.45",107
"Opt Baseline","2026-08-15",3,"2026-09-05","Pediatrics","quantile","0.5",126
"Opt Baseline","2026-08-15",3,"2026-09-05","Pediatrics","quantile","0.55",148
"Opt Baseline","2026-08-15",3,"2026-09-05","Pediatrics","quantile","0.6",170
"Opt Baseline","2026-08-15",3,"2026-09-05","Pediatrics","quantile","0.65",196
"Opt Baseline","2026-08-15",3,"2026-09-05","Pediatrics","quantile","0.7",224
"Opt Baseline","2026-08-15",3,"2026-09-05","Pediatrics","quantile","0.75",257
"Opt Baseline","2026-08-15",3,"2026-09-05","Pediatrics","quantile","0.8",297
"Opt Baseline","2026-08-15",3,"2026-09-05","Pediatrics","quantile","0.85",350
"Opt Baseline","2026-08-15",3,"2026-09-05","Pediatrics","quantile","0.9",423
"Opt Baseline","2026-08-15",3,"2026-09-05","Pediatrics","quantile","0.95",551
"Opt Baseline","2026-08-15",3,"2026-09-05","Pediatrics","quantile","0.975",675
"Opt Baseline","2026-08-15",3,"2026-09-05","Pediatrics","quantile","0.99",854
"INFLAenza","2026-08-15",-8,"2026-06-20","Adults","quantile","0.01",76
"INFLAenza","2026-08-15",-8,"2026-06-20","Adults","quantile","0.025",83
"INFLAenza","2026-08-15",-8,"2026-06-20","Adults","quantile","0.05",90
"INFLAenza","2026-08-15",-8,"2026-06-20","Adults","quantile","0.1",97
"INFLAenza","2026-08-15",-8,"2026-06-20","Adults","quantile","0.15",103
"INFLAenza","2026-08-15",-8,"2026-06-20","Adults","quantile","0.2",107
"INFLAenza","2026-08-15",-8,"2026-06-20","Adults","quantile","0.25",111
"INFLAenza","2026-08-15",-8,"2026-06-20","Adults","quantile","0.3",114
"INFLAenza","2026-08-15",-8,"2026-06-20","Adults","quantile","0.35",118
"INFLAenza","2026-08-15",-8,"2026-06-20","Adults","quantile","0.4",120
"INFLAenza","2026-08-15",-8,"2026-06-20","Adults","quantile","0.45",124
"INFLAenza","2026-08-15",-8,"2026-06-20","Adults","quantile","0.5",127
"INFLAenza","2026-08-15",-8,"2026-06-20","Adults","quantile","0.55",130
"INFLAenza","2026-08-15",-8,"2026-06-20","Adults","quantile","0.6",133
"INFLAenza","2026-08-15",-8,"2026-06-20","Adults","quantile","0.65",137
"INFLAenza","2026-08-15",-8,"2026-06-20","Adults","quantile","0.7",141
"INFLAenza","2026-08-15",-8,"2026-06-20","Adults","quantile","0.75",145
"INFLAenza","2026-08-15",-8,"2026-06-20","Adults","quantile","0.8",150
"INFLAenza","2026-08-15",-8,"2026-06-20","Adults","quantile","0.85",156
"INFLAenza","2026-08-15",-8,"2026-06-20","Adults","quantile","0.9",163
"INFLAenza","2026-08-15",-8,"2026-06-20","Adults","quantile","0.95",175
"INFLAenza","2026-08-15",-8,"2026-06-20","Adults","quantile","0.975",186
"INFLAenza","2026-08-15",-8,"2026-06-20","Adults","quantile","0.99",202
"INFLAenza","2026-08-15",-8,"2026-06-20","Overall","quantile","0.01",189
"INFLAenza","2026-08-15",-8,"2026-06-20","Overall","quantile","0.025",202
"INFLAenza","2026-08-15",-8,"2026-06-20","Overall","quantile","0.05",213
"INFLAenza","2026-08-15",-8,"2026-06-20","Overall","quantile","0.1",227
"INFLAenza","2026-08-15",-8,"2026-06-20","Overall","quantile","0.15",237
"INFLAenza","2026-08-15",-8,"2026-06-20","Overall","quantile","0.2",244
"INFLAenza","2026-08-15",-8,"2026-06-20","Overall","quantile","0.25",251
"INFLAenza","2026-08-15",-8,"2026-06-20","Overall","quantile","0.3",257
"INFLAenza","2026-08-15",-8,"2026-06-20","Overall","quantile","0.35",263
"INFLAenza","2026-08-15",-8,"2026-06-20","Overall","quantile","0.4",268
"INFLAenza","2026-08-15",-8,"2026-06-20","Overall","quantile","0.45",274
"INFLAenza","2026-08-15",-8,"2026-06-20","Overall","quantile","0.5",280
"INFLAenza","2026-08-15",-8,"2026-06-20","Overall","quantile","0.55",285
"INFLAenza","2026-08-15",-8,"2026-06-20","Overall","quantile","0.6",291
"INFLAenza","2026-08-15",-8,"2026-06-20","Overall","quantile","0.65",298
"INFLAenza","2026-08-15",-8,"2026-06-20","Overall","quantile","0.7",305
"INFLAenza","2026-08-15",-8,"2026-06-20","Overall","quantile","0.75",312
"INFLAenza","2026-08-15",-8,"2026-06-20","Overall","quantile","0.8",321
"INFLAenza","2026-08-15",-8,"2026-06-20","Overall","quantile","0.85",331
"INFLAenza","2026-08-15",-8,"2026-06-20","Overall","quantile","0.9",344
"INFLAenza","2026-08-15",-8,"2026-06-20","Overall","quantile","0.95",365
"INFLAenza","2026-08-15",-8,"2026-06-20","Overall","quantile","0.975",386
"INFLAenza","2026-08-15",-8,"2026-06-20","Overall","quantile","0.99",407
"INFLAenza","2026-08-15",-8,"2026-06-20","Pediatrics","quantile","0.01",95
"INFLAenza","2026-08-15",-8,"2026-06-20","Pediatrics","quantile","0.025",102
"INFLAenza","2026-08-15",-8,"2026-06-20","Pediatrics","quantile","0.05",109
"INFLAenza","2026-08-15",-8,"2026-06-20","Pediatrics","quantile","0.1",117
"INFLAenza","2026-08-15",-8,"2026-06-20","Pediatrics","quantile","0.15",123
"INFLAenza","2026-08-15",-8,"2026-06-20","Pediatrics","quantile","0.2",128
"INFLAenza","2026-08-15",-8,"2026-06-20","Pediatrics","quantile","0.25",133
"INFLAenza","2026-08-15",-8,"2026-06-20","Pediatrics","quantile","0.3",137
"INFLAenza","2026-08-15",-8,"2026-06-20","Pediatrics","quantile","0.35",141
"INFLAenza","2026-08-15",-8,"2026-06-20","Pediatrics","quantile","0.4",144
"INFLAenza","2026-08-15",-8,"2026-06-20","Pediatrics","quantile","0.45",148
"INFLAenza","2026-08-15",-8,"2026-06-20","Pediatrics","quantile","0.5",152
"INFLAenza","2026-08-15",-8,"2026-06-20","Pediatrics","quantile","0.55",156
"INFLAenza","2026-08-15",-8,"2026-06-20","Pediatrics","quantile","0.6",160
"INFLAenza","2026-08-15",-8,"2026-06-20","Pediatrics","quantile","0.65",164
"INFLAenza","2026-08-15",-8,"2026-06-20","Pediatrics","quantile","0.7",168
"INFLAenza","2026-08-15",-8,"2026-06-20","Pediatrics","quantile","0.75",173
"INFLAenza","2026-08-15",-8,"2026-06-20","Pediatrics","quantile","0.8",178
"INFLAenza","2026-08-15",-8,"2026-06-20","Pediatrics","quantile","0.85",185
"INFLAenza","2026-08-15",-8,"2026-06-20","Pediatrics","quantile","0.9",194
"INFLAenza","2026-08-15",-8,"2026-06-20","Pediatrics","quantile","0.95",208
"INFLAenza","2026-08-15",-8,"2026-06-20","Pediatrics","quantile","0.975",224
"INFLAenza","2026-08-15",-8,"2026-06-20","Pediatrics","quantile","0.99",243
"INFLAenza","2026-08-15",-7,"2026-06-27","Adults","quantile","0.01",68
"INFLAenza","2026-08-15",-7,"2026-06-27","Adults","quantile","0.025",76
"INFLAenza","2026-08-15",-7,"2026-06-27","Adults","quantile","0.05",82
"INFLAenza","2026-08-15",-7,"2026-06-27","Adults","quantile","0.1",91
"INFLAenza","2026-08-15",-7,"2026-06-27","Adults","quantile","0.15",97
"INFLAenza","2026-08-15",-7,"2026-06-27","Adults","quantile","0.2",102
"INFLAenza","2026-08-15",-7,"2026-06-27","Adults","quantile","0.25",107
"INFLAenza","2026-08-15",-7,"2026-06-27","Adults","quantile","0.3",111
"INFLAenza","2026-08-15",-7,"2026-06-27","Adults","quantile","0.35",115
"INFLAenza","2026-08-15",-7,"2026-06-27","Adults","quantile","0.4",119
"INFLAenza","2026-08-15",-7,"2026-06-27","Adults","quantile","0.45",123
"INFLAenza","2026-08-15",-7,"2026-06-27","Adults","quantile","0.5",127
"INFLAenza","2026-08-15",-7,"2026-06-27","Adults","quantile","0.55",131
"INFLAenza","2026-08-15",-7,"2026-06-27","Adults","quantile","0.6",136
"INFLAenza","2026-08-15",-7,"2026-06-27","Adults","quantile","0.65",141
"INFLAenza","2026-08-15",-7,"2026-06-27","Adults","quantile","0.7",146
"INFLAenza","2026-08-15",-7,"2026-06-27","Adults","quantile","0.75",151
"INFLAenza","2026-08-15",-7,"2026-06-27","Adults","quantile","0.8",157
"INFLAenza","2026-08-15",-7,"2026-06-27","Adults","quantile","0.85",165
"INFLAenza","2026-08-15",-7,"2026-06-27","Adults","quantile","0.9",176
"INFLAenza","2026-08-15",-7,"2026-06-27","Adults","quantile","0.95",193
"INFLAenza","2026-08-15",-7,"2026-06-27","Adults","quantile","0.975",210
"INFLAenza","2026-08-15",-7,"2026-06-27","Adults","quantile","0.99",228
"INFLAenza","2026-08-15",-7,"2026-06-27","Overall","quantile","0.01",169
"INFLAenza","2026-08-15",-7,"2026-06-27","Overall","quantile","0.025",183
"INFLAenza","2026-08-15",-7,"2026-06-27","Overall","quantile","0.05",196
"INFLAenza","2026-08-15",-7,"2026-06-27","Overall","quantile","0.1",212
"INFLAenza","2026-08-15",-7,"2026-06-27","Overall","quantile","0.15",223
"INFLAenza","2026-08-15",-7,"2026-06-27","Overall","quantile","0.2",234
"INFLAenza","2026-08-15",-7,"2026-06-27","Overall","quantile","0.25",243
"INFLAenza","2026-08-15",-7,"2026-06-27","Overall","quantile","0.3",251
"INFLAenza","2026-08-15",-7,"2026-06-27","Overall","quantile","0.35",260
"INFLAenza","2026-08-15",-7,"2026-06-27","Overall","quantile","0.4",267
"INFLAenza","2026-08-15",-7,"2026-06-27","Overall","quantile","0.45",275
"INFLAenza","2026-08-15",-7,"2026-06-27","Overall","quantile","0.5",282
"INFLAenza","2026-08-15",-7,"2026-06-27","Overall","quantile","0.55",290
"INFLAenza","2026-08-15",-7,"2026-06-27","Overall","quantile","0.6",298
"INFLAenza","2026-08-15",-7,"2026-06-27","Overall","quantile","0.65",306
"INFLAenza","2026-08-15",-7,"2026-06-27","Overall","quantile","0.7",315
"INFLAenza","2026-08-15",-7,"2026-06-27","Overall","quantile","0.75",326
"INFLAenza","2026-08-15",-7,"2026-06-27","Overall","quantile","0.8",337
"INFLAenza","2026-08-15",-7,"2026-06-27","Overall","quantile","0.85",353
"INFLAenza","2026-08-15",-7,"2026-06-27","Overall","quantile","0.9",372
"INFLAenza","2026-08-15",-7,"2026-06-27","Overall","quantile","0.95",401
"INFLAenza","2026-08-15",-7,"2026-06-27","Overall","quantile","0.975",433
"INFLAenza","2026-08-15",-7,"2026-06-27","Overall","quantile","0.99",472
"INFLAenza","2026-08-15",-7,"2026-06-27","Pediatrics","quantile","0.01",81
"INFLAenza","2026-08-15",-7,"2026-06-27","Pediatrics","quantile","0.025",91
"INFLAenza","2026-08-15",-7,"2026-06-27","Pediatrics","quantile","0.05",98
"INFLAenza","2026-08-15",-7,"2026-06-27","Pediatrics","quantile","0.1",109
"INFLAenza","2026-08-15",-7,"2026-06-27","Pediatrics","quantile","0.15",116
"INFLAenza","2026-08-15",-7,"2026-06-27","Pediatrics","quantile","0.2",122
"INFLAenza","2026-08-15",-7,"2026-06-27","Pediatrics","quantile","0.25",128
"INFLAenza","2026-08-15",-7,"2026-06-27","Pediatrics","quantile","0.3",133
"INFLAenza","2026-08-15",-7,"2026-06-27","Pediatrics","quantile","0.35",137
"INFLAenza","2026-08-15",-7,"2026-06-27","Pediatrics","quantile","0.4",142
"INFLAenza","2026-08-15",-7,"2026-06-27","Pediatrics","quantile","0.45",147
"INFLAenza","2026-08-15",-7,"2026-06-27","Pediatrics","quantile","0.5",152
"INFLAenza","2026-08-15",-7,"2026-06-27","Pediatrics","quantile","0.55",157
"INFLAenza","2026-08-15",-7,"2026-06-27","Pediatrics","quantile","0.6",163
"INFLAenza","2026-08-15",-7,"2026-06-27","Pediatrics","quantile","0.65",168
"INFLAenza","2026-08-15",-7,"2026-06-27","Pediatrics","quantile","0.7",174
"INFLAenza","2026-08-15",-7,"2026-06-27","Pediatrics","quantile","0.75",180
"INFLAenza","2026-08-15",-7,"2026-06-27","Pediatrics","quantile","0.8",189
"INFLAenza","2026-08-15",-7,"2026-06-27","Pediatrics","quantile","0.85",199
"INFLAenza","2026-08-15",-7,"2026-06-27","Pediatrics","quantile","0.9",212
"INFLAenza","2026-08-15",-7,"2026-06-27","Pediatrics","quantile","0.95",233
"INFLAenza","2026-08-15",-7,"2026-06-27","Pediatrics","quantile","0.975",252
"INFLAenza","2026-08-15",-7,"2026-06-27","Pediatrics","quantile","0.99",276
"INFLAenza","2026-08-15",-6,"2026-07-04","Adults","quantile","0.01",61
"INFLAenza","2026-08-15",-6,"2026-07-04","Adults","quantile","0.025",68
"INFLAenza","2026-08-15",-6,"2026-07-04","Adults","quantile","0.05",76
"INFLAenza","2026-08-15",-6,"2026-07-04","Adults","quantile","0.1",86
"INFLAenza","2026-08-15",-6,"2026-07-04","Adults","quantile","0.15",93
"INFLAenza","2026-08-15",-6,"2026-07-04","Adults","quantile","0.2",99
"INFLAenza","2026-08-15",-6,"2026-07-04","Adults","quantile","0.25",104
"INFLAenza","2026-08-15",-6,"2026-07-04","Adults","quantile","0.3",109
"INFLAenza","2026-08-15",-6,"2026-07-04","Adults","quantile","0.35",115
"INFLAenza","2026-08-15",-6,"2026-07-04","Adults","quantile","0.4",119
"INFLAenza","2026-08-15",-6,"2026-07-04","Adults","quantile","0.45",124
"INFLAenza","2026-08-15",-6,"2026-07-04","Adults","quantile","0.5",129
"INFLAenza","2026-08-15",-6,"2026-07-04","Adults","quantile","0.55",134
"INFLAenza","2026-08-15",-6,"2026-07-04","Adults","quantile","0.6",139
"INFLAenza","2026-08-15",-6,"2026-07-04","Adults","quantile","0.65",144
"INFLAenza","2026-08-15",-6,"2026-07-04","Adults","quantile","0.7",150
"INFLAenza","2026-08-15",-6,"2026-07-04","Adults","quantile","0.75",158
"INFLAenza","2026-08-15",-6,"2026-07-04","Adults","quantile","0.8",165
"INFLAenza","2026-08-15",-6,"2026-07-04","Adults","quantile","0.85",175
"INFLAenza","2026-08-15",-6,"2026-07-04","Adults","quantile","0.9",188
"INFLAenza","2026-08-15",-6,"2026-07-04","Adults","quantile","0.95",211
"INFLAenza","2026-08-15",-6,"2026-07-04","Adults","quantile","0.975",233
"INFLAenza","2026-08-15",-6,"2026-07-04","Adults","quantile","0.99",261
"INFLAenza","2026-08-15",-6,"2026-07-04","Overall","quantile","0.01",155
"INFLAenza","2026-08-15",-6,"2026-07-04","Overall","quantile","0.025",169
"INFLAenza","2026-08-15",-6,"2026-07-04","Overall","quantile","0.05",184
"INFLAenza","2026-08-15",-6,"2026-07-04","Overall","quantile","0.1",203
"INFLAenza","2026-08-15",-6,"2026-07-04","Overall","quantile","0.15",217
"INFLAenza","2026-08-15",-6,"2026-07-04","Overall","quantile","0.2",229
"INFLAenza","2026-08-15",-6,"2026-07-04","Overall","quantile","0.25",239
"INFLAenza","2026-08-15",-6,"2026-07-04","Overall","quantile","0.3",249
"INFLAenza","2026-08-15",-6,"2026-07-04","Overall","quantile","0.35",258
"INFLAenza","2026-08-15",-6,"2026-07-04","Overall","quantile","0.4",267
"INFLAenza","2026-08-15",-6,"2026-07-04","Overall","quantile","0.45",276
"INFLAenza","2026-08-15",-6,"2026-07-04","Overall","quantile","0.5",285
"INFLAenza","2026-08-15",-6,"2026-07-04","Overall","quantile","0.55",294
"INFLAenza","2026-08-15",-6,"2026-07-04","Overall","quantile","0.6",303
"INFLAenza","2026-08-15",-6,"2026-07-04","Overall","quantile","0.65",314
"INFLAenza","2026-08-15",-6,"2026-07-04","Overall","quantile","0.7",326
"INFLAenza","2026-08-15",-6,"2026-07-04","Overall","quantile","0.75",339
"INFLAenza","2026-08-15",-6,"2026-07-04","Overall","quantile","0.8",354
"INFLAenza","2026-08-15",-6,"2026-07-04","Overall","quantile","0.85",373
"INFLAenza","2026-08-15",-6,"2026-07-04","Overall","quantile","0.9",397
"INFLAenza","2026-08-15",-6,"2026-07-04","Overall","quantile","0.95",437
"INFLAenza","2026-08-15",-6,"2026-07-04","Overall","quantile","0.975",473
"INFLAenza","2026-08-15",-6,"2026-07-04","Overall","quantile","0.99",523
"INFLAenza","2026-08-15",-6,"2026-07-04","Pediatrics","quantile","0.01",73
"INFLAenza","2026-08-15",-6,"2026-07-04","Pediatrics","quantile","0.025",84
"INFLAenza","2026-08-15",-6,"2026-07-04","Pediatrics","quantile","0.05",93
"INFLAenza","2026-08-15",-6,"2026-07-04","Pediatrics","quantile","0.1",103
"INFLAenza","2026-08-15",-6,"2026-07-04","Pediatrics","quantile","0.15",112
"INFLAenza","2026-08-15",-6,"2026-07-04","Pediatrics","quantile","0.2",118
"INFLAenza","2026-08-15",-6,"2026-07-04","Pediatrics","quantile","0.25",125
"INFLAenza","2026-08-15",-6,"2026-07-04","Pediatrics","quantile","0.3",131
"INFLAenza","2026-08-15",-6,"2026-07-04","Pediatrics","quantile","0.35",136
"INFLAenza","2026-08-15",-6,"2026-07-04","Pediatrics","quantile","0.4",142
"INFLAenza","2026-08-15",-6,"2026-07-04","Pediatrics","quantile","0.45",148
"INFLAenza","2026-08-15",-6,"2026-07-04","Pediatrics","quantile","0.5",153
"INFLAenza","2026-08-15",-6,"2026-07-04","Pediatrics","quantile","0.55",159
"INFLAenza","2026-08-15",-6,"2026-07-04","Pediatrics","quantile","0.6",164
"INFLAenza","2026-08-15",-6,"2026-07-04","Pediatrics","quantile","0.65",171
"INFLAenza","2026-08-15",-6,"2026-07-04","Pediatrics","quantile","0.7",179
"INFLAenza","2026-08-15",-6,"2026-07-04","Pediatrics","quantile","0.75",188
"INFLAenza","2026-08-15",-6,"2026-07-04","Pediatrics","quantile","0.8",198
"INFLAenza","2026-08-15",-6,"2026-07-04","Pediatrics","quantile","0.85",210
"INFLAenza","2026-08-15",-6,"2026-07-04","Pediatrics","quantile","0.9",226
"INFLAenza","2026-08-15",-6,"2026-07-04","Pediatrics","quantile","0.95",255
"INFLAenza","2026-08-15",-6,"2026-07-04","Pediatrics","quantile","0.975",281
"INFLAenza","2026-08-15",-6,"2026-07-04","Pediatrics","quantile","0.99",307
"INFLAenza","2026-08-15",-5,"2026-07-11","Adults","quantile","0.01",55
"INFLAenza","2026-08-15",-5,"2026-07-11","Adults","quantile","0.025",63
"INFLAenza","2026-08-15",-5,"2026-07-11","Adults","quantile","0.05",71
"INFLAenza","2026-08-15",-5,"2026-07-11","Adults","quantile","0.1",81
"INFLAenza","2026-08-15",-5,"2026-07-11","Adults","quantile","0.15",89
"INFLAenza","2026-08-15",-5,"2026-07-11","Adults","quantile","0.2",95
"INFLAenza","2026-08-15",-5,"2026-07-11","Adults","quantile","0.25",101
"INFLAenza","2026-08-15",-5,"2026-07-11","Adults","quantile","0.3",106
"INFLAenza","2026-08-15",-5,"2026-07-11","Adults","quantile","0.35",112
"INFLAenza","2026-08-15",-5,"2026-07-11","Adults","quantile","0.4",117
"INFLAenza","2026-08-15",-5,"2026-07-11","Adults","quantile","0.45",123
"INFLAenza","2026-08-15",-5,"2026-07-11","Adults","quantile","0.5",128
"INFLAenza","2026-08-15",-5,"2026-07-11","Adults","quantile","0.55",134
"INFLAenza","2026-08-15",-5,"2026-07-11","Adults","quantile","0.6",140
"INFLAenza","2026-08-15",-5,"2026-07-11","Adults","quantile","0.65",147
"INFLAenza","2026-08-15",-5,"2026-07-11","Adults","quantile","0.7",154
"INFLAenza","2026-08-15",-5,"2026-07-11","Adults","quantile","0.75",162
"INFLAenza","2026-08-15",-5,"2026-07-11","Adults","quantile","0.8",171
"INFLAenza","2026-08-15",-5,"2026-07-11","Adults","quantile","0.85",181
"INFLAenza","2026-08-15",-5,"2026-07-11","Adults","quantile","0.9",196
"INFLAenza","2026-08-15",-5,"2026-07-11","Adults","quantile","0.95",224
"INFLAenza","2026-08-15",-5,"2026-07-11","Adults","quantile","0.975",251
"INFLAenza","2026-08-15",-5,"2026-07-11","Adults","quantile","0.99",287
"INFLAenza","2026-08-15",-5,"2026-07-11","Overall","quantile","0.01",144
"INFLAenza","2026-08-15",-5,"2026-07-11","Overall","quantile","0.025",158
"INFLAenza","2026-08-15",-5,"2026-07-11","Overall","quantile","0.05",174
"INFLAenza","2026-08-15",-5,"2026-07-11","Overall","quantile","0.1",194
"INFLAenza","2026-08-15",-5,"2026-07-11","Overall","quantile","0.15",211
"INFLAenza","2026-08-15",-5,"2026-07-11","Overall","quantile","0.2",223
"INFLAenza","2026-08-15",-5,"2026-07-11","Overall","quantile","0.25",234
"INFLAenza","2026-08-15",-5,"2026-07-11","Overall","quantile","0.3",245
"INFLAenza","2026-08-15",-5,"2026-07-11","Overall","quantile","0.35",254
"INFLAenza","2026-08-15",-5,"2026-07-11","Overall","quantile","0.4",264
"INFLAenza","2026-08-15",-5,"2026-07-11","Overall","quantile","0.45",274
"INFLAenza","2026-08-15",-5,"2026-07-11","Overall","quantile","0.5",285
"INFLAenza","2026-08-15",-5,"2026-07-11","Overall","quantile","0.55",296
"INFLAenza","2026-08-15",-5,"2026-07-11","Overall","quantile","0.6",307
"INFLAenza","2026-08-15",-5,"2026-07-11","Overall","quantile","0.65",318
"INFLAenza","2026-08-15",-5,"2026-07-11","Overall","quantile","0.7",332
"INFLAenza","2026-08-15",-5,"2026-07-11","Overall","quantile","0.75",346
"INFLAenza","2026-08-15",-5,"2026-07-11","Overall","quantile","0.8",365
"INFLAenza","2026-08-15",-5,"2026-07-11","Overall","quantile","0.85",388
"INFLAenza","2026-08-15",-5,"2026-07-11","Overall","quantile","0.9",416
"INFLAenza","2026-08-15",-5,"2026-07-11","Overall","quantile","0.95",461
"INFLAenza","2026-08-15",-5,"2026-07-11","Overall","quantile","0.975",504
"INFLAenza","2026-08-15",-5,"2026-07-11","Overall","quantile","0.99",568
"INFLAenza","2026-08-15",-5,"2026-07-11","Pediatrics","quantile","0.01",66
"INFLAenza","2026-08-15",-5,"2026-07-11","Pediatrics","quantile","0.025",77
"INFLAenza","2026-08-15",-5,"2026-07-11","Pediatrics","quantile","0.05",87
"INFLAenza","2026-08-15",-5,"2026-07-11","Pediatrics","quantile","0.1",98
"INFLAenza","2026-08-15",-5,"2026-07-11","Pediatrics","quantile","0.15",107
"INFLAenza","2026-08-15",-5,"2026-07-11","Pediatrics","quantile","0.2",115
"INFLAenza","2026-08-15",-5,"2026-07-11","Pediatrics","quantile","0.25",122
"INFLAenza","2026-08-15",-5,"2026-07-11","Pediatrics","quantile","0.3",128
"INFLAenza","2026-08-15",-5,"2026-07-11","Pediatrics","quantile","0.35",134
"INFLAenza","2026-08-15",-5,"2026-07-11","Pediatrics","quantile","0.4",140
"INFLAenza","2026-08-15",-5,"2026-07-11","Pediatrics","quantile","0.45",146
"INFLAenza","2026-08-15",-5,"2026-07-11","Pediatrics","quantile","0.5",153
"INFLAenza","2026-08-15",-5,"2026-07-11","Pediatrics","quantile","0.55",159
"INFLAenza","2026-08-15",-5,"2026-07-11","Pediatrics","quantile","0.6",166
"INFLAenza","2026-08-15",-5,"2026-07-11","Pediatrics","quantile","0.65",174
"INFLAenza","2026-08-15",-5,"2026-07-11","Pediatrics","quantile","0.7",183
"INFLAenza","2026-08-15",-5,"2026-07-11","Pediatrics","quantile","0.75",193
"INFLAenza","2026-08-15",-5,"2026-07-11","Pediatrics","quantile","0.8",204
"INFLAenza","2026-08-15",-5,"2026-07-11","Pediatrics","quantile","0.85",220
"INFLAenza","2026-08-15",-5,"2026-07-11","Pediatrics","quantile","0.9",238
"INFLAenza","2026-08-15",-5,"2026-07-11","Pediatrics","quantile","0.95",268
"INFLAenza","2026-08-15",-5,"2026-07-11","Pediatrics","quantile","0.975",294
"INFLAenza","2026-08-15",-5,"2026-07-11","Pediatrics","quantile","0.99",339
"INFLAenza","2026-08-15",-4,"2026-07-18","Adults","quantile","0.01",50
"INFLAenza","2026-08-15",-4,"2026-07-18","Adults","quantile","0.025",58
"INFLAenza","2026-08-15",-4,"2026-07-18","Adults","quantile","0.05",65
"INFLAenza","2026-08-15",-4,"2026-07-18","Adults","quantile","0.1",76
"INFLAenza","2026-08-15",-4,"2026-07-18","Adults","quantile","0.15",83
"INFLAenza","2026-08-15",-4,"2026-07-18","Adults","quantile","0.2",90
"INFLAenza","2026-08-15",-4,"2026-07-18","Adults","quantile","0.25",97
"INFLAenza","2026-08-15",-4,"2026-07-18","Adults","quantile","0.3",103
"INFLAenza","2026-08-15",-4,"2026-07-18","Adults","quantile","0.35",109
"INFLAenza","2026-08-15",-4,"2026-07-18","Adults","quantile","0.4",114
"INFLAenza","2026-08-15",-4,"2026-07-18","Adults","quantile","0.45",120
"INFLAenza","2026-08-15",-4,"2026-07-18","Adults","quantile","0.5",126
"INFLAenza","2026-08-15",-4,"2026-07-18","Adults","quantile","0.55",132
"INFLAenza","2026-08-15",-4,"2026-07-18","Adults","quantile","0.6",139
"INFLAenza","2026-08-15",-4,"2026-07-18","Adults","quantile","0.65",146
"INFLAenza","2026-08-15",-4,"2026-07-18","Adults","quantile","0.7",153
"INFLAenza","2026-08-15",-4,"2026-07-18","Adults","quantile","0.75",162
"INFLAenza","2026-08-15",-4,"2026-07-18","Adults","quantile","0.8",172
"INFLAenza","2026-08-15",-4,"2026-07-18","Adults","quantile","0.85",185
"INFLAenza","2026-08-15",-4,"2026-07-18","Adults","quantile","0.9",204
"INFLAenza","2026-08-15",-4,"2026-07-18","Adults","quantile","0.95",230
"INFLAenza","2026-08-15",-4,"2026-07-18","Adults","quantile","0.975",260
"INFLAenza","2026-08-15",-4,"2026-07-18","Adults","quantile","0.99",298
"INFLAenza","2026-08-15",-4,"2026-07-18","Overall","quantile","0.01",131
"INFLAenza","2026-08-15",-4,"2026-07-18","Overall","quantile","0.025",148
"INFLAenza","2026-08-15",-4,"2026-07-18","Overall","quantile","0.05",163
"INFLAenza","2026-08-15",-4,"2026-07-18","Overall","quantile","0.1",184
"INFLAenza","2026-08-15",-4,"2026-07-18","Overall","quantile","0.15",199
"INFLAenza","2026-08-15",-4,"2026-07-18","Overall","quantile","0.2",214
"INFLAenza","2026-08-15",-4,"2026-07-18","Overall","quantile","0.25",226
"INFLAenza","2026-08-15",-4,"2026-07-18","Overall","quantile","0.3",237
"INFLAenza","2026-08-15",-4,"2026-07-18","Overall","quantile","0.35",248
"INFLAenza","2026-08-15",-4,"2026-07-18","Overall","quantile","0.4",259
"INFLAenza","2026-08-15",-4,"2026-07-18","Overall","quantile","0.45",269
"INFLAenza","2026-08-15",-4,"2026-07-18","Overall","quantile","0.5",280
"INFLAenza","2026-08-15",-4,"2026-07-18","Overall","quantile","0.55",290
"INFLAenza","2026-08-15",-4,"2026-07-18","Overall","quantile","0.6",302
"INFLAenza","2026-08-15",-4,"2026-07-18","Overall","quantile","0.65",315
"INFLAenza","2026-08-15",-4,"2026-07-18","Overall","quantile","0.7",329
"INFLAenza","2026-08-15",-4,"2026-07-18","Overall","quantile","0.75",347
"INFLAenza","2026-08-15",-4,"2026-07-18","Overall","quantile","0.8",367
"INFLAenza","2026-08-15",-4,"2026-07-18","Overall","quantile","0.85",389
"INFLAenza","2026-08-15",-4,"2026-07-18","Overall","quantile","0.9",425
"INFLAenza","2026-08-15",-4,"2026-07-18","Overall","quantile","0.95",477
"INFLAenza","2026-08-15",-4,"2026-07-18","Overall","quantile","0.975",525
"INFLAenza","2026-08-15",-4,"2026-07-18","Overall","quantile","0.99",608
"INFLAenza","2026-08-15",-4,"2026-07-18","Pediatrics","quantile","0.01",61
"INFLAenza","2026-08-15",-4,"2026-07-18","Pediatrics","quantile","0.025",71
"INFLAenza","2026-08-15",-4,"2026-07-18","Pediatrics","quantile","0.05",79
"INFLAenza","2026-08-15",-4,"2026-07-18","Pediatrics","quantile","0.1",92
"INFLAenza","2026-08-15",-4,"2026-07-18","Pediatrics","quantile","0.15",101
"INFLAenza","2026-08-15",-4,"2026-07-18","Pediatrics","quantile","0.2",110
"INFLAenza","2026-08-15",-4,"2026-07-18","Pediatrics","quantile","0.25",116
"INFLAenza","2026-08-15",-4,"2026-07-18","Pediatrics","quantile","0.3",123
"INFLAenza","2026-08-15",-4,"2026-07-18","Pediatrics","quantile","0.35",130
"INFLAenza","2026-08-15",-4,"2026-07-18","Pediatrics","quantile","0.4",136
"INFLAenza","2026-08-15",-4,"2026-07-18","Pediatrics","quantile","0.45",142
"INFLAenza","2026-08-15",-4,"2026-07-18","Pediatrics","quantile","0.5",149
"INFLAenza","2026-08-15",-4,"2026-07-18","Pediatrics","quantile","0.55",156
"INFLAenza","2026-08-15",-4,"2026-07-18","Pediatrics","quantile","0.6",164
"INFLAenza","2026-08-15",-4,"2026-07-18","Pediatrics","quantile","0.65",172
"INFLAenza","2026-08-15",-4,"2026-07-18","Pediatrics","quantile","0.7",181
"INFLAenza","2026-08-15",-4,"2026-07-18","Pediatrics","quantile","0.75",192
"INFLAenza","2026-08-15",-4,"2026-07-18","Pediatrics","quantile","0.8",205
"INFLAenza","2026-08-15",-4,"2026-07-18","Pediatrics","quantile","0.85",221
"INFLAenza","2026-08-15",-4,"2026-07-18","Pediatrics","quantile","0.9",242
"INFLAenza","2026-08-15",-4,"2026-07-18","Pediatrics","quantile","0.95",277
"INFLAenza","2026-08-15",-4,"2026-07-18","Pediatrics","quantile","0.975",307
"INFLAenza","2026-08-15",-4,"2026-07-18","Pediatrics","quantile","0.99",362
"INFLAenza","2026-08-15",-3,"2026-07-25","Adults","quantile","0.01",44
"INFLAenza","2026-08-15",-3,"2026-07-25","Adults","quantile","0.025",53
"INFLAenza","2026-08-15",-3,"2026-07-25","Adults","quantile","0.05",61
"INFLAenza","2026-08-15",-3,"2026-07-25","Adults","quantile","0.1",72
"INFLAenza","2026-08-15",-3,"2026-07-25","Adults","quantile","0.15",80
"INFLAenza","2026-08-15",-3,"2026-07-25","Adults","quantile","0.2",87
"INFLAenza","2026-08-15",-3,"2026-07-25","Adults","quantile","0.25",93
"INFLAenza","2026-08-15",-3,"2026-07-25","Adults","quantile","0.3",99
"INFLAenza","2026-08-15",-3,"2026-07-25","Adults","quantile","0.35",105
"INFLAenza","2026-08-15",-3,"2026-07-25","Adults","quantile","0.4",110
"INFLAenza","2026-08-15",-3,"2026-07-25","Adults","quantile","0.45",116
"INFLAenza","2026-08-15",-3,"2026-07-25","Adults","quantile","0.5",122
"INFLAenza","2026-08-15",-3,"2026-07-25","Adults","quantile","0.55",129
"INFLAenza","2026-08-15",-3,"2026-07-25","Adults","quantile","0.6",136
"INFLAenza","2026-08-15",-3,"2026-07-25","Adults","quantile","0.65",144
"INFLAenza","2026-08-15",-3,"2026-07-25","Adults","quantile","0.7",152
"INFLAenza","2026-08-15",-3,"2026-07-25","Adults","quantile","0.75",162
"INFLAenza","2026-08-15",-3,"2026-07-25","Adults","quantile","0.8",173
"INFLAenza","2026-08-15",-3,"2026-07-25","Adults","quantile","0.85",186
"INFLAenza","2026-08-15",-3,"2026-07-25","Adults","quantile","0.9",207
"INFLAenza","2026-08-15",-3,"2026-07-25","Adults","quantile","0.95",237
"INFLAenza","2026-08-15",-3,"2026-07-25","Adults","quantile","0.975",270
"INFLAenza","2026-08-15",-3,"2026-07-25","Adults","quantile","0.99",317
"INFLAenza","2026-08-15",-3,"2026-07-25","Overall","quantile","0.01",118
"INFLAenza","2026-08-15",-3,"2026-07-25","Overall","quantile","0.025",138
"INFLAenza","2026-08-15",-3,"2026-07-25","Overall","quantile","0.05",153
"INFLAenza","2026-08-15",-3,"2026-07-25","Overall","quantile","0.1",174
"INFLAenza","2026-08-15",-3,"2026-07-25","Overall","quantile","0.15",190
"INFLAenza","2026-08-15",-3,"2026-07-25","Overall","quantile","0.2",204
"INFLAenza","2026-08-15",-3,"2026-07-25","Overall","quantile","0.25",217
"INFLAenza","2026-08-15",-3,"2026-07-25","Overall","quantile","0.3",228
"INFLAenza","2026-08-15",-3,"2026-07-25","Overall","quantile","0.35",238
"INFLAenza","2026-08-15",-3,"2026-07-25","Overall","quantile","0.4",250
"INFLAenza","2026-08-15",-3,"2026-07-25","Overall","quantile","0.45",261
"INFLAenza","2026-08-15",-3,"2026-07-25","Overall","quantile","0.5",273
"INFLAenza","2026-08-15",-3,"2026-07-25","Overall","quantile","0.55",285
"INFLAenza","2026-08-15",-3,"2026-07-25","Overall","quantile","0.6",299
"INFLAenza","2026-08-15",-3,"2026-07-25","Overall","quantile","0.65",313
"INFLAenza","2026-08-15",-3,"2026-07-25","Overall","quantile","0.7",327
"INFLAenza","2026-08-15",-3,"2026-07-25","Overall","quantile","0.75",344
"INFLAenza","2026-08-15",-3,"2026-07-25","Overall","quantile","0.8",363
"INFLAenza","2026-08-15",-3,"2026-07-25","Overall","quantile","0.85",390
"INFLAenza","2026-08-15",-3,"2026-07-25","Overall","quantile","0.9",427
"INFLAenza","2026-08-15",-3,"2026-07-25","Overall","quantile","0.95",485
"INFLAenza","2026-08-15",-3,"2026-07-25","Overall","quantile","0.975",545
"INFLAenza","2026-08-15",-3,"2026-07-25","Overall","quantile","0.99",626
"INFLAenza","2026-08-15",-3,"2026-07-25","Pediatrics","quantile","0.01",56
"INFLAenza","2026-08-15",-3,"2026-07-25","Pediatrics","quantile","0.025",65
"INFLAenza","2026-08-15",-3,"2026-07-25","Pediatrics","quantile","0.05",74
"INFLAenza","2026-08-15",-3,"2026-07-25","Pediatrics","quantile","0.1",87
"INFLAenza","2026-08-15",-3,"2026-07-25","Pediatrics","quantile","0.15",96
"INFLAenza","2026-08-15",-3,"2026-07-25","Pediatrics","quantile","0.2",104
"INFLAenza","2026-08-15",-3,"2026-07-25","Pediatrics","quantile","0.25",110
"INFLAenza","2026-08-15",-3,"2026-07-25","Pediatrics","quantile","0.3",117
"INFLAenza","2026-08-15",-3,"2026-07-25","Pediatrics","quantile","0.35",124
"INFLAenza","2026-08-15",-3,"2026-07-25","Pediatrics","quantile","0.4",130
"INFLAenza","2026-08-15",-3,"2026-07-25","Pediatrics","quantile","0.45",137
"INFLAenza","2026-08-15",-3,"2026-07-25","Pediatrics","quantile","0.5",145
"INFLAenza","2026-08-15",-3,"2026-07-25","Pediatrics","quantile","0.55",152
"INFLAenza","2026-08-15",-3,"2026-07-25","Pediatrics","quantile","0.6",160
"INFLAenza","2026-08-15",-3,"2026-07-25","Pediatrics","quantile","0.65",169
"INFLAenza","2026-08-15",-3,"2026-07-25","Pediatrics","quantile","0.7",180
"INFLAenza","2026-08-15",-3,"2026-07-25","Pediatrics","quantile","0.75",192
"INFLAenza","2026-08-15",-3,"2026-07-25","Pediatrics","quantile","0.8",204
"INFLAenza","2026-08-15",-3,"2026-07-25","Pediatrics","quantile","0.85",219
"INFLAenza","2026-08-15",-3,"2026-07-25","Pediatrics","quantile","0.9",243
"INFLAenza","2026-08-15",-3,"2026-07-25","Pediatrics","quantile","0.95",285
"INFLAenza","2026-08-15",-3,"2026-07-25","Pediatrics","quantile","0.975",322
"INFLAenza","2026-08-15",-3,"2026-07-25","Pediatrics","quantile","0.99",377
"INFLAenza","2026-08-15",-2,"2026-08-01","Adults","quantile","0.01",41
"INFLAenza","2026-08-15",-2,"2026-08-01","Adults","quantile","0.025",48
"INFLAenza","2026-08-15",-2,"2026-08-01","Adults","quantile","0.05",56
"INFLAenza","2026-08-15",-2,"2026-08-01","Adults","quantile","0.1",66
"INFLAenza","2026-08-15",-2,"2026-08-01","Adults","quantile","0.15",74
"INFLAenza","2026-08-15",-2,"2026-08-01","Adults","quantile","0.2",81
"INFLAenza","2026-08-15",-2,"2026-08-01","Adults","quantile","0.25",87
"INFLAenza","2026-08-15",-2,"2026-08-01","Adults","quantile","0.3",94
"INFLAenza","2026-08-15",-2,"2026-08-01","Adults","quantile","0.35",99
"INFLAenza","2026-08-15",-2,"2026-08-01","Adults","quantile","0.4",105
"INFLAenza","2026-08-15",-2,"2026-08-01","Adults","quantile","0.45",111
"INFLAenza","2026-08-15",-2,"2026-08-01","Adults","quantile","0.5",118
"INFLAenza","2026-08-15",-2,"2026-08-01","Adults","quantile","0.55",124
"INFLAenza","2026-08-15",-2,"2026-08-01","Adults","quantile","0.6",132
"INFLAenza","2026-08-15",-2,"2026-08-01","Adults","quantile","0.65",140
"INFLAenza","2026-08-15",-2,"2026-08-01","Adults","quantile","0.7",148
"INFLAenza","2026-08-15",-2,"2026-08-01","Adults","quantile","0.75",158
"INFLAenza","2026-08-15",-2,"2026-08-01","Adults","quantile","0.8",170
"INFLAenza","2026-08-15",-2,"2026-08-01","Adults","quantile","0.85",185
"INFLAenza","2026-08-15",-2,"2026-08-01","Adults","quantile","0.9",204
"INFLAenza","2026-08-15",-2,"2026-08-01","Adults","quantile","0.95",236
"INFLAenza","2026-08-15",-2,"2026-08-01","Adults","quantile","0.975",270
"INFLAenza","2026-08-15",-2,"2026-08-01","Adults","quantile","0.99",310
"INFLAenza","2026-08-15",-2,"2026-08-01","Overall","quantile","0.01",106
"INFLAenza","2026-08-15",-2,"2026-08-01","Overall","quantile","0.025",124
"INFLAenza","2026-08-15",-2,"2026-08-01","Overall","quantile","0.05",141
"INFLAenza","2026-08-15",-2,"2026-08-01","Overall","quantile","0.1",161
"INFLAenza","2026-08-15",-2,"2026-08-01","Overall","quantile","0.15",179
"INFLAenza","2026-08-15",-2,"2026-08-01","Overall","quantile","0.2",192
"INFLAenza","2026-08-15",-2,"2026-08-01","Overall","quantile","0.25",206
"INFLAenza","2026-08-15",-2,"2026-08-01","Overall","quantile","0.3",217
"INFLAenza","2026-08-15",-2,"2026-08-01","Overall","quantile","0.35",228
"INFLAenza","2026-08-15",-2,"2026-08-01","Overall","quantile","0.4",238
"INFLAenza","2026-08-15",-2,"2026-08-01","Overall","quantile","0.45",250
"INFLAenza","2026-08-15",-2,"2026-08-01","Overall","quantile","0.5",263
"INFLAenza","2026-08-15",-2,"2026-08-01","Overall","quantile","0.55",276
"INFLAenza","2026-08-15",-2,"2026-08-01","Overall","quantile","0.6",287
"INFLAenza","2026-08-15",-2,"2026-08-01","Overall","quantile","0.65",303
"INFLAenza","2026-08-15",-2,"2026-08-01","Overall","quantile","0.7",319
"INFLAenza","2026-08-15",-2,"2026-08-01","Overall","quantile","0.75",338
"INFLAenza","2026-08-15",-2,"2026-08-01","Overall","quantile","0.8",359
"INFLAenza","2026-08-15",-2,"2026-08-01","Overall","quantile","0.85",386
"INFLAenza","2026-08-15",-2,"2026-08-01","Overall","quantile","0.9",430
"INFLAenza","2026-08-15",-2,"2026-08-01","Overall","quantile","0.95",483
"INFLAenza","2026-08-15",-2,"2026-08-01","Overall","quantile","0.975",530
"INFLAenza","2026-08-15",-2,"2026-08-01","Overall","quantile","0.99",610
"INFLAenza","2026-08-15",-2,"2026-08-01","Pediatrics","quantile","0.01",49
"INFLAenza","2026-08-15",-2,"2026-08-01","Pediatrics","quantile","0.025",59
"INFLAenza","2026-08-15",-2,"2026-08-01","Pediatrics","quantile","0.05",68
"INFLAenza","2026-08-15",-2,"2026-08-01","Pediatrics","quantile","0.1",80
"INFLAenza","2026-08-15",-2,"2026-08-01","Pediatrics","quantile","0.15",90
"INFLAenza","2026-08-15",-2,"2026-08-01","Pediatrics","quantile","0.2",96
"INFLAenza","2026-08-15",-2,"2026-08-01","Pediatrics","quantile","0.25",103
"INFLAenza","2026-08-15",-2,"2026-08-01","Pediatrics","quantile","0.3",111
"INFLAenza","2026-08-15",-2,"2026-08-01","Pediatrics","quantile","0.35",118
"INFLAenza","2026-08-15",-2,"2026-08-01","Pediatrics","quantile","0.4",125
"INFLAenza","2026-08-15",-2,"2026-08-01","Pediatrics","quantile","0.45",132
"INFLAenza","2026-08-15",-2,"2026-08-01","Pediatrics","quantile","0.5",139
"INFLAenza","2026-08-15",-2,"2026-08-01","Pediatrics","quantile","0.55",147
"INFLAenza","2026-08-15",-2,"2026-08-01","Pediatrics","quantile","0.6",156
"INFLAenza","2026-08-15",-2,"2026-08-01","Pediatrics","quantile","0.65",165
"INFLAenza","2026-08-15",-2,"2026-08-01","Pediatrics","quantile","0.7",175
"INFLAenza","2026-08-15",-2,"2026-08-01","Pediatrics","quantile","0.75",185
"INFLAenza","2026-08-15",-2,"2026-08-01","Pediatrics","quantile","0.8",199
"INFLAenza","2026-08-15",-2,"2026-08-01","Pediatrics","quantile","0.85",216
"INFLAenza","2026-08-15",-2,"2026-08-01","Pediatrics","quantile","0.9",244
"INFLAenza","2026-08-15",-2,"2026-08-01","Pediatrics","quantile","0.95",283
"INFLAenza","2026-08-15",-2,"2026-08-01","Pediatrics","quantile","0.975",317
"INFLAenza","2026-08-15",-2,"2026-08-01","Pediatrics","quantile","0.99",371
"INFLAenza","2026-08-15",-1,"2026-08-08","Adults","quantile","0.01",37
"INFLAenza","2026-08-15",-1,"2026-08-08","Adults","quantile","0.025",44
"INFLAenza","2026-08-15",-1,"2026-08-08","Adults","quantile","0.05",52
"INFLAenza","2026-08-15",-1,"2026-08-08","Adults","quantile","0.1",64
"INFLAenza","2026-08-15",-1,"2026-08-08","Adults","quantile","0.15",72
"INFLAenza","2026-08-15",-1,"2026-08-08","Adults","quantile","0.2",78
"INFLAenza","2026-08-15",-1,"2026-08-08","Adults","quantile","0.25",85
"INFLAenza","2026-08-15",-1,"2026-08-08","Adults","quantile","0.3",92
"INFLAenza","2026-08-15",-1,"2026-08-08","Adults","quantile","0.35",98
"INFLAenza","2026-08-15",-1,"2026-08-08","Adults","quantile","0.4",105
"INFLAenza","2026-08-15",-1,"2026-08-08","Adults","quantile","0.45",111
"INFLAenza","2026-08-15",-1,"2026-08-08","Adults","quantile","0.5",118
"INFLAenza","2026-08-15",-1,"2026-08-08","Adults","quantile","0.55",125
"INFLAenza","2026-08-15",-1,"2026-08-08","Adults","quantile","0.6",132
"INFLAenza","2026-08-15",-1,"2026-08-08","Adults","quantile","0.65",141
"INFLAenza","2026-08-15",-1,"2026-08-08","Adults","quantile","0.7",150
"INFLAenza","2026-08-15",-1,"2026-08-08","Adults","quantile","0.75",159
"INFLAenza","2026-08-15",-1,"2026-08-08","Adults","quantile","0.8",171
"INFLAenza","2026-08-15",-1,"2026-08-08","Adults","quantile","0.85",187
"INFLAenza","2026-08-15",-1,"2026-08-08","Adults","quantile","0.9",211
"INFLAenza","2026-08-15",-1,"2026-08-08","Adults","quantile","0.95",247
"INFLAenza","2026-08-15",-1,"2026-08-08","Adults","quantile","0.975",280
"INFLAenza","2026-08-15",-1,"2026-08-08","Adults","quantile","0.99",325
"INFLAenza","2026-08-15",-1,"2026-08-08","Overall","quantile","0.01",100
"INFLAenza","2026-08-15",-1,"2026-08-08","Overall","quantile","0.025",117
"INFLAenza","2026-08-15",-1,"2026-08-08","Overall","quantile","0.05",133
"INFLAenza","2026-08-15",-1,"2026-08-08","Overall","quantile","0.1",154
"INFLAenza","2026-08-15",-1,"2026-08-08","Overall","quantile","0.15",171
"INFLAenza","2026-08-15",-1,"2026-08-08","Overall","quantile","0.2",186
"INFLAenza","2026-08-15",-1,"2026-08-08","Overall","quantile","0.25",201
"INFLAenza","2026-08-15",-1,"2026-08-08","Overall","quantile","0.3",214
"INFLAenza","2026-08-15",-1,"2026-08-08","Overall","quantile","0.35",226
"INFLAenza","2026-08-15",-1,"2026-08-08","Overall","quantile","0.4",238
"INFLAenza","2026-08-15",-1,"2026-08-08","Overall","quantile","0.45",250
"INFLAenza","2026-08-15",-1,"2026-08-08","Overall","quantile","0.5",262
"INFLAenza","2026-08-15",-1,"2026-08-08","Overall","quantile","0.55",275
"INFLAenza","2026-08-15",-1,"2026-08-08","Overall","quantile","0.6",289
"INFLAenza","2026-08-15",-1,"2026-08-08","Overall","quantile","0.65",305
"INFLAenza","2026-08-15",-1,"2026-08-08","Overall","quantile","0.7",320
"INFLAenza","2026-08-15",-1,"2026-08-08","Overall","quantile","0.75",341
"INFLAenza","2026-08-15",-1,"2026-08-08","Overall","quantile","0.8",364
"INFLAenza","2026-08-15",-1,"2026-08-08","Overall","quantile","0.85",392
"INFLAenza","2026-08-15",-1,"2026-08-08","Overall","quantile","0.9",434
"INFLAenza","2026-08-15",-1,"2026-08-08","Overall","quantile","0.95",491
"INFLAenza","2026-08-15",-1,"2026-08-08","Overall","quantile","0.975",551
"INFLAenza","2026-08-15",-1,"2026-08-08","Overall","quantile","0.99",632
"INFLAenza","2026-08-15",-1,"2026-08-08","Pediatrics","quantile","0.01",47
"INFLAenza","2026-08-15",-1,"2026-08-08","Pediatrics","quantile","0.025",55
"INFLAenza","2026-08-15",-1,"2026-08-08","Pediatrics","quantile","0.05",63
"INFLAenza","2026-08-15",-1,"2026-08-08","Pediatrics","quantile","0.1",76
"INFLAenza","2026-08-15",-1,"2026-08-08","Pediatrics","quantile","0.15",86
"INFLAenza","2026-08-15",-1,"2026-08-08","Pediatrics","quantile","0.2",94
"INFLAenza","2026-08-15",-1,"2026-08-08","Pediatrics","quantile","0.25",101
"INFLAenza","2026-08-15",-1,"2026-08-08","Pediatrics","quantile","0.3",108
"INFLAenza","2026-08-15",-1,"2026-08-08","Pediatrics","quantile","0.35",115
"INFLAenza","2026-08-15",-1,"2026-08-08","Pediatrics","quantile","0.4",123
"INFLAenza","2026-08-15",-1,"2026-08-08","Pediatrics","quantile","0.45",131
"INFLAenza","2026-08-15",-1,"2026-08-08","Pediatrics","quantile","0.5",138
"INFLAenza","2026-08-15",-1,"2026-08-08","Pediatrics","quantile","0.55",146
"INFLAenza","2026-08-15",-1,"2026-08-08","Pediatrics","quantile","0.6",155
"INFLAenza","2026-08-15",-1,"2026-08-08","Pediatrics","quantile","0.65",164
"INFLAenza","2026-08-15",-1,"2026-08-08","Pediatrics","quantile","0.7",176
"INFLAenza","2026-08-15",-1,"2026-08-08","Pediatrics","quantile","0.75",189
"INFLAenza","2026-08-15",-1,"2026-08-08","Pediatrics","quantile","0.8",203
"INFLAenza","2026-08-15",-1,"2026-08-08","Pediatrics","quantile","0.85",221
"INFLAenza","2026-08-15",-1,"2026-08-08","Pediatrics","quantile","0.9",248
"INFLAenza","2026-08-15",-1,"2026-08-08","Pediatrics","quantile","0.95",288
"INFLAenza","2026-08-15",-1,"2026-08-08","Pediatrics","quantile","0.975",332
"INFLAenza","2026-08-15",-1,"2026-08-08","Pediatrics","quantile","0.99",388
"INFLAenza","2026-08-15",0,"2026-08-15","Adults","quantile","0.01",33
"INFLAenza","2026-08-15",0,"2026-08-15","Adults","quantile","0.025",43
"INFLAenza","2026-08-15",0,"2026-08-15","Adults","quantile","0.05",51
"INFLAenza","2026-08-15",0,"2026-08-15","Adults","quantile","0.1",62
"INFLAenza","2026-08-15",0,"2026-08-15","Adults","quantile","0.15",70
"INFLAenza","2026-08-15",0,"2026-08-15","Adults","quantile","0.2",77
"INFLAenza","2026-08-15",0,"2026-08-15","Adults","quantile","0.25",84
"INFLAenza","2026-08-15",0,"2026-08-15","Adults","quantile","0.3",91
"INFLAenza","2026-08-15",0,"2026-08-15","Adults","quantile","0.35",97
"INFLAenza","2026-08-15",0,"2026-08-15","Adults","quantile","0.4",103
"INFLAenza","2026-08-15",0,"2026-08-15","Adults","quantile","0.45",110
"INFLAenza","2026-08-15",0,"2026-08-15","Adults","quantile","0.5",116
"INFLAenza","2026-08-15",0,"2026-08-15","Adults","quantile","0.55",123
"INFLAenza","2026-08-15",0,"2026-08-15","Adults","quantile","0.6",131
"INFLAenza","2026-08-15",0,"2026-08-15","Adults","quantile","0.65",141
"INFLAenza","2026-08-15",0,"2026-08-15","Adults","quantile","0.7",151
"INFLAenza","2026-08-15",0,"2026-08-15","Adults","quantile","0.75",162
"INFLAenza","2026-08-15",0,"2026-08-15","Adults","quantile","0.8",177
"INFLAenza","2026-08-15",0,"2026-08-15","Adults","quantile","0.85",194
"INFLAenza","2026-08-15",0,"2026-08-15","Adults","quantile","0.9",217
"INFLAenza","2026-08-15",0,"2026-08-15","Adults","quantile","0.95",254
"INFLAenza","2026-08-15",0,"2026-08-15","Adults","quantile","0.975",298
"INFLAenza","2026-08-15",0,"2026-08-15","Adults","quantile","0.99",347
"INFLAenza","2026-08-15",0,"2026-08-15","Overall","quantile","0.01",94
"INFLAenza","2026-08-15",0,"2026-08-15","Overall","quantile","0.025",113
"INFLAenza","2026-08-15",0,"2026-08-15","Overall","quantile","0.05",129
"INFLAenza","2026-08-15",0,"2026-08-15","Overall","quantile","0.1",151
"INFLAenza","2026-08-15",0,"2026-08-15","Overall","quantile","0.15",169
"INFLAenza","2026-08-15",0,"2026-08-15","Overall","quantile","0.2",185
"INFLAenza","2026-08-15",0,"2026-08-15","Overall","quantile","0.25",197
"INFLAenza","2026-08-15",0,"2026-08-15","Overall","quantile","0.3",211
"INFLAenza","2026-08-15",0,"2026-08-15","Overall","quantile","0.35",224
"INFLAenza","2026-08-15",0,"2026-08-15","Overall","quantile","0.4",237
"INFLAenza","2026-08-15",0,"2026-08-15","Overall","quantile","0.45",249
"INFLAenza","2026-08-15",0,"2026-08-15","Overall","quantile","0.5",262
"INFLAenza","2026-08-15",0,"2026-08-15","Overall","quantile","0.55",276
"INFLAenza","2026-08-15",0,"2026-08-15","Overall","quantile","0.6",292
"INFLAenza","2026-08-15",0,"2026-08-15","Overall","quantile","0.65",307
"INFLAenza","2026-08-15",0,"2026-08-15","Overall","quantile","0.7",325
"INFLAenza","2026-08-15",0,"2026-08-15","Overall","quantile","0.75",345
"INFLAenza","2026-08-15",0,"2026-08-15","Overall","quantile","0.8",371
"INFLAenza","2026-08-15",0,"2026-08-15","Overall","quantile","0.85",402
"INFLAenza","2026-08-15",0,"2026-08-15","Overall","quantile","0.9",444
"INFLAenza","2026-08-15",0,"2026-08-15","Overall","quantile","0.95",502
"INFLAenza","2026-08-15",0,"2026-08-15","Overall","quantile","0.975",580
"INFLAenza","2026-08-15",0,"2026-08-15","Overall","quantile","0.99",664
"INFLAenza","2026-08-15",0,"2026-08-15","Pediatrics","quantile","0.01",42
"INFLAenza","2026-08-15",0,"2026-08-15","Pediatrics","quantile","0.025",52
"INFLAenza","2026-08-15",0,"2026-08-15","Pediatrics","quantile","0.05",61
"INFLAenza","2026-08-15",0,"2026-08-15","Pediatrics","quantile","0.1",74
"INFLAenza","2026-08-15",0,"2026-08-15","Pediatrics","quantile","0.15",83
"INFLAenza","2026-08-15",0,"2026-08-15","Pediatrics","quantile","0.2",92
"INFLAenza","2026-08-15",0,"2026-08-15","Pediatrics","quantile","0.25",99
"INFLAenza","2026-08-15",0,"2026-08-15","Pediatrics","quantile","0.3",107
"INFLAenza","2026-08-15",0,"2026-08-15","Pediatrics","quantile","0.35",115
"INFLAenza","2026-08-15",0,"2026-08-15","Pediatrics","quantile","0.4",122
"INFLAenza","2026-08-15",0,"2026-08-15","Pediatrics","quantile","0.45",130
"INFLAenza","2026-08-15",0,"2026-08-15","Pediatrics","quantile","0.5",138
"INFLAenza","2026-08-15",0,"2026-08-15","Pediatrics","quantile","0.55",147
"INFLAenza","2026-08-15",0,"2026-08-15","Pediatrics","quantile","0.6",156
"INFLAenza","2026-08-15",0,"2026-08-15","Pediatrics","quantile","0.65",166
"INFLAenza","2026-08-15",0,"2026-08-15","Pediatrics","quantile","0.7",178
"INFLAenza","2026-08-15",0,"2026-08-15","Pediatrics","quantile","0.75",191
"INFLAenza","2026-08-15",0,"2026-08-15","Pediatrics","quantile","0.8",206
"INFLAenza","2026-08-15",0,"2026-08-15","Pediatrics","quantile","0.85",225
"INFLAenza","2026-08-15",0,"2026-08-15","Pediatrics","quantile","0.9",250
"INFLAenza","2026-08-15",0,"2026-08-15","Pediatrics","quantile","0.95",297
"INFLAenza","2026-08-15",0,"2026-08-15","Pediatrics","quantile","0.975",339
"INFLAenza","2026-08-15",0,"2026-08-15","Pediatrics","quantile","0.99",404
"INFLAenza","2026-08-15",1,"2026-08-22","Adults","quantile","0.01",32
"INFLAenza","2026-08-15",1,"2026-08-22","Adults","quantile","0.025",41
"INFLAenza","2026-08-15",1,"2026-08-22","Adults","quantile","0.05",49
"INFLAenza","2026-08-15",1,"2026-08-22","Adults","quantile","0.1",61
"INFLAenza","2026-08-15",1,"2026-08-22","Adults","quantile","0.15",69
"INFLAenza","2026-08-15",1,"2026-08-22","Adults","quantile","0.2",77
"INFLAenza","2026-08-15",1,"2026-08-22","Adults","quantile","0.25",84
"INFLAenza","2026-08-15",1,"2026-08-22","Adults","quantile","0.3",91
"INFLAenza","2026-08-15",1,"2026-08-22","Adults","quantile","0.35",97
"INFLAenza","2026-08-15",1,"2026-08-22","Adults","quantile","0.4",105
"INFLAenza","2026-08-15",1,"2026-08-22","Adults","quantile","0.45",111
"INFLAenza","2026-08-15",1,"2026-08-22","Adults","quantile","0.5",118
"INFLAenza","2026-08-15",1,"2026-08-22","Adults","quantile","0.55",126
"INFLAenza","2026-08-15",1,"2026-08-22","Adults","quantile","0.6",135
"INFLAenza","2026-08-15",1,"2026-08-22","Adults","quantile","0.65",144
"INFLAenza","2026-08-15",1,"2026-08-22","Adults","quantile","0.7",154
"INFLAenza","2026-08-15",1,"2026-08-22","Adults","quantile","0.75",165
"INFLAenza","2026-08-15",1,"2026-08-22","Adults","quantile","0.8",180
"INFLAenza","2026-08-15",1,"2026-08-22","Adults","quantile","0.85",199
"INFLAenza","2026-08-15",1,"2026-08-22","Adults","quantile","0.9",226
"INFLAenza","2026-08-15",1,"2026-08-22","Adults","quantile","0.95",271
"INFLAenza","2026-08-15",1,"2026-08-22","Adults","quantile","0.975",310
"INFLAenza","2026-08-15",1,"2026-08-22","Adults","quantile","0.99",367
"INFLAenza","2026-08-15",1,"2026-08-22","Overall","quantile","0.01",93
"INFLAenza","2026-08-15",1,"2026-08-22","Overall","quantile","0.025",110
"INFLAenza","2026-08-15",1,"2026-08-22","Overall","quantile","0.05",128
"INFLAenza","2026-08-15",1,"2026-08-22","Overall","quantile","0.1",151
"INFLAenza","2026-08-15",1,"2026-08-22","Overall","quantile","0.15",169
"INFLAenza","2026-08-15",1,"2026-08-22","Overall","quantile","0.2",184
"INFLAenza","2026-08-15",1,"2026-08-22","Overall","quantile","0.25",197
"INFLAenza","2026-08-15",1,"2026-08-22","Overall","quantile","0.3",211
"INFLAenza","2026-08-15",1,"2026-08-22","Overall","quantile","0.35",225
"INFLAenza","2026-08-15",1,"2026-08-22","Overall","quantile","0.4",239
"INFLAenza","2026-08-15",1,"2026-08-22","Overall","quantile","0.45",252
"INFLAenza","2026-08-15",1,"2026-08-22","Overall","quantile","0.5",264
"INFLAenza","2026-08-15",1,"2026-08-22","Overall","quantile","0.55",278
"INFLAenza","2026-08-15",1,"2026-08-22","Overall","quantile","0.6",295
"INFLAenza","2026-08-15",1,"2026-08-22","Overall","quantile","0.65",312
"INFLAenza","2026-08-15",1,"2026-08-22","Overall","quantile","0.7",332
"INFLAenza","2026-08-15",1,"2026-08-22","Overall","quantile","0.75",354
"INFLAenza","2026-08-15",1,"2026-08-22","Overall","quantile","0.8",378
"INFLAenza","2026-08-15",1,"2026-08-22","Overall","quantile","0.85",416
"INFLAenza","2026-08-15",1,"2026-08-22","Overall","quantile","0.9",454
"INFLAenza","2026-08-15",1,"2026-08-22","Overall","quantile","0.95",526
"INFLAenza","2026-08-15",1,"2026-08-22","Overall","quantile","0.975",595
"INFLAenza","2026-08-15",1,"2026-08-22","Overall","quantile","0.99",680
"INFLAenza","2026-08-15",1,"2026-08-22","Pediatrics","quantile","0.01",43
"INFLAenza","2026-08-15",1,"2026-08-22","Pediatrics","quantile","0.025",52
"INFLAenza","2026-08-15",1,"2026-08-22","Pediatrics","quantile","0.05",60
"INFLAenza","2026-08-15",1,"2026-08-22","Pediatrics","quantile","0.1",73
"INFLAenza","2026-08-15",1,"2026-08-22","Pediatrics","quantile","0.15",83
"INFLAenza","2026-08-15",1,"2026-08-22","Pediatrics","quantile","0.2",92
"INFLAenza","2026-08-15",1,"2026-08-22","Pediatrics","quantile","0.25",99
"INFLAenza","2026-08-15",1,"2026-08-22","Pediatrics","quantile","0.3",107
"INFLAenza","2026-08-15",1,"2026-08-22","Pediatrics","quantile","0.35",115
"INFLAenza","2026-08-15",1,"2026-08-22","Pediatrics","quantile","0.4",123
"INFLAenza","2026-08-15",1,"2026-08-22","Pediatrics","quantile","0.45",131
"INFLAenza","2026-08-15",1,"2026-08-22","Pediatrics","quantile","0.5",139
"INFLAenza","2026-08-15",1,"2026-08-22","Pediatrics","quantile","0.55",148
"INFLAenza","2026-08-15",1,"2026-08-22","Pediatrics","quantile","0.6",157
"INFLAenza","2026-08-15",1,"2026-08-22","Pediatrics","quantile","0.65",168
"INFLAenza","2026-08-15",1,"2026-08-22","Pediatrics","quantile","0.7",180
"INFLAenza","2026-08-15",1,"2026-08-22","Pediatrics","quantile","0.75",192
"INFLAenza","2026-08-15",1,"2026-08-22","Pediatrics","quantile","0.8",207
"INFLAenza","2026-08-15",1,"2026-08-22","Pediatrics","quantile","0.85",229
"INFLAenza","2026-08-15",1,"2026-08-22","Pediatrics","quantile","0.9",258
"INFLAenza","2026-08-15",1,"2026-08-22","Pediatrics","quantile","0.95",307
"INFLAenza","2026-08-15",1,"2026-08-22","Pediatrics","quantile","0.975",350
"INFLAenza","2026-08-15",1,"2026-08-22","Pediatrics","quantile","0.99",406
"INFLAenza","2026-08-15",2,"2026-08-29","Adults","quantile","0.01",32
"INFLAenza","2026-08-15",2,"2026-08-29","Adults","quantile","0.025",40
"INFLAenza","2026-08-15",2,"2026-08-29","Adults","quantile","0.05",49
"INFLAenza","2026-08-15",2,"2026-08-29","Adults","quantile","0.1",61
"INFLAenza","2026-08-15",2,"2026-08-29","Adults","quantile","0.15",70
"INFLAenza","2026-08-15",2,"2026-08-29","Adults","quantile","0.2",77
"INFLAenza","2026-08-15",2,"2026-08-29","Adults","quantile","0.25",84
"INFLAenza","2026-08-15",2,"2026-08-29","Adults","quantile","0.3",90
"INFLAenza","2026-08-15",2,"2026-08-29","Adults","quantile","0.35",97
"INFLAenza","2026-08-15",2,"2026-08-29","Adults","quantile","0.4",104
"INFLAenza","2026-08-15",2,"2026-08-29","Adults","quantile","0.45",111
"INFLAenza","2026-08-15",2,"2026-08-29","Adults","quantile","0.5",118
"INFLAenza","2026-08-15",2,"2026-08-29","Adults","quantile","0.55",126
"INFLAenza","2026-08-15",2,"2026-08-29","Adults","quantile","0.6",135
"INFLAenza","2026-08-15",2,"2026-08-29","Adults","quantile","0.65",145
"INFLAenza","2026-08-15",2,"2026-08-29","Adults","quantile","0.7",157
"INFLAenza","2026-08-15",2,"2026-08-29","Adults","quantile","0.75",170
"INFLAenza","2026-08-15",2,"2026-08-29","Adults","quantile","0.8",186
"INFLAenza","2026-08-15",2,"2026-08-29","Adults","quantile","0.85",204
"INFLAenza","2026-08-15",2,"2026-08-29","Adults","quantile","0.9",229
"INFLAenza","2026-08-15",2,"2026-08-29","Adults","quantile","0.95",276
"INFLAenza","2026-08-15",2,"2026-08-29","Adults","quantile","0.975",323
"INFLAenza","2026-08-15",2,"2026-08-29","Adults","quantile","0.99",379
"INFLAenza","2026-08-15",2,"2026-08-29","Overall","quantile","0.01",88
"INFLAenza","2026-08-15",2,"2026-08-29","Overall","quantile","0.025",107
"INFLAenza","2026-08-15",2,"2026-08-29","Overall","quantile","0.05",127
"INFLAenza","2026-08-15",2,"2026-08-29","Overall","quantile","0.1",151
"INFLAenza","2026-08-15",2,"2026-08-29","Overall","quantile","0.15",169
"INFLAenza","2026-08-15",2,"2026-08-29","Overall","quantile","0.2",184
"INFLAenza","2026-08-15",2,"2026-08-29","Overall","quantile","0.25",199
"INFLAenza","2026-08-15",2,"2026-08-29","Overall","quantile","0.3",212
"INFLAenza","2026-08-15",2,"2026-08-29","Overall","quantile","0.35",225
"INFLAenza","2026-08-15",2,"2026-08-29","Overall","quantile","0.4",238
"INFLAenza","2026-08-15",2,"2026-08-29","Overall","quantile","0.45",251
"INFLAenza","2026-08-15",2,"2026-08-29","Overall","quantile","0.5",266
"INFLAenza","2026-08-15",2,"2026-08-29","Overall","quantile","0.55",283
"INFLAenza","2026-08-15",2,"2026-08-29","Overall","quantile","0.6",300
"INFLAenza","2026-08-15",2,"2026-08-29","Overall","quantile","0.65",317
"INFLAenza","2026-08-15",2,"2026-08-29","Overall","quantile","0.7",338
"INFLAenza","2026-08-15",2,"2026-08-29","Overall","quantile","0.75",360
"INFLAenza","2026-08-15",2,"2026-08-29","Overall","quantile","0.8",388
"INFLAenza","2026-08-15",2,"2026-08-29","Overall","quantile","0.85",422
"INFLAenza","2026-08-15",2,"2026-08-29","Overall","quantile","0.9",473
"INFLAenza","2026-08-15",2,"2026-08-29","Overall","quantile","0.95",547
"INFLAenza","2026-08-15",2,"2026-08-29","Overall","quantile","0.975",618
"INFLAenza","2026-08-15",2,"2026-08-29","Overall","quantile","0.99",710
"INFLAenza","2026-08-15",2,"2026-08-29","Pediatrics","quantile","0.01",40
"INFLAenza","2026-08-15",2,"2026-08-29","Pediatrics","quantile","0.025",49
"INFLAenza","2026-08-15",2,"2026-08-29","Pediatrics","quantile","0.05",59
"INFLAenza","2026-08-15",2,"2026-08-29","Pediatrics","quantile","0.1",72
"INFLAenza","2026-08-15",2,"2026-08-29","Pediatrics","quantile","0.15",83
"INFLAenza","2026-08-15",2,"2026-08-29","Pediatrics","quantile","0.2",91
"INFLAenza","2026-08-15",2,"2026-08-29","Pediatrics","quantile","0.25",99
"INFLAenza","2026-08-15",2,"2026-08-29","Pediatrics","quantile","0.3",107
"INFLAenza","2026-08-15",2,"2026-08-29","Pediatrics","quantile","0.35",115
"INFLAenza","2026-08-15",2,"2026-08-29","Pediatrics","quantile","0.4",124
"INFLAenza","2026-08-15",2,"2026-08-29","Pediatrics","quantile","0.45",132
"INFLAenza","2026-08-15",2,"2026-08-29","Pediatrics","quantile","0.5",140
"INFLAenza","2026-08-15",2,"2026-08-29","Pediatrics","quantile","0.55",149
"INFLAenza","2026-08-15",2,"2026-08-29","Pediatrics","quantile","0.6",159
"INFLAenza","2026-08-15",2,"2026-08-29","Pediatrics","quantile","0.65",170
"INFLAenza","2026-08-15",2,"2026-08-29","Pediatrics","quantile","0.7",182
"INFLAenza","2026-08-15",2,"2026-08-29","Pediatrics","quantile","0.75",195
"INFLAenza","2026-08-15",2,"2026-08-29","Pediatrics","quantile","0.8",212
"INFLAenza","2026-08-15",2,"2026-08-29","Pediatrics","quantile","0.85",234
"INFLAenza","2026-08-15",2,"2026-08-29","Pediatrics","quantile","0.9",268
"INFLAenza","2026-08-15",2,"2026-08-29","Pediatrics","quantile","0.95",320
"INFLAenza","2026-08-15",2,"2026-08-29","Pediatrics","quantile","0.975",369
"INFLAenza","2026-08-15",2,"2026-08-29","Pediatrics","quantile","0.99",430
"INFLAenza","2026-08-15",3,"2026-09-05","Adults","quantile","0.01",31
"INFLAenza","2026-08-15",3,"2026-09-05","Adults","quantile","0.025",41
"INFLAenza","2026-08-15",3,"2026-09-05","Adults","quantile","0.05",49
"INFLAenza","2026-08-15",3,"2026-09-05","Adults","quantile","0.1",60
"INFLAenza","2026-08-15",3,"2026-09-05","Adults","quantile","0.15",68
"INFLAenza","2026-08-15",3,"2026-09-05","Adults","quantile","0.2",77
"INFLAenza","2026-08-15",3,"2026-09-05","Adults","quantile","0.25",85
"INFLAenza","2026-08-15",3,"2026-09-05","Adults","quantile","0.3",92
"INFLAenza","2026-08-15",3,"2026-09-05","Adults","quantile","0.35",98
"INFLAenza","2026-08-15",3,"2026-09-05","Adults","quantile","0.4",105
"INFLAenza","2026-08-15",3,"2026-09-05","Adults","quantile","0.45",112
"INFLAenza","2026-08-15",3,"2026-09-05","Adults","quantile","0.5",119
"INFLAenza","2026-08-15",3,"2026-09-05","Adults","quantile","0.55",128
"INFLAenza","2026-08-15",3,"2026-09-05","Adults","quantile","0.6",137
"INFLAenza","2026-08-15",3,"2026-09-05","Adults","quantile","0.65",146
"INFLAenza","2026-08-15",3,"2026-09-05","Adults","quantile","0.7",157
"INFLAenza","2026-08-15",3,"2026-09-05","Adults","quantile","0.75",170
"INFLAenza","2026-08-15",3,"2026-09-05","Adults","quantile","0.8",190
"INFLAenza","2026-08-15",3,"2026-09-05","Adults","quantile","0.85",212
"INFLAenza","2026-08-15",3,"2026-09-05","Adults","quantile","0.9",240
"INFLAenza","2026-08-15",3,"2026-09-05","Adults","quantile","0.95",288
"INFLAenza","2026-08-15",3,"2026-09-05","Adults","quantile","0.975",340
"INFLAenza","2026-08-15",3,"2026-09-05","Adults","quantile","0.99",392
"INFLAenza","2026-08-15",3,"2026-09-05","Overall","quantile","0.01",85
"INFLAenza","2026-08-15",3,"2026-09-05","Overall","quantile","0.025",104
"INFLAenza","2026-08-15",3,"2026-09-05","Overall","quantile","0.05",124
"INFLAenza","2026-08-15",3,"2026-09-05","Overall","quantile","0.1",150
"INFLAenza","2026-08-15",3,"2026-09-05","Overall","quantile","0.15",167
"INFLAenza","2026-08-15",3,"2026-09-05","Overall","quantile","0.2",183
"INFLAenza","2026-08-15",3,"2026-09-05","Overall","quantile","0.25",198
"INFLAenza","2026-08-15",3,"2026-09-05","Overall","quantile","0.3",212
"INFLAenza","2026-08-15",3,"2026-09-05","Overall","quantile","0.35",225
"INFLAenza","2026-08-15",3,"2026-09-05","Overall","quantile","0.4",239
"INFLAenza","2026-08-15",3,"2026-09-05","Overall","quantile","0.45",254
"INFLAenza","2026-08-15",3,"2026-09-05","Overall","quantile","0.5",270
"INFLAenza","2026-08-15",3,"2026-09-05","Overall","quantile","0.55",286
"INFLAenza","2026-08-15",3,"2026-09-05","Overall","quantile","0.6",305
"INFLAenza","2026-08-15",3,"2026-09-05","Overall","quantile","0.65",323
"INFLAenza","2026-08-15",3,"2026-09-05","Overall","quantile","0.7",343
"INFLAenza","2026-08-15",3,"2026-09-05","Overall","quantile","0.75",369
"INFLAenza","2026-08-15",3,"2026-09-05","Overall","quantile","0.8",398
"INFLAenza","2026-08-15",3,"2026-09-05","Overall","quantile","0.85",431
"INFLAenza","2026-08-15",3,"2026-09-05","Overall","quantile","0.9",482
"INFLAenza","2026-08-15",3,"2026-09-05","Overall","quantile","0.95",571
"INFLAenza","2026-08-15",3,"2026-09-05","Overall","quantile","0.975",649
"INFLAenza","2026-08-15",3,"2026-09-05","Overall","quantile","0.99",765
"INFLAenza","2026-08-15",3,"2026-09-05","Pediatrics","quantile","0.01",38
"INFLAenza","2026-08-15",3,"2026-09-05","Pediatrics","quantile","0.025",46
"INFLAenza","2026-08-15",3,"2026-09-05","Pediatrics","quantile","0.05",57
"INFLAenza","2026-08-15",3,"2026-09-05","Pediatrics","quantile","0.1",71
"INFLAenza","2026-08-15",3,"2026-09-05","Pediatrics","quantile","0.15",81
"INFLAenza","2026-08-15",3,"2026-09-05","Pediatrics","quantile","0.2",90
"INFLAenza","2026-08-15",3,"2026-09-05","Pediatrics","quantile","0.25",99
"INFLAenza","2026-08-15",3,"2026-09-05","Pediatrics","quantile","0.3",107
"INFLAenza","2026-08-15",3,"2026-09-05","Pediatrics","quantile","0.35",115
"INFLAenza","2026-08-15",3,"2026-09-05","Pediatrics","quantile","0.4",123
"INFLAenza","2026-08-15",3,"2026-09-05","Pediatrics","quantile","0.45",131
"INFLAenza","2026-08-15",3,"2026-09-05","Pediatrics","quantile","0.5",142
"INFLAenza","2026-08-15",3,"2026-09-05","Pediatrics","quantile","0.55",152
"INFLAenza","2026-08-15",3,"2026-09-05","Pediatrics","quantile","0.6",162
"INFLAenza","2026-08-15",3,"2026-09-05","Pediatrics","quantile","0.65",174
"INFLAenza","2026-08-15",3,"2026-09-05","Pediatrics","quantile","0.7",185
"INFLAenza","2026-08-15",3,"2026-09-05","Pediatrics","quantile","0.75",200
"INFLAenza","2026-08-15",3,"2026-09-05","Pediatrics","quantile","0.8",219
"INFLAenza","2026-08-15",3,"2026-09-05","Pediatrics","quantile","0.85",239
"INFLAenza","2026-08-15",3,"2026-09-05","Pediatrics","quantile","0.9",275
"INFLAenza","2026-08-15",3,"2026-09-05","Pediatrics","quantile","0.95",329
"INFLAenza","2026-08-15",3,"2026-09-05","Pediatrics","quantile","0.975",377
"INFLAenza","2026-08-15",3,"2026-09-05","Pediatrics","quantile","0.99",464
"Copycat","2026-08-15",-8,"2026-06-20","Adults","quantile","0.01",78
"Copycat","2026-08-15",-8,"2026-06-20","Adults","quantile","0.025",83
"Copycat","2026-08-15",-8,"2026-06-20","Adults","quantile","0.05",87
"Copycat","2026-08-15",-8,"2026-06-20","Adults","quantile","0.1",91
"Copycat","2026-08-15",-8,"2026-06-20","Adults","quantile","0.15",93
"Copycat","2026-08-15",-8,"2026-06-20","Adults","quantile","0.2",95
"Copycat","2026-08-15",-8,"2026-06-20","Adults","quantile","0.25",97
"Copycat","2026-08-15",-8,"2026-06-20","Adults","quantile","0.3",98
"Copycat","2026-08-15",-8,"2026-06-20","Adults","quantile","0.35",100
"Copycat","2026-08-15",-8,"2026-06-20","Adults","quantile","0.4",101
"Copycat","2026-08-15",-8,"2026-06-20","Adults","quantile","0.45",103
"Copycat","2026-08-15",-8,"2026-06-20","Adults","quantile","0.5",104
"Copycat","2026-08-15",-8,"2026-06-20","Adults","quantile","0.55",106
"Copycat","2026-08-15",-8,"2026-06-20","Adults","quantile","0.6",107
"Copycat","2026-08-15",-8,"2026-06-20","Adults","quantile","0.65",109
"Copycat","2026-08-15",-8,"2026-06-20","Adults","quantile","0.7",110
"Copycat","2026-08-15",-8,"2026-06-20","Adults","quantile","0.75",112
"Copycat","2026-08-15",-8,"2026-06-20","Adults","quantile","0.8",114
"Copycat","2026-08-15",-8,"2026-06-20","Adults","quantile","0.85",117
"Copycat","2026-08-15",-8,"2026-06-20","Adults","quantile","0.9",120
"Copycat","2026-08-15",-8,"2026-06-20","Adults","quantile","0.95",126
"Copycat","2026-08-15",-8,"2026-06-20","Adults","quantile","0.975",129
"Copycat","2026-08-15",-8,"2026-06-20","Adults","quantile","0.99",133
"Copycat","2026-08-15",-7,"2026-06-27","Adults","quantile","0.01",80
"Copycat","2026-08-15",-7,"2026-06-27","Adults","quantile","0.025",82
"Copycat","2026-08-15",-7,"2026-06-27","Adults","quantile","0.05",85
"Copycat","2026-08-15",-7,"2026-06-27","Adults","quantile","0.1",88
"Copycat","2026-08-15",-7,"2026-06-27","Adults","quantile","0.15",92
"Copycat","2026-08-15",-7,"2026-06-27","Adults","quantile","0.2",94
"Copycat","2026-08-15",-7,"2026-06-27","Adults","quantile","0.25",96
"Copycat","2026-08-15",-7,"2026-06-27","Adults","quantile","0.3",98
"Copycat","2026-08-15",-7,"2026-06-27","Adults","quantile","0.35",100
"Copycat","2026-08-15",-7,"2026-06-27","Adults","quantile","0.4",102
"Copycat","2026-08-15",-7,"2026-06-27","Adults","quantile","0.45",104
"Copycat","2026-08-15",-7,"2026-06-27","Adults","quantile","0.5",105
"Copycat","2026-08-15",-7,"2026-06-27","Adults","quantile","0.55",107
"Copycat","2026-08-15",-7,"2026-06-27","Adults","quantile","0.6",109
"Copycat","2026-08-15",-7,"2026-06-27","Adults","quantile","0.65",111
"Copycat","2026-08-15",-7,"2026-06-27","Adults","quantile","0.7",113
"Copycat","2026-08-15",-7,"2026-06-27","Adults","quantile","0.75",114
"Copycat","2026-08-15",-7,"2026-06-27","Adults","quantile","0.8",117
"Copycat","2026-08-15",-7,"2026-06-27","Adults","quantile","0.85",120
"Copycat","2026-08-15",-7,"2026-06-27","Adults","quantile","0.9",123
"Copycat","2026-08-15",-7,"2026-06-27","Adults","quantile","0.95",129
"Copycat","2026-08-15",-7,"2026-06-27","Adults","quantile","0.975",134
"Copycat","2026-08-15",-7,"2026-06-27","Adults","quantile","0.99",141
"Copycat","2026-08-15",-6,"2026-07-04","Adults","quantile","0.01",75
"Copycat","2026-08-15",-6,"2026-07-04","Adults","quantile","0.025",80
"Copycat","2026-08-15",-6,"2026-07-04","Adults","quantile","0.05",84
"Copycat","2026-08-15",-6,"2026-07-04","Adults","quantile","0.1",88
"Copycat","2026-08-15",-6,"2026-07-04","Adults","quantile","0.15",91
"Copycat","2026-08-15",-6,"2026-07-04","Adults","quantile","0.2",94
"Copycat","2026-08-15",-6,"2026-07-04","Adults","quantile","0.25",96
"Copycat","2026-08-15",-6,"2026-07-04","Adults","quantile","0.3",98
"Copycat","2026-08-15",-6,"2026-07-04","Adults","quantile","0.35",100
"Copycat","2026-08-15",-6,"2026-07-04","Adults","quantile","0.4",102
"Copycat","2026-08-15",-6,"2026-07-04","Adults","quantile","0.45",103
"Copycat","2026-08-15",-6,"2026-07-04","Adults","quantile","0.5",105
"Copycat","2026-08-15",-6,"2026-07-04","Adults","quantile","0.55",107
"Copycat","2026-08-15",-6,"2026-07-04","Adults","quantile","0.6",109
"Copycat","2026-08-15",-6,"2026-07-04","Adults","quantile","0.65",111
"Copycat","2026-08-15",-6,"2026-07-04","Adults","quantile","0.7",113
"Copycat","2026-08-15",-6,"2026-07-04","Adults","quantile","0.75",116
"Copycat","2026-08-15",-6,"2026-07-04","Adults","quantile","0.8",118
"Copycat","2026-08-15",-6,"2026-07-04","Adults","quantile","0.85",122
"Copycat","2026-08-15",-6,"2026-07-04","Adults","quantile","0.9",127
"Copycat","2026-08-15",-6,"2026-07-04","Adults","quantile","0.95",132
"Copycat","2026-08-15",-6,"2026-07-04","Adults","quantile","0.975",140
"Copycat","2026-08-15",-6,"2026-07-04","Adults","quantile","0.99",147
"Copycat","2026-08-15",-5,"2026-07-11","Adults","quantile","0.01",71
"Copycat","2026-08-15",-5,"2026-07-11","Adults","quantile","0.025",76
"Copycat","2026-08-15",-5,"2026-07-11","Adults","quantile","0.05",81
"Copycat","2026-08-15",-5,"2026-07-11","Adults","quantile","0.1",86
"Copycat","2026-08-15",-5,"2026-07-11","Adults","quantile","0.15",90
"Copycat","2026-08-15",-5,"2026-07-11","Adults","quantile","0.2",92
"Copycat","2026-08-15",-5,"2026-07-11","Adults","quantile","0.25",95
"Copycat","2026-08-15",-5,"2026-07-11","Adults","quantile","0.3",97
"Copycat","2026-08-15",-5,"2026-07-11","Adults","quantile","0.35",99
"Copycat","2026-08-15",-5,"2026-07-11","Adults","quantile","0.4",101
"Copycat","2026-08-15",-5,"2026-07-11","Adults","quantile","0.45",103
"Copycat","2026-08-15",-5,"2026-07-11","Adults","quantile","0.5",105
"Copycat","2026-08-15",-5,"2026-07-11","Adults","quantile","0.55",107
"Copycat","2026-08-15",-5,"2026-07-11","Adults","quantile","0.6",109
"Copycat","2026-08-15",-5,"2026-07-11","Adults","quantile","0.65",112
"Copycat","2026-08-15",-5,"2026-07-11","Adults","quantile","0.7",114
"Copycat","2026-08-15",-5,"2026-07-11","Adults","quantile","0.75",117
"Copycat","2026-08-15",-5,"2026-07-11","Adults","quantile","0.8",120
"Copycat","2026-08-15",-5,"2026-07-11","Adults","quantile","0.85",124
"Copycat","2026-08-15",-5,"2026-07-11","Adults","quantile","0.9",130
"Copycat","2026-08-15",-5,"2026-07-11","Adults","quantile","0.95",138
"Copycat","2026-08-15",-5,"2026-07-11","Adults","quantile","0.975",145
"Copycat","2026-08-15",-5,"2026-07-11","Adults","quantile","0.99",154
"Copycat","2026-08-15",-4,"2026-07-18","Adults","quantile","0.01",71
"Copycat","2026-08-15",-4,"2026-07-18","Adults","quantile","0.025",75
"Copycat","2026-08-15",-4,"2026-07-18","Adults","quantile","0.05",77
"Copycat","2026-08-15",-4,"2026-07-18","Adults","quantile","0.1",82
"Copycat","2026-08-15",-4,"2026-07-18","Adults","quantile","0.15",86
"Copycat","2026-08-15",-4,"2026-07-18","Adults","quantile","0.2",89
"Copycat","2026-08-15",-4,"2026-07-18","Adults","quantile","0.25",91
"Copycat","2026-08-15",-4,"2026-07-18","Adults","quantile","0.3",94
"Copycat","2026-08-15",-4,"2026-07-18","Adults","quantile","0.35",96
"Copycat","2026-08-15",-4,"2026-07-18","Adults","quantile","0.4",99
"Copycat","2026-08-15",-4,"2026-07-18","Adults","quantile","0.45",101
"Copycat","2026-08-15",-4,"2026-07-18","Adults","quantile","0.5",104
"Copycat","2026-08-15",-4,"2026-07-18","Adults","quantile","0.55",105
"Copycat","2026-08-15",-4,"2026-07-18","Adults","quantile","0.6",108
"Copycat","2026-08-15",-4,"2026-07-18","Adults","quantile","0.65",111
"Copycat","2026-08-15",-4,"2026-07-18","Adults","quantile","0.7",114
"Copycat","2026-08-15",-4,"2026-07-18","Adults","quantile","0.75",117
"Copycat","2026-08-15",-4,"2026-07-18","Adults","quantile","0.8",122
"Copycat","2026-08-15",-4,"2026-07-18","Adults","quantile","0.85",127
"Copycat","2026-08-15",-4,"2026-07-18","Adults","quantile","0.9",133
"Copycat","2026-08-15",-4,"2026-07-18","Adults","quantile","0.95",143
"Copycat","2026-08-15",-4,"2026-07-18","Adults","quantile","0.975",150
"Copycat","2026-08-15",-4,"2026-07-18","Adults","quantile","0.99",158
"Copycat","2026-08-15",-3,"2026-07-25","Adults","quantile","0.01",66
"Copycat","2026-08-15",-3,"2026-07-25","Adults","quantile","0.025",71
"Copycat","2026-08-15",-3,"2026-07-25","Adults","quantile","0.05",76
"Copycat","2026-08-15",-3,"2026-07-25","Adults","quantile","0.1",80
"Copycat","2026-08-15",-3,"2026-07-25","Adults","quantile","0.15",83
"Copycat","2026-08-15",-3,"2026-07-25","Adults","quantile","0.2",86
"Copycat","2026-08-15",-3,"2026-07-25","Adults","quantile","0.25",88
"Copycat","2026-08-15",-3,"2026-07-25","Adults","quantile","0.3",91
"Copycat","2026-08-15",-3,"2026-07-25","Adults","quantile","0.35",93
"Copycat","2026-08-15",-3,"2026-07-25","Adults","quantile","0.4",96
"Copycat","2026-08-15",-3,"2026-07-25","Adults","quantile","0.45",98
"Copycat","2026-08-15",-3,"2026-07-25","Adults","quantile","0.5",101
"Copycat","2026-08-15",-3,"2026-07-25","Adults","quantile","0.55",103
"Copycat","2026-08-15",-3,"2026-07-25","Adults","quantile","0.6",105
"Copycat","2026-08-15",-3,"2026-07-25","Adults","quantile","0.65",108
"Copycat","2026-08-15",-3,"2026-07-25","Adults","quantile","0.7",111
"Copycat","2026-08-15",-3,"2026-07-25","Adults","quantile","0.75",116
"Copycat","2026-08-15",-3,"2026-07-25","Adults","quantile","0.8",120
"Copycat","2026-08-15",-3,"2026-07-25","Adults","quantile","0.85",126
"Copycat","2026-08-15",-3,"2026-07-25","Adults","quantile","0.9",133
"Copycat","2026-08-15",-3,"2026-07-25","Adults","quantile","0.95",144
"Copycat","2026-08-15",-3,"2026-07-25","Adults","quantile","0.975",154
"Copycat","2026-08-15",-3,"2026-07-25","Adults","quantile","0.99",167
"Copycat","2026-08-15",-2,"2026-08-01","Adults","quantile","0.01",63
"Copycat","2026-08-15",-2,"2026-08-01","Adults","quantile","0.025",70
"Copycat","2026-08-15",-2,"2026-08-01","Adults","quantile","0.05",72
"Copycat","2026-08-15",-2,"2026-08-01","Adults","quantile","0.1",77
"Copycat","2026-08-15",-2,"2026-08-01","Adults","quantile","0.15",81
"Copycat","2026-08-15",-2,"2026-08-01","Adults","quantile","0.2",84
"Copycat","2026-08-15",-2,"2026-08-01","Adults","quantile","0.25",87
"Copycat","2026-08-15",-2,"2026-08-01","Adults","quantile","0.3",89
"Copycat","2026-08-15",-2,"2026-08-01","Adults","quantile","0.35",91
"Copycat","2026-08-15",-2,"2026-08-01","Adults","quantile","0.4",93
"Copycat","2026-08-15",-2,"2026-08-01","Adults","quantile","0.45",96
"Copycat","2026-08-15",-2,"2026-08-01","Adults","quantile","0.5",98
"Copycat","2026-08-15",-2,"2026-08-01","Adults","quantile","0.55",100
"Copycat","2026-08-15",-2,"2026-08-01","Adults","quantile","0.6",103
"Copycat","2026-08-15",-2,"2026-08-01","Adults","quantile","0.65",107
"Copycat","2026-08-15",-2,"2026-08-01","Adults","quantile","0.7",110
"Copycat","2026-08-15",-2,"2026-08-01","Adults","quantile","0.75",114
"Copycat","2026-08-15",-2,"2026-08-01","Adults","quantile","0.8",120
"Copycat","2026-08-15",-2,"2026-08-01","Adults","quantile","0.85",125
"Copycat","2026-08-15",-2,"2026-08-01","Adults","quantile","0.9",133
"Copycat","2026-08-15",-2,"2026-08-01","Adults","quantile","0.95",146
"Copycat","2026-08-15",-2,"2026-08-01","Adults","quantile","0.975",155
"Copycat","2026-08-15",-2,"2026-08-01","Adults","quantile","0.99",167
"Copycat","2026-08-15",-1,"2026-08-08","Adults","quantile","0.01",59
"Copycat","2026-08-15",-1,"2026-08-08","Adults","quantile","0.025",65
"Copycat","2026-08-15",-1,"2026-08-08","Adults","quantile","0.05",69
"Copycat","2026-08-15",-1,"2026-08-08","Adults","quantile","0.1",73
"Copycat","2026-08-15",-1,"2026-08-08","Adults","quantile","0.15",77
"Copycat","2026-08-15",-1,"2026-08-08","Adults","quantile","0.2",79
"Copycat","2026-08-15",-1,"2026-08-08","Adults","quantile","0.25",82
"Copycat","2026-08-15",-1,"2026-08-08","Adults","quantile","0.3",85
"Copycat","2026-08-15",-1,"2026-08-08","Adults","quantile","0.35",87
"Copycat","2026-08-15",-1,"2026-08-08","Adults","quantile","0.4",90
"Copycat","2026-08-15",-1,"2026-08-08","Adults","quantile","0.45",93
"Copycat","2026-08-15",-1,"2026-08-08","Adults","quantile","0.5",95
"Copycat","2026-08-15",-1,"2026-08-08","Adults","quantile","0.55",98
"Copycat","2026-08-15",-1,"2026-08-08","Adults","quantile","0.6",101
"Copycat","2026-08-15",-1,"2026-08-08","Adults","quantile","0.65",105
"Copycat","2026-08-15",-1,"2026-08-08","Adults","quantile","0.7",108
"Copycat","2026-08-15",-1,"2026-08-08","Adults","quantile","0.75",113
"Copycat","2026-08-15",-1,"2026-08-08","Adults","quantile","0.8",119
"Copycat","2026-08-15",-1,"2026-08-08","Adults","quantile","0.85",125
"Copycat","2026-08-15",-1,"2026-08-08","Adults","quantile","0.9",133
"Copycat","2026-08-15",-1,"2026-08-08","Adults","quantile","0.95",147
"Copycat","2026-08-15",-1,"2026-08-08","Adults","quantile","0.975",157
"Copycat","2026-08-15",-1,"2026-08-08","Adults","quantile","0.99",167
"Copycat","2026-08-15",0,"2026-08-15","Adults","quantile","0.01",59
"Copycat","2026-08-15",0,"2026-08-15","Adults","quantile","0.025",62
"Copycat","2026-08-15",0,"2026-08-15","Adults","quantile","0.05",66
"Copycat","2026-08-15",0,"2026-08-15","Adults","quantile","0.1",71
"Copycat","2026-08-15",0,"2026-08-15","Adults","quantile","0.15",74
"Copycat","2026-08-15",0,"2026-08-15","Adults","quantile","0.2",77
"Copycat","2026-08-15",0,"2026-08-15","Adults","quantile","0.25",79
"Copycat","2026-08-15",0,"2026-08-15","Adults","quantile","0.3",82
"Copycat","2026-08-15",0,"2026-08-15","Adults","quantile","0.35",84
"Copycat","2026-08-15",0,"2026-08-15","Adults","quantile","0.4",87
"Copycat","2026-08-15",0,"2026-08-15","Adults","quantile","0.45",89
"Copycat","2026-08-15",0,"2026-08-15","Adults","quantile","0.5",91
"Copycat","2026-08-15",0,"2026-08-15","Adults","quantile","0.55",95
"Copycat","2026-08-15",0,"2026-08-15","Adults","quantile","0.6",98
"Copycat","2026-08-15",0,"2026-08-15","Adults","quantile","0.65",101
"Copycat","2026-08-15",0,"2026-08-15","Adults","quantile","0.7",104
"Copycat","2026-08-15",0,"2026-08-15","Adults","quantile","0.75",109
"Copycat","2026-08-15",0,"2026-08-15","Adults","quantile","0.8",114
"Copycat","2026-08-15",0,"2026-08-15","Adults","quantile","0.85",120
"Copycat","2026-08-15",0,"2026-08-15","Adults","quantile","0.9",129
"Copycat","2026-08-15",0,"2026-08-15","Adults","quantile","0.95",144
"Copycat","2026-08-15",0,"2026-08-15","Adults","quantile","0.975",157
"Copycat","2026-08-15",0,"2026-08-15","Adults","quantile","0.99",169
"Copycat","2026-08-15",1,"2026-08-22","Adults","quantile","0.01",53
"Copycat","2026-08-15",1,"2026-08-22","Adults","quantile","0.025",57
"Copycat","2026-08-15",1,"2026-08-22","Adults","quantile","0.05",62
"Copycat","2026-08-15",1,"2026-08-22","Adults","quantile","0.1",67
"Copycat","2026-08-15",1,"2026-08-22","Adults","quantile","0.15",70
"Copycat","2026-08-15",1,"2026-08-22","Adults","quantile","0.2",73
"Copycat","2026-08-15",1,"2026-08-22","Adults","quantile","0.25",76
"Copycat","2026-08-15",1,"2026-08-22","Adults","quantile","0.3",79
"Copycat","2026-08-15",1,"2026-08-22","Adults","quantile","0.35",81
"Copycat","2026-08-15",1,"2026-08-22","Adults","quantile","0.4",84
"Copycat","2026-08-15",1,"2026-08-22","Adults","quantile","0.45",86
"Copycat","2026-08-15",1,"2026-08-22","Adults","quantile","0.5",89
"Copycat","2026-08-15",1,"2026-08-22","Adults","quantile","0.55",92
"Copycat","2026-08-15",1,"2026-08-22","Adults","quantile","0.6",95
"Copycat","2026-08-15",1,"2026-08-22","Adults","quantile","0.65",97
"Copycat","2026-08-15",1,"2026-08-22","Adults","quantile","0.7",101
"Copycat","2026-08-15",1,"2026-08-22","Adults","quantile","0.75",106
"Copycat","2026-08-15",1,"2026-08-22","Adults","quantile","0.8",111
"Copycat","2026-08-15",1,"2026-08-22","Adults","quantile","0.85",118
"Copycat","2026-08-15",1,"2026-08-22","Adults","quantile","0.9",126
"Copycat","2026-08-15",1,"2026-08-22","Adults","quantile","0.95",140
"Copycat","2026-08-15",1,"2026-08-22","Adults","quantile","0.975",151
"Copycat","2026-08-15",1,"2026-08-22","Adults","quantile","0.99",166
"Copycat","2026-08-15",2,"2026-08-29","Adults","quantile","0.01",48
"Copycat","2026-08-15",2,"2026-08-29","Adults","quantile","0.025",54
"Copycat","2026-08-15",2,"2026-08-29","Adults","quantile","0.05",58
"Copycat","2026-08-15",2,"2026-08-29","Adults","quantile","0.1",63
"Copycat","2026-08-15",2,"2026-08-29","Adults","quantile","0.15",67
"Copycat","2026-08-15",2,"2026-08-29","Adults","quantile","0.2",70
"Copycat","2026-08-15",2,"2026-08-29","Adults","quantile","0.25",73
"Copycat","2026-08-15",2,"2026-08-29","Adults","quantile","0.3",75
"Copycat","2026-08-15",2,"2026-08-29","Adults","quantile","0.35",78
"Copycat","2026-08-15",2,"2026-08-29","Adults","quantile","0.4",80
"Copycat","2026-08-15",2,"2026-08-29","Adults","quantile","0.45",83
"Copycat","2026-08-15",2,"2026-08-29","Adults","quantile","0.5",86
"Copycat","2026-08-15",2,"2026-08-29","Adults","quantile","0.55",88
"Copycat","2026-08-15",2,"2026-08-29","Adults","quantile","0.6",91
"Copycat","2026-08-15",2,"2026-08-29","Adults","quantile","0.65",94
"Copycat","2026-08-15",2,"2026-08-29","Adults","quantile","0.7",98
"Copycat","2026-08-15",2,"2026-08-29","Adults","quantile","0.75",102
"Copycat","2026-08-15",2,"2026-08-29","Adults","quantile","0.8",107
"Copycat","2026-08-15",2,"2026-08-29","Adults","quantile","0.85",113
"Copycat","2026-08-15",2,"2026-08-29","Adults","quantile","0.9",123
"Copycat","2026-08-15",2,"2026-08-29","Adults","quantile","0.95",135
"Copycat","2026-08-15",2,"2026-08-29","Adults","quantile","0.975",147
"Copycat","2026-08-15",2,"2026-08-29","Adults","quantile","0.99",160
"Copycat","2026-08-15",3,"2026-09-05","Adults","quantile","0.01",47
"Copycat","2026-08-15",3,"2026-09-05","Adults","quantile","0.025",50
"Copycat","2026-08-15",3,"2026-09-05","Adults","quantile","0.05",54
"Copycat","2026-08-15",3,"2026-09-05","Adults","quantile","0.1",58
"Copycat","2026-08-15",3,"2026-09-05","Adults","quantile","0.15",62
"Copycat","2026-08-15",3,"2026-09-05","Adults","quantile","0.2",66
"Copycat","2026-08-15",3,"2026-09-05","Adults","quantile","0.25",69
"Copycat","2026-08-15",3,"2026-09-05","Adults","quantile","0.3",72
"Copycat","2026-08-15",3,"2026-09-05","Adults","quantile","0.35",74
"Copycat","2026-08-15",3,"2026-09-05","Adults","quantile","0.4",76
"Copycat","2026-08-15",3,"2026-09-05","Adults","quantile","0.45",79
"Copycat","2026-08-15",3,"2026-09-05","Adults","quantile","0.5",82
"Copycat","2026-08-15",3,"2026-09-05","Adults","quantile","0.55",84
"Copycat","2026-08-15",3,"2026-09-05","Adults","quantile","0.6",87
"Copycat","2026-08-15",3,"2026-09-05","Adults","quantile","0.65",90
"Copycat","2026-08-15",3,"2026-09-05","Adults","quantile","0.7",94
"Copycat","2026-08-15",3,"2026-09-05","Adults","quantile","0.75",98
"Copycat","2026-08-15",3,"2026-09-05","Adults","quantile","0.8",102
"Copycat","2026-08-15",3,"2026-09-05","Adults","quantile","0.85",108
"Copycat","2026-08-15",3,"2026-09-05","Adults","quantile","0.9",119
"Copycat","2026-08-15",3,"2026-09-05","Adults","quantile","0.95",131
"Copycat","2026-08-15",3,"2026-09-05","Adults","quantile","0.975",146
"Copycat","2026-08-15",3,"2026-09-05","Adults","quantile","0.99",155
"Copycat","2026-08-15",-8,"2026-06-20","Overall","quantile","0.01",187
"Copycat","2026-08-15",-8,"2026-06-20","Overall","quantile","0.025",195
"Copycat","2026-08-15",-8,"2026-06-20","Overall","quantile","0.05",204
"Copycat","2026-08-15",-8,"2026-06-20","Overall","quantile","0.1",209
"Copycat","2026-08-15",-8,"2026-06-20","Overall","quantile","0.15",213
"Copycat","2026-08-15",-8,"2026-06-20","Overall","quantile","0.2",217
"Copycat","2026-08-15",-8,"2026-06-20","Overall","quantile","0.25",220
"Copycat","2026-08-15",-8,"2026-06-20","Overall","quantile","0.3",223
"Copycat","2026-08-15",-8,"2026-06-20","Overall","quantile","0.35",226
"Copycat","2026-08-15",-8,"2026-06-20","Overall","quantile","0.4",228
"Copycat","2026-08-15",-8,"2026-06-20","Overall","quantile","0.45",230
"Copycat","2026-08-15",-8,"2026-06-20","Overall","quantile","0.5",232
"Copycat","2026-08-15",-8,"2026-06-20","Overall","quantile","0.55",235
"Copycat","2026-08-15",-8,"2026-06-20","Overall","quantile","0.6",238
"Copycat","2026-08-15",-8,"2026-06-20","Overall","quantile","0.65",241
"Copycat","2026-08-15",-8,"2026-06-20","Overall","quantile","0.7",243
"Copycat","2026-08-15",-8,"2026-06-20","Overall","quantile","0.75",246
"Copycat","2026-08-15",-8,"2026-06-20","Overall","quantile","0.8",249
"Copycat","2026-08-15",-8,"2026-06-20","Overall","quantile","0.85",252
"Copycat","2026-08-15",-8,"2026-06-20","Overall","quantile","0.9",256
"Copycat","2026-08-15",-8,"2026-06-20","Overall","quantile","0.95",265
"Copycat","2026-08-15",-8,"2026-06-20","Overall","quantile","0.975",271
"Copycat","2026-08-15",-8,"2026-06-20","Overall","quantile","0.99",276
"Copycat","2026-08-15",-7,"2026-06-27","Overall","quantile","0.01",188
"Copycat","2026-08-15",-7,"2026-06-27","Overall","quantile","0.025",192
"Copycat","2026-08-15",-7,"2026-06-27","Overall","quantile","0.05",198
"Copycat","2026-08-15",-7,"2026-06-27","Overall","quantile","0.1",205
"Copycat","2026-08-15",-7,"2026-06-27","Overall","quantile","0.15",210
"Copycat","2026-08-15",-7,"2026-06-27","Overall","quantile","0.2",214
"Copycat","2026-08-15",-7,"2026-06-27","Overall","quantile","0.25",217
"Copycat","2026-08-15",-7,"2026-06-27","Overall","quantile","0.3",220
"Copycat","2026-08-15",-7,"2026-06-27","Overall","quantile","0.35",224
"Copycat","2026-08-15",-7,"2026-06-27","Overall","quantile","0.4",227
"Copycat","2026-08-15",-7,"2026-06-27","Overall","quantile","0.45",230
"Copycat","2026-08-15",-7,"2026-06-27","Overall","quantile","0.5",234
"Copycat","2026-08-15",-7,"2026-06-27","Overall","quantile","0.55",237
"Copycat","2026-08-15",-7,"2026-06-27","Overall","quantile","0.6",241
"Copycat","2026-08-15",-7,"2026-06-27","Overall","quantile","0.65",243
"Copycat","2026-08-15",-7,"2026-06-27","Overall","quantile","0.7",247
"Copycat","2026-08-15",-7,"2026-06-27","Overall","quantile","0.75",250
"Copycat","2026-08-15",-7,"2026-06-27","Overall","quantile","0.8",255
"Copycat","2026-08-15",-7,"2026-06-27","Overall","quantile","0.85",261
"Copycat","2026-08-15",-7,"2026-06-27","Overall","quantile","0.9",267
"Copycat","2026-08-15",-7,"2026-06-27","Overall","quantile","0.95",276
"Copycat","2026-08-15",-7,"2026-06-27","Overall","quantile","0.975",283
"Copycat","2026-08-15",-7,"2026-06-27","Overall","quantile","0.99",295
"Copycat","2026-08-15",-6,"2026-07-04","Overall","quantile","0.01",182
"Copycat","2026-08-15",-6,"2026-07-04","Overall","quantile","0.025",188
"Copycat","2026-08-15",-6,"2026-07-04","Overall","quantile","0.05",195
"Copycat","2026-08-15",-6,"2026-07-04","Overall","quantile","0.1",200
"Copycat","2026-08-15",-6,"2026-07-04","Overall","quantile","0.15",205
"Copycat","2026-08-15",-6,"2026-07-04","Overall","quantile","0.2",208
"Copycat","2026-08-15",-6,"2026-07-04","Overall","quantile","0.25",212
"Copycat","2026-08-15",-6,"2026-07-04","Overall","quantile","0.3",217
"Copycat","2026-08-15",-6,"2026-07-04","Overall","quantile","0.35",221
"Copycat","2026-08-15",-6,"2026-07-04","Overall","quantile","0.4",224
"Copycat","2026-08-15",-6,"2026-07-04","Overall","quantile","0.45",230
"Copycat","2026-08-15",-6,"2026-07-04","Overall","quantile","0.5",233
"Copycat","2026-08-15",-6,"2026-07-04","Overall","quantile","0.55",237
"Copycat","2026-08-15",-6,"2026-07-04","Overall","quantile","0.6",241
"Copycat","2026-08-15",-6,"2026-07-04","Overall","quantile","0.65",245
"Copycat","2026-08-15",-6,"2026-07-04","Overall","quantile","0.7",250
"Copycat","2026-08-15",-6,"2026-07-04","Overall","quantile","0.75",255
"Copycat","2026-08-15",-6,"2026-07-04","Overall","quantile","0.8",260
"Copycat","2026-08-15",-6,"2026-07-04","Overall","quantile","0.85",269
"Copycat","2026-08-15",-6,"2026-07-04","Overall","quantile","0.9",278
"Copycat","2026-08-15",-6,"2026-07-04","Overall","quantile","0.95",292
"Copycat","2026-08-15",-6,"2026-07-04","Overall","quantile","0.975",301
"Copycat","2026-08-15",-6,"2026-07-04","Overall","quantile","0.99",320
"Copycat","2026-08-15",-5,"2026-07-11","Overall","quantile","0.01",175
"Copycat","2026-08-15",-5,"2026-07-11","Overall","quantile","0.025",182
"Copycat","2026-08-15",-5,"2026-07-11","Overall","quantile","0.05",186
"Copycat","2026-08-15",-5,"2026-07-11","Overall","quantile","0.1",195
"Copycat","2026-08-15",-5,"2026-07-11","Overall","quantile","0.15",202
"Copycat","2026-08-15",-5,"2026-07-11","Overall","quantile","0.2",206
"Copycat","2026-08-15",-5,"2026-07-11","Overall","quantile","0.25",210
"Copycat","2026-08-15",-5,"2026-07-11","Overall","quantile","0.3",215
"Copycat","2026-08-15",-5,"2026-07-11","Overall","quantile","0.35",219
"Copycat","2026-08-15",-5,"2026-07-11","Overall","quantile","0.4",222
"Copycat","2026-08-15",-5,"2026-07-11","Overall","quantile","0.45",225
"Copycat","2026-08-15",-5,"2026-07-11","Overall","quantile","0.5",229
"Copycat","2026-08-15",-5,"2026-07-11","Overall","quantile","0.55",234
"Copycat","2026-08-15",-5,"2026-07-11","Overall","quantile","0.6",239
"Copycat","2026-08-15",-5,"2026-07-11","Overall","quantile","0.65",244
"Copycat","2026-08-15",-5,"2026-07-11","Overall","quantile","0.7",250
"Copycat","2026-08-15",-5,"2026-07-11","Overall","quantile","0.75",256
"Copycat","2026-08-15",-5,"2026-07-11","Overall","quantile","0.8",264
"Copycat","2026-08-15",-5,"2026-07-11","Overall","quantile","0.85",273
"Copycat","2026-08-15",-5,"2026-07-11","Overall","quantile","0.9",284
"Copycat","2026-08-15",-5,"2026-07-11","Overall","quantile","0.95",304
"Copycat","2026-08-15",-5,"2026-07-11","Overall","quantile","0.975",322
"Copycat","2026-08-15",-5,"2026-07-11","Overall","quantile","0.99",339
"Copycat","2026-08-15",-4,"2026-07-18","Overall","quantile","0.01",161
"Copycat","2026-08-15",-4,"2026-07-18","Overall","quantile","0.025",175
"Copycat","2026-08-15",-4,"2026-07-18","Overall","quantile","0.05",182
"Copycat","2026-08-15",-4,"2026-07-18","Overall","quantile","0.1",189
"Copycat","2026-08-15",-4,"2026-07-18","Overall","quantile","0.15",195
"Copycat","2026-08-15",-4,"2026-07-18","Overall","quantile","0.2",199
"Copycat","2026-08-15",-4,"2026-07-18","Overall","quantile","0.25",204
"Copycat","2026-08-15",-4,"2026-07-18","Overall","quantile","0.3",209
"Copycat","2026-08-15",-4,"2026-07-18","Overall","quantile","0.35",214
"Copycat","2026-08-15",-4,"2026-07-18","Overall","quantile","0.4",218
"Copycat","2026-08-15",-4,"2026-07-18","Overall","quantile","0.45",222
"Copycat","2026-08-15",-4,"2026-07-18","Overall","quantile","0.5",226
"Copycat","2026-08-15",-4,"2026-07-18","Overall","quantile","0.55",230
"Copycat","2026-08-15",-4,"2026-07-18","Overall","quantile","0.6",236
"Copycat","2026-08-15",-4,"2026-07-18","Overall","quantile","0.65",243
"Copycat","2026-08-15",-4,"2026-07-18","Overall","quantile","0.7",250
"Copycat","2026-08-15",-4,"2026-07-18","Overall","quantile","0.75",257
"Copycat","2026-08-15",-4,"2026-07-18","Overall","quantile","0.8",266
"Copycat","2026-08-15",-4,"2026-07-18","Overall","quantile","0.85",277
"Copycat","2026-08-15",-4,"2026-07-18","Overall","quantile","0.9",291
"Copycat","2026-08-15",-4,"2026-07-18","Overall","quantile","0.95",312
"Copycat","2026-08-15",-4,"2026-07-18","Overall","quantile","0.975",332
"Copycat","2026-08-15",-4,"2026-07-18","Overall","quantile","0.99",364
"Copycat","2026-08-15",-3,"2026-07-25","Overall","quantile","0.01",159
"Copycat","2026-08-15",-3,"2026-07-25","Overall","quantile","0.025",168
"Copycat","2026-08-15",-3,"2026-07-25","Overall","quantile","0.05",175
"Copycat","2026-08-15",-3,"2026-07-25","Overall","quantile","0.1",184
"Copycat","2026-08-15",-3,"2026-07-25","Overall","quantile","0.15",189
"Copycat","2026-08-15",-3,"2026-07-25","Overall","quantile","0.2",196
"Copycat","2026-08-15",-3,"2026-07-25","Overall","quantile","0.25",200
"Copycat","2026-08-15",-3,"2026-07-25","Overall","quantile","0.3",203
"Copycat","2026-08-15",-3,"2026-07-25","Overall","quantile","0.35",209
"Copycat","2026-08-15",-3,"2026-07-25","Overall","quantile","0.4",213
"Copycat","2026-08-15",-3,"2026-07-25","Overall","quantile","0.45",218
"Copycat","2026-08-15",-3,"2026-07-25","Overall","quantile","0.5",223
"Copycat","2026-08-15",-3,"2026-07-25","Overall","quantile","0.55",227
"Copycat","2026-08-15",-3,"2026-07-25","Overall","quantile","0.6",233
"Copycat","2026-08-15",-3,"2026-07-25","Overall","quantile","0.65",239
"Copycat","2026-08-15",-3,"2026-07-25","Overall","quantile","0.7",247
"Copycat","2026-08-15",-3,"2026-07-25","Overall","quantile","0.75",253
"Copycat","2026-08-15",-3,"2026-07-25","Overall","quantile","0.8",264
"Copycat","2026-08-15",-3,"2026-07-25","Overall","quantile","0.85",279
"Copycat","2026-08-15",-3,"2026-07-25","Overall","quantile","0.9",294
"Copycat","2026-08-15",-3,"2026-07-25","Overall","quantile","0.95",323
"Copycat","2026-08-15",-3,"2026-07-25","Overall","quantile","0.975",344
"Copycat","2026-08-15",-3,"2026-07-25","Overall","quantile","0.99",377
"Copycat","2026-08-15",-2,"2026-08-01","Overall","quantile","0.01",147
"Copycat","2026-08-15",-2,"2026-08-01","Overall","quantile","0.025",157
"Copycat","2026-08-15",-2,"2026-08-01","Overall","quantile","0.05",165
"Copycat","2026-08-15",-2,"2026-08-01","Overall","quantile","0.1",174
"Copycat","2026-08-15",-2,"2026-08-01","Overall","quantile","0.15",181
"Copycat","2026-08-15",-2,"2026-08-01","Overall","quantile","0.2",189
"Copycat","2026-08-15",-2,"2026-08-01","Overall","quantile","0.25",193
"Copycat","2026-08-15",-2,"2026-08-01","Overall","quantile","0.3",197
"Copycat","2026-08-15",-2,"2026-08-01","Overall","quantile","0.35",201
"Copycat","2026-08-15",-2,"2026-08-01","Overall","quantile","0.4",205
"Copycat","2026-08-15",-2,"2026-08-01","Overall","quantile","0.45",209
"Copycat","2026-08-15",-2,"2026-08-01","Overall","quantile","0.5",214
"Copycat","2026-08-15",-2,"2026-08-01","Overall","quantile","0.55",219
"Copycat","2026-08-15",-2,"2026-08-01","Overall","quantile","0.6",224
"Copycat","2026-08-15",-2,"2026-08-01","Overall","quantile","0.65",230
"Copycat","2026-08-15",-2,"2026-08-01","Overall","quantile","0.7",238
"Copycat","2026-08-15",-2,"2026-08-01","Overall","quantile","0.75",248
"Copycat","2026-08-15",-2,"2026-08-01","Overall","quantile","0.8",260
"Copycat","2026-08-15",-2,"2026-08-01","Overall","quantile","0.85",276
"Copycat","2026-08-15",-2,"2026-08-01","Overall","quantile","0.9",294
"Copycat","2026-08-15",-2,"2026-08-01","Overall","quantile","0.95",318
"Copycat","2026-08-15",-2,"2026-08-01","Overall","quantile","0.975",342
"Copycat","2026-08-15",-2,"2026-08-01","Overall","quantile","0.99",378
"Copycat","2026-08-15",-1,"2026-08-08","Overall","quantile","0.01",142
"Copycat","2026-08-15",-1,"2026-08-08","Overall","quantile","0.025",149
"Copycat","2026-08-15",-1,"2026-08-08","Overall","quantile","0.05",157
"Copycat","2026-08-15",-1,"2026-08-08","Overall","quantile","0.1",169
"Copycat","2026-08-15",-1,"2026-08-08","Overall","quantile","0.15",175
"Copycat","2026-08-15",-1,"2026-08-08","Overall","quantile","0.2",181
"Copycat","2026-08-15",-1,"2026-08-08","Overall","quantile","0.25",185
"Copycat","2026-08-15",-1,"2026-08-08","Overall","quantile","0.3",190
"Copycat","2026-08-15",-1,"2026-08-08","Overall","quantile","0.35",196
"Copycat","2026-08-15",-1,"2026-08-08","Overall","quantile","0.4",200
"Copycat","2026-08-15",-1,"2026-08-08","Overall","quantile","0.45",205
"Copycat","2026-08-15",-1,"2026-08-08","Overall","quantile","0.5",210
"Copycat","2026-08-15",-1,"2026-08-08","Overall","quantile","0.55",214
"Copycat","2026-08-15",-1,"2026-08-08","Overall","quantile","0.6",219
"Copycat","2026-08-15",-1,"2026-08-08","Overall","quantile","0.65",224
"Copycat","2026-08-15",-1,"2026-08-08","Overall","quantile","0.7",231
"Copycat","2026-08-15",-1,"2026-08-08","Overall","quantile","0.75",240
"Copycat","2026-08-15",-1,"2026-08-08","Overall","quantile","0.8",251
"Copycat","2026-08-15",-1,"2026-08-08","Overall","quantile","0.85",265
"Copycat","2026-08-15",-1,"2026-08-08","Overall","quantile","0.9",291
"Copycat","2026-08-15",-1,"2026-08-08","Overall","quantile","0.95",323
"Copycat","2026-08-15",-1,"2026-08-08","Overall","quantile","0.975",349
"Copycat","2026-08-15",-1,"2026-08-08","Overall","quantile","0.99",379
"Copycat","2026-08-15",0,"2026-08-15","Overall","quantile","0.01",132
"Copycat","2026-08-15",0,"2026-08-15","Overall","quantile","0.025",140
"Copycat","2026-08-15",0,"2026-08-15","Overall","quantile","0.05",151
"Copycat","2026-08-15",0,"2026-08-15","Overall","quantile","0.1",161
"Copycat","2026-08-15",0,"2026-08-15","Overall","quantile","0.15",168
"Copycat","2026-08-15",0,"2026-08-15","Overall","quantile","0.2",174
"Copycat","2026-08-15",0,"2026-08-15","Overall","quantile","0.25",179
"Copycat","2026-08-15",0,"2026-08-15","Overall","quantile","0.3",183
"Copycat","2026-08-15",0,"2026-08-15","Overall","quantile","0.35",187
"Copycat","2026-08-15",0,"2026-08-15","Overall","quantile","0.4",192
"Copycat","2026-08-15",0,"2026-08-15","Overall","quantile","0.45",197
"Copycat","2026-08-15",0,"2026-08-15","Overall","quantile","0.5",202
"Copycat","2026-08-15",0,"2026-08-15","Overall","quantile","0.55",207
"Copycat","2026-08-15",0,"2026-08-15","Overall","quantile","0.6",212
"Copycat","2026-08-15",0,"2026-08-15","Overall","quantile","0.65",218
"Copycat","2026-08-15",0,"2026-08-15","Overall","quantile","0.7",225
"Copycat","2026-08-15",0,"2026-08-15","Overall","quantile","0.75",233
"Copycat","2026-08-15",0,"2026-08-15","Overall","quantile","0.8",246
"Copycat","2026-08-15",0,"2026-08-15","Overall","quantile","0.85",261
"Copycat","2026-08-15",0,"2026-08-15","Overall","quantile","0.9",284
"Copycat","2026-08-15",0,"2026-08-15","Overall","quantile","0.95",318
"Copycat","2026-08-15",0,"2026-08-15","Overall","quantile","0.975",349
"Copycat","2026-08-15",0,"2026-08-15","Overall","quantile","0.99",370
"Copycat","2026-08-15",1,"2026-08-22","Overall","quantile","0.01",123
"Copycat","2026-08-15",1,"2026-08-22","Overall","quantile","0.025",132
"Copycat","2026-08-15",1,"2026-08-22","Overall","quantile","0.05",139
"Copycat","2026-08-15",1,"2026-08-22","Overall","quantile","0.1",150
"Copycat","2026-08-15",1,"2026-08-22","Overall","quantile","0.15",159
"Copycat","2026-08-15",1,"2026-08-22","Overall","quantile","0.2",166
"Copycat","2026-08-15",1,"2026-08-22","Overall","quantile","0.25",171
"Copycat","2026-08-15",1,"2026-08-22","Overall","quantile","0.3",176
"Copycat","2026-08-15",1,"2026-08-22","Overall","quantile","0.35",181
"Copycat","2026-08-15",1,"2026-08-22","Overall","quantile","0.4",185
"Copycat","2026-08-15",1,"2026-08-22","Overall","quantile","0.45",190
"Copycat","2026-08-15",1,"2026-08-22","Overall","quantile","0.5",195
"Copycat","2026-08-15",1,"2026-08-22","Overall","quantile","0.55",200
"Copycat","2026-08-15",1,"2026-08-22","Overall","quantile","0.6",204
"Copycat","2026-08-15",1,"2026-08-22","Overall","quantile","0.65",210
"Copycat","2026-08-15",1,"2026-08-22","Overall","quantile","0.7",216
"Copycat","2026-08-15",1,"2026-08-22","Overall","quantile","0.75",225
"Copycat","2026-08-15",1,"2026-08-22","Overall","quantile","0.8",236
"Copycat","2026-08-15",1,"2026-08-22","Overall","quantile","0.85",250
"Copycat","2026-08-15",1,"2026-08-22","Overall","quantile","0.9",274
"Copycat","2026-08-15",1,"2026-08-22","Overall","quantile","0.95",314
"Copycat","2026-08-15",1,"2026-08-22","Overall","quantile","0.975",337
"Copycat","2026-08-15",1,"2026-08-22","Overall","quantile","0.99",363
"Copycat","2026-08-15",2,"2026-08-29","Overall","quantile","0.01",117
"Copycat","2026-08-15",2,"2026-08-29","Overall","quantile","0.025",126
"Copycat","2026-08-15",2,"2026-08-29","Overall","quantile","0.05",132
"Copycat","2026-08-15",2,"2026-08-29","Overall","quantile","0.1",143
"Copycat","2026-08-15",2,"2026-08-29","Overall","quantile","0.15",150
"Copycat","2026-08-15",2,"2026-08-29","Overall","quantile","0.2",158
"Copycat","2026-08-15",2,"2026-08-29","Overall","quantile","0.25",163
"Copycat","2026-08-15",2,"2026-08-29","Overall","quantile","0.3",169
"Copycat","2026-08-15",2,"2026-08-29","Overall","quantile","0.35",174
"Copycat","2026-08-15",2,"2026-08-29","Overall","quantile","0.4",177
"Copycat","2026-08-15",2,"2026-08-29","Overall","quantile","0.45",181
"Copycat","2026-08-15",2,"2026-08-29","Overall","quantile","0.5",186
"Copycat","2026-08-15",2,"2026-08-29","Overall","quantile","0.55",191
"Copycat","2026-08-15",2,"2026-08-29","Overall","quantile","0.6",195
"Copycat","2026-08-15",2,"2026-08-29","Overall","quantile","0.65",204
"Copycat","2026-08-15",2,"2026-08-29","Overall","quantile","0.7",209
"Copycat","2026-08-15",2,"2026-08-29","Overall","quantile","0.75",216
"Copycat","2026-08-15",2,"2026-08-29","Overall","quantile","0.8",227
"Copycat","2026-08-15",2,"2026-08-29","Overall","quantile","0.85",244
"Copycat","2026-08-15",2,"2026-08-29","Overall","quantile","0.9",261
"Copycat","2026-08-15",2,"2026-08-29","Overall","quantile","0.95",305
"Copycat","2026-08-15",2,"2026-08-29","Overall","quantile","0.975",332
"Copycat","2026-08-15",2,"2026-08-29","Overall","quantile","0.99",370
"Copycat","2026-08-15",3,"2026-09-05","Overall","quantile","0.01",105
"Copycat","2026-08-15",3,"2026-09-05","Overall","quantile","0.025",113
"Copycat","2026-08-15",3,"2026-09-05","Overall","quantile","0.05",123
"Copycat","2026-08-15",3,"2026-09-05","Overall","quantile","0.1",133
"Copycat","2026-08-15",3,"2026-09-05","Overall","quantile","0.15",141
"Copycat","2026-08-15",3,"2026-09-05","Overall","quantile","0.2",149
"Copycat","2026-08-15",3,"2026-09-05","Overall","quantile","0.25",156
"Copycat","2026-08-15",3,"2026-09-05","Overall","quantile","0.3",163
"Copycat","2026-08-15",3,"2026-09-05","Overall","quantile","0.35",168
"Copycat","2026-08-15",3,"2026-09-05","Overall","quantile","0.4",172
"Copycat","2026-08-15",3,"2026-09-05","Overall","quantile","0.45",178
"Copycat","2026-08-15",3,"2026-09-05","Overall","quantile","0.5",182
"Copycat","2026-08-15",3,"2026-09-05","Overall","quantile","0.55",186
"Copycat","2026-08-15",3,"2026-09-05","Overall","quantile","0.6",192
"Copycat","2026-08-15",3,"2026-09-05","Overall","quantile","0.65",197
"Copycat","2026-08-15",3,"2026-09-05","Overall","quantile","0.7",204
"Copycat","2026-08-15",3,"2026-09-05","Overall","quantile","0.75",211
"Copycat","2026-08-15",3,"2026-09-05","Overall","quantile","0.8",220
"Copycat","2026-08-15",3,"2026-09-05","Overall","quantile","0.85",236
"Copycat","2026-08-15",3,"2026-09-05","Overall","quantile","0.9",254
"Copycat","2026-08-15",3,"2026-09-05","Overall","quantile","0.95",285
"Copycat","2026-08-15",3,"2026-09-05","Overall","quantile","0.975",307
"Copycat","2026-08-15",3,"2026-09-05","Overall","quantile","0.99",335
"Copycat","2026-08-15",-8,"2026-06-20","Pediatrics","quantile","0.01",99
"Copycat","2026-08-15",-8,"2026-06-20","Pediatrics","quantile","0.025",104
"Copycat","2026-08-15",-8,"2026-06-20","Pediatrics","quantile","0.05",107
"Copycat","2026-08-15",-8,"2026-06-20","Pediatrics","quantile","0.1",111
"Copycat","2026-08-15",-8,"2026-06-20","Pediatrics","quantile","0.15",114
"Copycat","2026-08-15",-8,"2026-06-20","Pediatrics","quantile","0.2",117
"Copycat","2026-08-15",-8,"2026-06-20","Pediatrics","quantile","0.25",120
"Copycat","2026-08-15",-8,"2026-06-20","Pediatrics","quantile","0.3",122
"Copycat","2026-08-15",-8,"2026-06-20","Pediatrics","quantile","0.35",123
"Copycat","2026-08-15",-8,"2026-06-20","Pediatrics","quantile","0.4",125
"Copycat","2026-08-15",-8,"2026-06-20","Pediatrics","quantile","0.45",127
"Copycat","2026-08-15",-8,"2026-06-20","Pediatrics","quantile","0.5",129
"Copycat","2026-08-15",-8,"2026-06-20","Pediatrics","quantile","0.55",131
"Copycat","2026-08-15",-8,"2026-06-20","Pediatrics","quantile","0.6",132
"Copycat","2026-08-15",-8,"2026-06-20","Pediatrics","quantile","0.65",133
"Copycat","2026-08-15",-8,"2026-06-20","Pediatrics","quantile","0.7",135
"Copycat","2026-08-15",-8,"2026-06-20","Pediatrics","quantile","0.75",137
"Copycat","2026-08-15",-8,"2026-06-20","Pediatrics","quantile","0.8",140
"Copycat","2026-08-15",-8,"2026-06-20","Pediatrics","quantile","0.85",142
"Copycat","2026-08-15",-8,"2026-06-20","Pediatrics","quantile","0.9",146
"Copycat","2026-08-15",-8,"2026-06-20","Pediatrics","quantile","0.95",151
"Copycat","2026-08-15",-8,"2026-06-20","Pediatrics","quantile","0.975",155
"Copycat","2026-08-15",-8,"2026-06-20","Pediatrics","quantile","0.99",161
"Copycat","2026-08-15",-7,"2026-06-27","Pediatrics","quantile","0.01",96
"Copycat","2026-08-15",-7,"2026-06-27","Pediatrics","quantile","0.025",103
"Copycat","2026-08-15",-7,"2026-06-27","Pediatrics","quantile","0.05",106
"Copycat","2026-08-15",-7,"2026-06-27","Pediatrics","quantile","0.1",110
"Copycat","2026-08-15",-7,"2026-06-27","Pediatrics","quantile","0.15",113
"Copycat","2026-08-15",-7,"2026-06-27","Pediatrics","quantile","0.2",116
"Copycat","2026-08-15",-7,"2026-06-27","Pediatrics","quantile","0.25",119
"Copycat","2026-08-15",-7,"2026-06-27","Pediatrics","quantile","0.3",121
"Copycat","2026-08-15",-7,"2026-06-27","Pediatrics","quantile","0.35",123
"Copycat","2026-08-15",-7,"2026-06-27","Pediatrics","quantile","0.4",125
"Copycat","2026-08-15",-7,"2026-06-27","Pediatrics","quantile","0.45",127
"Copycat","2026-08-15",-7,"2026-06-27","Pediatrics","quantile","0.5",129
"Copycat","2026-08-15",-7,"2026-06-27","Pediatrics","quantile","0.55",131
"Copycat","2026-08-15",-7,"2026-06-27","Pediatrics","quantile","0.6",133
"Copycat","2026-08-15",-7,"2026-06-27","Pediatrics","quantile","0.65",135
"Copycat","2026-08-15",-7,"2026-06-27","Pediatrics","quantile","0.7",137
"Copycat","2026-08-15",-7,"2026-06-27","Pediatrics","quantile","0.75",140
"Copycat","2026-08-15",-7,"2026-06-27","Pediatrics","quantile","0.8",144
"Copycat","2026-08-15",-7,"2026-06-27","Pediatrics","quantile","0.85",148
"Copycat","2026-08-15",-7,"2026-06-27","Pediatrics","quantile","0.9",152
"Copycat","2026-08-15",-7,"2026-06-27","Pediatrics","quantile","0.95",159
"Copycat","2026-08-15",-7,"2026-06-27","Pediatrics","quantile","0.975",164
"Copycat","2026-08-15",-7,"2026-06-27","Pediatrics","quantile","0.99",174
"Copycat","2026-08-15",-6,"2026-07-04","Pediatrics","quantile","0.01",94
"Copycat","2026-08-15",-6,"2026-07-04","Pediatrics","quantile","0.025",100
"Copycat","2026-08-15",-6,"2026-07-04","Pediatrics","quantile","0.05",105
"Copycat","2026-08-15",-6,"2026-07-04","Pediatrics","quantile","0.1",110
"Copycat","2026-08-15",-6,"2026-07-04","Pediatrics","quantile","0.15",114
"Copycat","2026-08-15",-6,"2026-07-04","Pediatrics","quantile","0.2",117
"Copycat","2026-08-15",-6,"2026-07-04","Pediatrics","quantile","0.25",120
"Copycat","2026-08-15",-6,"2026-07-04","Pediatrics","quantile","0.3",122
"Copycat","2026-08-15",-6,"2026-07-04","Pediatrics","quantile","0.35",124
"Copycat","2026-08-15",-6,"2026-07-04","Pediatrics","quantile","0.4",126
"Copycat","2026-08-15",-6,"2026-07-04","Pediatrics","quantile","0.45",128
"Copycat","2026-08-15",-6,"2026-07-04","Pediatrics","quantile","0.5",131
"Copycat","2026-08-15",-6,"2026-07-04","Pediatrics","quantile","0.55",132
"Copycat","2026-08-15",-6,"2026-07-04","Pediatrics","quantile","0.6",134
"Copycat","2026-08-15",-6,"2026-07-04","Pediatrics","quantile","0.65",136
"Copycat","2026-08-15",-6,"2026-07-04","Pediatrics","quantile","0.7",139
"Copycat","2026-08-15",-6,"2026-07-04","Pediatrics","quantile","0.75",143
"Copycat","2026-08-15",-6,"2026-07-04","Pediatrics","quantile","0.8",147
"Copycat","2026-08-15",-6,"2026-07-04","Pediatrics","quantile","0.85",151
"Copycat","2026-08-15",-6,"2026-07-04","Pediatrics","quantile","0.9",156
"Copycat","2026-08-15",-6,"2026-07-04","Pediatrics","quantile","0.95",164
"Copycat","2026-08-15",-6,"2026-07-04","Pediatrics","quantile","0.975",174
"Copycat","2026-08-15",-6,"2026-07-04","Pediatrics","quantile","0.99",182
"Copycat","2026-08-15",-5,"2026-07-11","Pediatrics","quantile","0.01",93
"Copycat","2026-08-15",-5,"2026-07-11","Pediatrics","quantile","0.025",98
"Copycat","2026-08-15",-5,"2026-07-11","Pediatrics","quantile","0.05",101
"Copycat","2026-08-15",-5,"2026-07-11","Pediatrics","quantile","0.1",106
"Copycat","2026-08-15",-5,"2026-07-11","Pediatrics","quantile","0.15",110
"Copycat","2026-08-15",-5,"2026-07-11","Pediatrics","quantile","0.2",113
"Copycat","2026-08-15",-5,"2026-07-11","Pediatrics","quantile","0.25",116
"Copycat","2026-08-15",-5,"2026-07-11","Pediatrics","quantile","0.3",118
"Copycat","2026-08-15",-5,"2026-07-11","Pediatrics","quantile","0.35",121
"Copycat","2026-08-15",-5,"2026-07-11","Pediatrics","quantile","0.4",123
"Copycat","2026-08-15",-5,"2026-07-11","Pediatrics","quantile","0.45",126
"Copycat","2026-08-15",-5,"2026-07-11","Pediatrics","quantile","0.5",129
"Copycat","2026-08-15",-5,"2026-07-11","Pediatrics","quantile","0.55",131
"Copycat","2026-08-15",-5,"2026-07-11","Pediatrics","quantile","0.6",134
"Copycat","2026-08-15",-5,"2026-07-11","Pediatrics","quantile","0.65",138
"Copycat","2026-08-15",-5,"2026-07-11","Pediatrics","quantile","0.7",142
"Copycat","2026-08-15",-5,"2026-07-11","Pediatrics","quantile","0.75",145
"Copycat","2026-08-15",-5,"2026-07-11","Pediatrics","quantile","0.8",149
"Copycat","2026-08-15",-5,"2026-07-11","Pediatrics","quantile","0.85",154
"Copycat","2026-08-15",-5,"2026-07-11","Pediatrics","quantile","0.9",162
"Copycat","2026-08-15",-5,"2026-07-11","Pediatrics","quantile","0.95",171
"Copycat","2026-08-15",-5,"2026-07-11","Pediatrics","quantile","0.975",180
"Copycat","2026-08-15",-5,"2026-07-11","Pediatrics","quantile","0.99",191
"Copycat","2026-08-15",-4,"2026-07-18","Pediatrics","quantile","0.01",88
"Copycat","2026-08-15",-4,"2026-07-18","Pediatrics","quantile","0.025",94
"Copycat","2026-08-15",-4,"2026-07-18","Pediatrics","quantile","0.05",98
"Copycat","2026-08-15",-4,"2026-07-18","Pediatrics","quantile","0.1",103
"Copycat","2026-08-15",-4,"2026-07-18","Pediatrics","quantile","0.15",107
"Copycat","2026-08-15",-4,"2026-07-18","Pediatrics","quantile","0.2",111
"Copycat","2026-08-15",-4,"2026-07-18","Pediatrics","quantile","0.25",114
"Copycat","2026-08-15",-4,"2026-07-18","Pediatrics","quantile","0.3",116
"Copycat","2026-08-15",-4,"2026-07-18","Pediatrics","quantile","0.35",119
"Copycat","2026-08-15",-4,"2026-07-18","Pediatrics","quantile","0.4",121
"Copycat","2026-08-15",-4,"2026-07-18","Pediatrics","quantile","0.45",123
"Copycat","2026-08-15",-4,"2026-07-18","Pediatrics","quantile","0.5",126
"Copycat","2026-08-15",-4,"2026-07-18","Pediatrics","quantile","0.55",129
"Copycat","2026-08-15",-4,"2026-07-18","Pediatrics","quantile","0.6",133
"Copycat","2026-08-15",-4,"2026-07-18","Pediatrics","quantile","0.65",137
"Copycat","2026-08-15",-4,"2026-07-18","Pediatrics","quantile","0.7",141
"Copycat","2026-08-15",-4,"2026-07-18","Pediatrics","quantile","0.75",144
"Copycat","2026-08-15",-4,"2026-07-18","Pediatrics","quantile","0.8",150
"Copycat","2026-08-15",-4,"2026-07-18","Pediatrics","quantile","0.85",155
"Copycat","2026-08-15",-4,"2026-07-18","Pediatrics","quantile","0.9",161
"Copycat","2026-08-15",-4,"2026-07-18","Pediatrics","quantile","0.95",176
"Copycat","2026-08-15",-4,"2026-07-18","Pediatrics","quantile","0.975",185
"Copycat","2026-08-15",-4,"2026-07-18","Pediatrics","quantile","0.99",199
"Copycat","2026-08-15",-3,"2026-07-25","Pediatrics","quantile","0.01",82
"Copycat","2026-08-15",-3,"2026-07-25","Pediatrics","quantile","0.025",87
"Copycat","2026-08-15",-3,"2026-07-25","Pediatrics","quantile","0.05",92
"Copycat","2026-08-15",-3,"2026-07-25","Pediatrics","quantile","0.1",98
"Copycat","2026-08-15",-3,"2026-07-25","Pediatrics","quantile","0.15",102
"Copycat","2026-08-15",-3,"2026-07-25","Pediatrics","quantile","0.2",106
"Copycat","2026-08-15",-3,"2026-07-25","Pediatrics","quantile","0.25",109
"Copycat","2026-08-15",-3,"2026-07-25","Pediatrics","quantile","0.3",111
"Copycat","2026-08-15",-3,"2026-07-25","Pediatrics","quantile","0.35",114
"Copycat","2026-08-15",-3,"2026-07-25","Pediatrics","quantile","0.4",117
"Copycat","2026-08-15",-3,"2026-07-25","Pediatrics","quantile","0.45",120
"Copycat","2026-08-15",-3,"2026-07-25","Pediatrics","quantile","0.5",123
"Copycat","2026-08-15",-3,"2026-07-25","Pediatrics","quantile","0.55",126
"Copycat","2026-08-15",-3,"2026-07-25","Pediatrics","quantile","0.6",130
"Copycat","2026-08-15",-3,"2026-07-25","Pediatrics","quantile","0.65",134
"Copycat","2026-08-15",-3,"2026-07-25","Pediatrics","quantile","0.7",138
"Copycat","2026-08-15",-3,"2026-07-25","Pediatrics","quantile","0.75",143
"Copycat","2026-08-15",-3,"2026-07-25","Pediatrics","quantile","0.8",149
"Copycat","2026-08-15",-3,"2026-07-25","Pediatrics","quantile","0.85",157
"Copycat","2026-08-15",-3,"2026-07-25","Pediatrics","quantile","0.9",167
"Copycat","2026-08-15",-3,"2026-07-25","Pediatrics","quantile","0.95",179
"Copycat","2026-08-15",-3,"2026-07-25","Pediatrics","quantile","0.975",192
"Copycat","2026-08-15",-3,"2026-07-25","Pediatrics","quantile","0.99",208
"Copycat","2026-08-15",-2,"2026-08-01","Pediatrics","quantile","0.01",80
"Copycat","2026-08-15",-2,"2026-08-01","Pediatrics","quantile","0.025",84
"Copycat","2026-08-15",-2,"2026-08-01","Pediatrics","quantile","0.05",88
"Copycat","2026-08-15",-2,"2026-08-01","Pediatrics","quantile","0.1",94
"Copycat","2026-08-15",-2,"2026-08-01","Pediatrics","quantile","0.15",98
"Copycat","2026-08-15",-2,"2026-08-01","Pediatrics","quantile","0.2",103
"Copycat","2026-08-15",-2,"2026-08-01","Pediatrics","quantile","0.25",105
"Copycat","2026-08-15",-2,"2026-08-01","Pediatrics","quantile","0.3",109
"Copycat","2026-08-15",-2,"2026-08-01","Pediatrics","quantile","0.35",111
"Copycat","2026-08-15",-2,"2026-08-01","Pediatrics","quantile","0.4",114
"Copycat","2026-08-15",-2,"2026-08-01","Pediatrics","quantile","0.45",117
"Copycat","2026-08-15",-2,"2026-08-01","Pediatrics","quantile","0.5",120
"Copycat","2026-08-15",-2,"2026-08-01","Pediatrics","quantile","0.55",123
"Copycat","2026-08-15",-2,"2026-08-01","Pediatrics","quantile","0.6",126
"Copycat","2026-08-15",-2,"2026-08-01","Pediatrics","quantile","0.65",132
"Copycat","2026-08-15",-2,"2026-08-01","Pediatrics","quantile","0.7",136
"Copycat","2026-08-15",-2,"2026-08-01","Pediatrics","quantile","0.75",141
"Copycat","2026-08-15",-2,"2026-08-01","Pediatrics","quantile","0.8",147
"Copycat","2026-08-15",-2,"2026-08-01","Pediatrics","quantile","0.85",155
"Copycat","2026-08-15",-2,"2026-08-01","Pediatrics","quantile","0.9",166
"Copycat","2026-08-15",-2,"2026-08-01","Pediatrics","quantile","0.95",183
"Copycat","2026-08-15",-2,"2026-08-01","Pediatrics","quantile","0.975",196
"Copycat","2026-08-15",-2,"2026-08-01","Pediatrics","quantile","0.99",212
"Copycat","2026-08-15",-1,"2026-08-08","Pediatrics","quantile","0.01",73
"Copycat","2026-08-15",-1,"2026-08-08","Pediatrics","quantile","0.025",80
"Copycat","2026-08-15",-1,"2026-08-08","Pediatrics","quantile","0.05",84
"Copycat","2026-08-15",-1,"2026-08-08","Pediatrics","quantile","0.1",90
"Copycat","2026-08-15",-1,"2026-08-08","Pediatrics","quantile","0.15",94
"Copycat","2026-08-15",-1,"2026-08-08","Pediatrics","quantile","0.2",99
"Copycat","2026-08-15",-1,"2026-08-08","Pediatrics","quantile","0.25",102
"Copycat","2026-08-15",-1,"2026-08-08","Pediatrics","quantile","0.3",105
"Copycat","2026-08-15",-1,"2026-08-08","Pediatrics","quantile","0.35",108
"Copycat","2026-08-15",-1,"2026-08-08","Pediatrics","quantile","0.4",111
"Copycat","2026-08-15",-1,"2026-08-08","Pediatrics","quantile","0.45",115
"Copycat","2026-08-15",-1,"2026-08-08","Pediatrics","quantile","0.5",118
"Copycat","2026-08-15",-1,"2026-08-08","Pediatrics","quantile","0.55",121
"Copycat","2026-08-15",-1,"2026-08-08","Pediatrics","quantile","0.6",125
"Copycat","2026-08-15",-1,"2026-08-08","Pediatrics","quantile","0.65",129
"Copycat","2026-08-15",-1,"2026-08-08","Pediatrics","quantile","0.7",133
"Copycat","2026-08-15",-1,"2026-08-08","Pediatrics","quantile","0.75",139
"Copycat","2026-08-15",-1,"2026-08-08","Pediatrics","quantile","0.8",145
"Copycat","2026-08-15",-1,"2026-08-08","Pediatrics","quantile","0.85",153
"Copycat","2026-08-15",-1,"2026-08-08","Pediatrics","quantile","0.9",164
"Copycat","2026-08-15",-1,"2026-08-08","Pediatrics","quantile","0.95",179
"Copycat","2026-08-15",-1,"2026-08-08","Pediatrics","quantile","0.975",199
"Copycat","2026-08-15",-1,"2026-08-08","Pediatrics","quantile","0.99",222
"Copycat","2026-08-15",0,"2026-08-15","Pediatrics","quantile","0.01",69
"Copycat","2026-08-15",0,"2026-08-15","Pediatrics","quantile","0.025",74
"Copycat","2026-08-15",0,"2026-08-15","Pediatrics","quantile","0.05",79
"Copycat","2026-08-15",0,"2026-08-15","Pediatrics","quantile","0.1",86
"Copycat","2026-08-15",0,"2026-08-15","Pediatrics","quantile","0.15",90
"Copycat","2026-08-15",0,"2026-08-15","Pediatrics","quantile","0.2",94
"Copycat","2026-08-15",0,"2026-08-15","Pediatrics","quantile","0.25",99
"Copycat","2026-08-15",0,"2026-08-15","Pediatrics","quantile","0.3",103
"Copycat","2026-08-15",0,"2026-08-15","Pediatrics","quantile","0.35",106
"Copycat","2026-08-15",0,"2026-08-15","Pediatrics","quantile","0.4",108
"Copycat","2026-08-15",0,"2026-08-15","Pediatrics","quantile","0.45",111
"Copycat","2026-08-15",0,"2026-08-15","Pediatrics","quantile","0.5",114
"Copycat","2026-08-15",0,"2026-08-15","Pediatrics","quantile","0.55",117
"Copycat","2026-08-15",0,"2026-08-15","Pediatrics","quantile","0.6",120
"Copycat","2026-08-15",0,"2026-08-15","Pediatrics","quantile","0.65",123
"Copycat","2026-08-15",0,"2026-08-15","Pediatrics","quantile","0.7",128
"Copycat","2026-08-15",0,"2026-08-15","Pediatrics","quantile","0.75",134
"Copycat","2026-08-15",0,"2026-08-15","Pediatrics","quantile","0.8",140
"Copycat","2026-08-15",0,"2026-08-15","Pediatrics","quantile","0.85",150
"Copycat","2026-08-15",0,"2026-08-15","Pediatrics","quantile","0.9",161
"Copycat","2026-08-15",0,"2026-08-15","Pediatrics","quantile","0.95",182
"Copycat","2026-08-15",0,"2026-08-15","Pediatrics","quantile","0.975",202
"Copycat","2026-08-15",0,"2026-08-15","Pediatrics","quantile","0.99",213
"Copycat","2026-08-15",1,"2026-08-22","Pediatrics","quantile","0.01",62
"Copycat","2026-08-15",1,"2026-08-22","Pediatrics","quantile","0.025",70
"Copycat","2026-08-15",1,"2026-08-22","Pediatrics","quantile","0.05",75
"Copycat","2026-08-15",1,"2026-08-22","Pediatrics","quantile","0.1",81
"Copycat","2026-08-15",1,"2026-08-22","Pediatrics","quantile","0.15",86
"Copycat","2026-08-15",1,"2026-08-22","Pediatrics","quantile","0.2",90
"Copycat","2026-08-15",1,"2026-08-22","Pediatrics","quantile","0.25",94
"Copycat","2026-08-15",1,"2026-08-22","Pediatrics","quantile","0.3",97
"Copycat","2026-08-15",1,"2026-08-22","Pediatrics","quantile","0.35",100
"Copycat","2026-08-15",1,"2026-08-22","Pediatrics","quantile","0.4",103
"Copycat","2026-08-15",1,"2026-08-22","Pediatrics","quantile","0.45",107
"Copycat","2026-08-15",1,"2026-08-22","Pediatrics","quantile","0.5",110
"Copycat","2026-08-15",1,"2026-08-22","Pediatrics","quantile","0.55",114
"Copycat","2026-08-15",1,"2026-08-22","Pediatrics","quantile","0.6",117
"Copycat","2026-08-15",1,"2026-08-22","Pediatrics","quantile","0.65",121
"Copycat","2026-08-15",1,"2026-08-22","Pediatrics","quantile","0.7",125
"Copycat","2026-08-15",1,"2026-08-22","Pediatrics","quantile","0.75",131
"Copycat","2026-08-15",1,"2026-08-22","Pediatrics","quantile","0.8",137
"Copycat","2026-08-15",1,"2026-08-22","Pediatrics","quantile","0.85",146
"Copycat","2026-08-15",1,"2026-08-22","Pediatrics","quantile","0.9",157
"Copycat","2026-08-15",1,"2026-08-22","Pediatrics","quantile","0.95",178
"Copycat","2026-08-15",1,"2026-08-22","Pediatrics","quantile","0.975",194
"Copycat","2026-08-15",1,"2026-08-22","Pediatrics","quantile","0.99",205
"Copycat","2026-08-15",2,"2026-08-29","Pediatrics","quantile","0.01",60
"Copycat","2026-08-15",2,"2026-08-29","Pediatrics","quantile","0.025",65
"Copycat","2026-08-15",2,"2026-08-29","Pediatrics","quantile","0.05",69
"Copycat","2026-08-15",2,"2026-08-29","Pediatrics","quantile","0.1",76
"Copycat","2026-08-15",2,"2026-08-29","Pediatrics","quantile","0.15",82
"Copycat","2026-08-15",2,"2026-08-29","Pediatrics","quantile","0.2",86
"Copycat","2026-08-15",2,"2026-08-29","Pediatrics","quantile","0.25",90
"Copycat","2026-08-15",2,"2026-08-29","Pediatrics","quantile","0.3",94
"Copycat","2026-08-15",2,"2026-08-29","Pediatrics","quantile","0.35",96
"Copycat","2026-08-15",2,"2026-08-29","Pediatrics","quantile","0.4",99
"Copycat","2026-08-15",2,"2026-08-29","Pediatrics","quantile","0.45",102
"Copycat","2026-08-15",2,"2026-08-29","Pediatrics","quantile","0.5",106
"Copycat","2026-08-15",2,"2026-08-29","Pediatrics","quantile","0.55",108
"Copycat","2026-08-15",2,"2026-08-29","Pediatrics","quantile","0.6",112
"Copycat","2026-08-15",2,"2026-08-29","Pediatrics","quantile","0.65",115
"Copycat","2026-08-15",2,"2026-08-29","Pediatrics","quantile","0.7",120
"Copycat","2026-08-15",2,"2026-08-29","Pediatrics","quantile","0.75",124
"Copycat","2026-08-15",2,"2026-08-29","Pediatrics","quantile","0.8",130
"Copycat","2026-08-15",2,"2026-08-29","Pediatrics","quantile","0.85",140
"Copycat","2026-08-15",2,"2026-08-29","Pediatrics","quantile","0.9",153
"Copycat","2026-08-15",2,"2026-08-29","Pediatrics","quantile","0.95",173
"Copycat","2026-08-15",2,"2026-08-29","Pediatrics","quantile","0.975",189
"Copycat","2026-08-15",2,"2026-08-29","Pediatrics","quantile","0.99",210
"Copycat","2026-08-15",3,"2026-09-05","Pediatrics","quantile","0.01",56
"Copycat","2026-08-15",3,"2026-09-05","Pediatrics","quantile","0.025",62
"Copycat","2026-08-15",3,"2026-09-05","Pediatrics","quantile","0.05",67
"Copycat","2026-08-15",3,"2026-09-05","Pediatrics","quantile","0.1",73
"Copycat","2026-08-15",3,"2026-09-05","Pediatrics","quantile","0.15",78
"Copycat","2026-08-15",3,"2026-09-05","Pediatrics","quantile","0.2",81
"Copycat","2026-08-15",3,"2026-09-05","Pediatrics","quantile","0.25",85
"Copycat","2026-08-15",3,"2026-09-05","Pediatrics","quantile","0.3",88
"Copycat","2026-08-15",3,"2026-09-05","Pediatrics","quantile","0.35",92
"Copycat","2026-08-15",3,"2026-09-05","Pediatrics","quantile","0.4",96
"Copycat","2026-08-15",3,"2026-09-05","Pediatrics","quantile","0.45",99
"Copycat","2026-08-15",3,"2026-09-05","Pediatrics","quantile","0.5",102
"Copycat","2026-08-15",3,"2026-09-05","Pediatrics","quantile","0.55",104
"Copycat","2026-08-15",3,"2026-09-05","Pediatrics","quantile","0.6",107
"Copycat","2026-08-15",3,"2026-09-05","Pediatrics","quantile","0.65",111
"Copycat","2026-08-15",3,"2026-09-05","Pediatrics","quantile","0.7",115
"Copycat","2026-08-15",3,"2026-09-05","Pediatrics","quantile","0.75",120
"Copycat","2026-08-15",3,"2026-09-05","Pediatrics","quantile","0.8",125
"Copycat","2026-08-15",3,"2026-09-05","Pediatrics","quantile","0.85",135
"Copycat","2026-08-15",3,"2026-09-05","Pediatrics","quantile","0.9",146
"Copycat","2026-08-15",3,"2026-09-05","Pediatrics","quantile","0.95",166
"Copycat","2026-08-15",3,"2026-09-05","Pediatrics","quantile","0.975",180
"Copycat","2026-08-15",3,"2026-09-05","Pediatrics","quantile","0.99",205
"newGBQR","2026-08-15",-8,"2026-06-20","Adults","quantile","0.01",0
"newGBQR","2026-08-15",-8,"2026-06-20","Adults","quantile","0.025",11
"newGBQR","2026-08-15",-8,"2026-06-20","Adults","quantile","0.05",31
"newGBQR","2026-08-15",-8,"2026-06-20","Adults","quantile","0.1",55
"newGBQR","2026-08-15",-8,"2026-06-20","Adults","quantile","0.15",64
"newGBQR","2026-08-15",-8,"2026-06-20","Adults","quantile","0.2",69
"newGBQR","2026-08-15",-8,"2026-06-20","Adults","quantile","0.25",74
"newGBQR","2026-08-15",-8,"2026-06-20","Adults","quantile","0.3",76
"newGBQR","2026-08-15",-8,"2026-06-20","Adults","quantile","0.35",78
"newGBQR","2026-08-15",-8,"2026-06-20","Adults","quantile","0.4",79
"newGBQR","2026-08-15",-8,"2026-06-20","Adults","quantile","0.45",83
"newGBQR","2026-08-15",-8,"2026-06-20","Adults","quantile","0.5",87
"newGBQR","2026-08-15",-8,"2026-06-20","Adults","quantile","0.55",89
"newGBQR","2026-08-15",-8,"2026-06-20","Adults","quantile","0.6",98
"newGBQR","2026-08-15",-8,"2026-06-20","Adults","quantile","0.65",99
"newGBQR","2026-08-15",-8,"2026-06-20","Adults","quantile","0.7",102
"newGBQR","2026-08-15",-8,"2026-06-20","Adults","quantile","0.75",105
"newGBQR","2026-08-15",-8,"2026-06-20","Adults","quantile","0.8",113
"newGBQR","2026-08-15",-8,"2026-06-20","Adults","quantile","0.85",118
"newGBQR","2026-08-15",-8,"2026-06-20","Adults","quantile","0.9",124
"newGBQR","2026-08-15",-8,"2026-06-20","Adults","quantile","0.95",132
"newGBQR","2026-08-15",-8,"2026-06-20","Adults","quantile","0.975",143
"newGBQR","2026-08-15",-8,"2026-06-20","Adults","quantile","0.99",168
"newGBQR","2026-08-15",-7,"2026-06-27","Adults","quantile","0.01",0
"newGBQR","2026-08-15",-7,"2026-06-27","Adults","quantile","0.025",10
"newGBQR","2026-08-15",-7,"2026-06-27","Adults","quantile","0.05",30
"newGBQR","2026-08-15",-7,"2026-06-27","Adults","quantile","0.1",53
"newGBQR","2026-08-15",-7,"2026-06-27","Adults","quantile","0.15",62
"newGBQR","2026-08-15",-7,"2026-06-27","Adults","quantile","0.2",67
"newGBQR","2026-08-15",-7,"2026-06-27","Adults","quantile","0.25",71
"newGBQR","2026-08-15",-7,"2026-06-27","Adults","quantile","0.3",75
"newGBQR","2026-08-15",-7,"2026-06-27","Adults","quantile","0.35",77
"newGBQR","2026-08-15",-7,"2026-06-27","Adults","quantile","0.4",80
"newGBQR","2026-08-15",-7,"2026-06-27","Adults","quantile","0.45",83
"newGBQR","2026-08-15",-7,"2026-06-27","Adults","quantile","0.5",87
"newGBQR","2026-08-15",-7,"2026-06-27","Adults","quantile","0.55",90
"newGBQR","2026-08-15",-7,"2026-06-27","Adults","quantile","0.6",97
"newGBQR","2026-08-15",-7,"2026-06-27","Adults","quantile","0.65",99
"newGBQR","2026-08-15",-7,"2026-06-27","Adults","quantile","0.7",103
"newGBQR","2026-08-15",-7,"2026-06-27","Adults","quantile","0.75",105
"newGBQR","2026-08-15",-7,"2026-06-27","Adults","quantile","0.8",113
"newGBQR","2026-08-15",-7,"2026-06-27","Adults","quantile","0.85",120
"newGBQR","2026-08-15",-7,"2026-06-27","Adults","quantile","0.9",124
"newGBQR","2026-08-15",-7,"2026-06-27","Adults","quantile","0.95",131
"newGBQR","2026-08-15",-7,"2026-06-27","Adults","quantile","0.975",144
"newGBQR","2026-08-15",-7,"2026-06-27","Adults","quantile","0.99",169
"newGBQR","2026-08-15",-6,"2026-07-04","Adults","quantile","0.01",0
"newGBQR","2026-08-15",-6,"2026-07-04","Adults","quantile","0.025",10
"newGBQR","2026-08-15",-6,"2026-07-04","Adults","quantile","0.05",29
"newGBQR","2026-08-15",-6,"2026-07-04","Adults","quantile","0.1",50
"newGBQR","2026-08-15",-6,"2026-07-04","Adults","quantile","0.15",59
"newGBQR","2026-08-15",-6,"2026-07-04","Adults","quantile","0.2",64
"newGBQR","2026-08-15",-6,"2026-07-04","Adults","quantile","0.25",68
"newGBQR","2026-08-15",-6,"2026-07-04","Adults","quantile","0.3",70
"newGBQR","2026-08-15",-6,"2026-07-04","Adults","quantile","0.35",71
"newGBQR","2026-08-15",-6,"2026-07-04","Adults","quantile","0.4",76
"newGBQR","2026-08-15",-6,"2026-07-04","Adults","quantile","0.45",79
"newGBQR","2026-08-15",-6,"2026-07-04","Adults","quantile","0.5",83
"newGBQR","2026-08-15",-6,"2026-07-04","Adults","quantile","0.55",89
"newGBQR","2026-08-15",-6,"2026-07-04","Adults","quantile","0.6",95
"newGBQR","2026-08-15",-6,"2026-07-04","Adults","quantile","0.65",98
"newGBQR","2026-08-15",-6,"2026-07-04","Adults","quantile","0.7",102
"newGBQR","2026-08-15",-6,"2026-07-04","Adults","quantile","0.75",104
"newGBQR","2026-08-15",-6,"2026-07-04","Adults","quantile","0.8",111
"newGBQR","2026-08-15",-6,"2026-07-04","Adults","quantile","0.85",118
"newGBQR","2026-08-15",-6,"2026-07-04","Adults","quantile","0.9",122
"newGBQR","2026-08-15",-6,"2026-07-04","Adults","quantile","0.95",132
"newGBQR","2026-08-15",-6,"2026-07-04","Adults","quantile","0.975",146
"newGBQR","2026-08-15",-6,"2026-07-04","Adults","quantile","0.99",168
"newGBQR","2026-08-15",-5,"2026-07-11","Adults","quantile","0.01",0
"newGBQR","2026-08-15",-5,"2026-07-11","Adults","quantile","0.025",8
"newGBQR","2026-08-15",-5,"2026-07-11","Adults","quantile","0.05",26
"newGBQR","2026-08-15",-5,"2026-07-11","Adults","quantile","0.1",48
"newGBQR","2026-08-15",-5,"2026-07-11","Adults","quantile","0.15",57
"newGBQR","2026-08-15",-5,"2026-07-11","Adults","quantile","0.2",61
"newGBQR","2026-08-15",-5,"2026-07-11","Adults","quantile","0.25",61
"newGBQR","2026-08-15",-5,"2026-07-11","Adults","quantile","0.3",65
"newGBQR","2026-08-15",-5,"2026-07-11","Adults","quantile","0.35",67
"newGBQR","2026-08-15",-5,"2026-07-11","Adults","quantile","0.4",71
"newGBQR","2026-08-15",-5,"2026-07-11","Adults","quantile","0.45",72
"newGBQR","2026-08-15",-5,"2026-07-11","Adults","quantile","0.5",77
"newGBQR","2026-08-15",-5,"2026-07-11","Adults","quantile","0.55",82
"newGBQR","2026-08-15",-5,"2026-07-11","Adults","quantile","0.6",88
"newGBQR","2026-08-15",-5,"2026-07-11","Adults","quantile","0.65",92
"newGBQR","2026-08-15",-5,"2026-07-11","Adults","quantile","0.7",97
"newGBQR","2026-08-15",-5,"2026-07-11","Adults","quantile","0.75",100
"newGBQR","2026-08-15",-5,"2026-07-11","Adults","quantile","0.8",109
"newGBQR","2026-08-15",-5,"2026-07-11","Adults","quantile","0.85",115
"newGBQR","2026-08-15",-5,"2026-07-11","Adults","quantile","0.9",121
"newGBQR","2026-08-15",-5,"2026-07-11","Adults","quantile","0.95",134
"newGBQR","2026-08-15",-5,"2026-07-11","Adults","quantile","0.975",147
"newGBQR","2026-08-15",-5,"2026-07-11","Adults","quantile","0.99",169
"newGBQR","2026-08-15",-4,"2026-07-18","Adults","quantile","0.01",0
"newGBQR","2026-08-15",-4,"2026-07-18","Adults","quantile","0.025",6
"newGBQR","2026-08-15",-4,"2026-07-18","Adults","quantile","0.05",24
"newGBQR","2026-08-15",-4,"2026-07-18","Adults","quantile","0.1",46
"newGBQR","2026-08-15",-4,"2026-07-18","Adults","quantile","0.15",54
"newGBQR","2026-08-15",-4,"2026-07-18","Adults","quantile","0.2",57
"newGBQR","2026-08-15",-4,"2026-07-18","Adults","quantile","0.25",59
"newGBQR","2026-08-15",-4,"2026-07-18","Adults","quantile","0.3",61
"newGBQR","2026-08-15",-4,"2026-07-18","Adults","quantile","0.35",64
"newGBQR","2026-08-15",-4,"2026-07-18","Adults","quantile","0.4",69
"newGBQR","2026-08-15",-4,"2026-07-18","Adults","quantile","0.45",70
"newGBQR","2026-08-15",-4,"2026-07-18","Adults","quantile","0.5",75
"newGBQR","2026-08-15",-4,"2026-07-18","Adults","quantile","0.55",80
"newGBQR","2026-08-15",-4,"2026-07-18","Adults","quantile","0.6",84
"newGBQR","2026-08-15",-4,"2026-07-18","Adults","quantile","0.65",90
"newGBQR","2026-08-15",-4,"2026-07-18","Adults","quantile","0.7",91
"newGBQR","2026-08-15",-4,"2026-07-18","Adults","quantile","0.75",97
"newGBQR","2026-08-15",-4,"2026-07-18","Adults","quantile","0.8",106
"newGBQR","2026-08-15",-4,"2026-07-18","Adults","quantile","0.85",113
"newGBQR","2026-08-15",-4,"2026-07-18","Adults","quantile","0.9",121
"newGBQR","2026-08-15",-4,"2026-07-18","Adults","quantile","0.95",134
"newGBQR","2026-08-15",-4,"2026-07-18","Adults","quantile","0.975",147
"newGBQR","2026-08-15",-4,"2026-07-18","Adults","quantile","0.99",166
"newGBQR","2026-08-15",-3,"2026-07-25","Adults","quantile","0.01",0
"newGBQR","2026-08-15",-3,"2026-07-25","Adults","quantile","0.025",6
"newGBQR","2026-08-15",-3,"2026-07-25","Adults","quantile","0.05",20
"newGBQR","2026-08-15",-3,"2026-07-25","Adults","quantile","0.1",43
"newGBQR","2026-08-15",-3,"2026-07-25","Adults","quantile","0.15",52
"newGBQR","2026-08-15",-3,"2026-07-25","Adults","quantile","0.2",54
"newGBQR","2026-08-15",-3,"2026-07-25","Adults","quantile","0.25",57
"newGBQR","2026-08-15",-3,"2026-07-25","Adults","quantile","0.3",58
"newGBQR","2026-08-15",-3,"2026-07-25","Adults","quantile","0.35",62
"newGBQR","2026-08-15",-3,"2026-07-25","Adults","quantile","0.4",67
"newGBQR","2026-08-15",-3,"2026-07-25","Adults","quantile","0.45",67
"newGBQR","2026-08-15",-3,"2026-07-25","Adults","quantile","0.5",70
"newGBQR","2026-08-15",-3,"2026-07-25","Adults","quantile","0.55",76
"newGBQR","2026-08-15",-3,"2026-07-25","Adults","quantile","0.6",80
"newGBQR","2026-08-15",-3,"2026-07-25","Adults","quantile","0.65",85
"newGBQR","2026-08-15",-3,"2026-07-25","Adults","quantile","0.7",89
"newGBQR","2026-08-15",-3,"2026-07-25","Adults","quantile","0.75",94
"newGBQR","2026-08-15",-3,"2026-07-25","Adults","quantile","0.8",101
"newGBQR","2026-08-15",-3,"2026-07-25","Adults","quantile","0.85",110
"newGBQR","2026-08-15",-3,"2026-07-25","Adults","quantile","0.9",120
"newGBQR","2026-08-15",-3,"2026-07-25","Adults","quantile","0.95",135
"newGBQR","2026-08-15",-3,"2026-07-25","Adults","quantile","0.975",146
"newGBQR","2026-08-15",-3,"2026-07-25","Adults","quantile","0.99",166
"newGBQR","2026-08-15",-2,"2026-08-01","Adults","quantile","0.01",0
"newGBQR","2026-08-15",-2,"2026-08-01","Adults","quantile","0.025",5
"newGBQR","2026-08-15",-2,"2026-08-01","Adults","quantile","0.05",20
"newGBQR","2026-08-15",-2,"2026-08-01","Adults","quantile","0.1",41
"newGBQR","2026-08-15",-2,"2026-08-01","Adults","quantile","0.15",51
"newGBQR","2026-08-15",-2,"2026-08-01","Adults","quantile","0.2",51
"newGBQR","2026-08-15",-2,"2026-08-01","Adults","quantile","0.25",54
"newGBQR","2026-08-15",-2,"2026-08-01","Adults","quantile","0.3",57
"newGBQR","2026-08-15",-2,"2026-08-01","Adults","quantile","0.35",61
"newGBQR","2026-08-15",-2,"2026-08-01","Adults","quantile","0.4",65
"newGBQR","2026-08-15",-2,"2026-08-01","Adults","quantile","0.45",66
"newGBQR","2026-08-15",-2,"2026-08-01","Adults","quantile","0.5",68
"newGBQR","2026-08-15",-2,"2026-08-01","Adults","quantile","0.55",73
"newGBQR","2026-08-15",-2,"2026-08-01","Adults","quantile","0.6",76
"newGBQR","2026-08-15",-2,"2026-08-01","Adults","quantile","0.65",80
"newGBQR","2026-08-15",-2,"2026-08-01","Adults","quantile","0.7",87
"newGBQR","2026-08-15",-2,"2026-08-01","Adults","quantile","0.75",91
"newGBQR","2026-08-15",-2,"2026-08-01","Adults","quantile","0.8",99
"newGBQR","2026-08-15",-2,"2026-08-01","Adults","quantile","0.85",107
"newGBQR","2026-08-15",-2,"2026-08-01","Adults","quantile","0.9",117
"newGBQR","2026-08-15",-2,"2026-08-01","Adults","quantile","0.95",134
"newGBQR","2026-08-15",-2,"2026-08-01","Adults","quantile","0.975",145
"newGBQR","2026-08-15",-2,"2026-08-01","Adults","quantile","0.99",166
"newGBQR","2026-08-15",-1,"2026-08-08","Adults","quantile","0.01",0
"newGBQR","2026-08-15",-1,"2026-08-08","Adults","quantile","0.025",5
"newGBQR","2026-08-15",-1,"2026-08-08","Adults","quantile","0.05",20
"newGBQR","2026-08-15",-1,"2026-08-08","Adults","quantile","0.1",40
"newGBQR","2026-08-15",-1,"2026-08-08","Adults","quantile","0.15",48
"newGBQR","2026-08-15",-1,"2026-08-08","Adults","quantile","0.2",51
"newGBQR","2026-08-15",-1,"2026-08-08","Adults","quantile","0.25",53
"newGBQR","2026-08-15",-1,"2026-08-08","Adults","quantile","0.3",56
"newGBQR","2026-08-15",-1,"2026-08-08","Adults","quantile","0.35",60
"newGBQR","2026-08-15",-1,"2026-08-08","Adults","quantile","0.4",62
"newGBQR","2026-08-15",-1,"2026-08-08","Adults","quantile","0.45",64
"newGBQR","2026-08-15",-1,"2026-08-08","Adults","quantile","0.5",65
"newGBQR","2026-08-15",-1,"2026-08-08","Adults","quantile","0.55",68
"newGBQR","2026-08-15",-1,"2026-08-08","Adults","quantile","0.6",72
"newGBQR","2026-08-15",-1,"2026-08-08","Adults","quantile","0.65",76
"newGBQR","2026-08-15",-1,"2026-08-08","Adults","quantile","0.7",80
"newGBQR","2026-08-15",-1,"2026-08-08","Adults","quantile","0.75",87
"newGBQR","2026-08-15",-1,"2026-08-08","Adults","quantile","0.8",97
"newGBQR","2026-08-15",-1,"2026-08-08","Adults","quantile","0.85",105
"newGBQR","2026-08-15",-1,"2026-08-08","Adults","quantile","0.9",116
"newGBQR","2026-08-15",-1,"2026-08-08","Adults","quantile","0.95",135
"newGBQR","2026-08-15",-1,"2026-08-08","Adults","quantile","0.975",145
"newGBQR","2026-08-15",-1,"2026-08-08","Adults","quantile","0.99",167
"newGBQR","2026-08-15",0,"2026-08-15","Adults","quantile","0.01",0
"newGBQR","2026-08-15",0,"2026-08-15","Adults","quantile","0.025",5
"newGBQR","2026-08-15",0,"2026-08-15","Adults","quantile","0.05",20
"newGBQR","2026-08-15",0,"2026-08-15","Adults","quantile","0.1",38
"newGBQR","2026-08-15",0,"2026-08-15","Adults","quantile","0.15",47
"newGBQR","2026-08-15",0,"2026-08-15","Adults","quantile","0.2",50
"newGBQR","2026-08-15",0,"2026-08-15","Adults","quantile","0.25",55
"newGBQR","2026-08-15",0,"2026-08-15","Adults","quantile","0.3",55
"newGBQR","2026-08-15",0,"2026-08-15","Adults","quantile","0.35",58
"newGBQR","2026-08-15",0,"2026-08-15","Adults","quantile","0.4",61
"newGBQR","2026-08-15",0,"2026-08-15","Adults","quantile","0.45",63
"newGBQR","2026-08-15",0,"2026-08-15","Adults","quantile","0.5",64
"newGBQR","2026-08-15",0,"2026-08-15","Adults","quantile","0.55",66
"newGBQR","2026-08-15",0,"2026-08-15","Adults","quantile","0.6",72
"newGBQR","2026-08-15",0,"2026-08-15","Adults","quantile","0.65",72
"newGBQR","2026-08-15",0,"2026-08-15","Adults","quantile","0.7",78
"newGBQR","2026-08-15",0,"2026-08-15","Adults","quantile","0.75",85
"newGBQR","2026-08-15",0,"2026-08-15","Adults","quantile","0.8",93
"newGBQR","2026-08-15",0,"2026-08-15","Adults","quantile","0.85",105
"newGBQR","2026-08-15",0,"2026-08-15","Adults","quantile","0.9",116
"newGBQR","2026-08-15",0,"2026-08-15","Adults","quantile","0.95",135
"newGBQR","2026-08-15",0,"2026-08-15","Adults","quantile","0.975",146
"newGBQR","2026-08-15",0,"2026-08-15","Adults","quantile","0.99",167
"newGBQR","2026-08-15",1,"2026-08-22","Adults","quantile","0.01",0
"newGBQR","2026-08-15",1,"2026-08-22","Adults","quantile","0.025",6
"newGBQR","2026-08-15",1,"2026-08-22","Adults","quantile","0.05",21
"newGBQR","2026-08-15",1,"2026-08-22","Adults","quantile","0.1",39
"newGBQR","2026-08-15",1,"2026-08-22","Adults","quantile","0.15",49
"newGBQR","2026-08-15",1,"2026-08-22","Adults","quantile","0.2",52
"newGBQR","2026-08-15",1,"2026-08-22","Adults","quantile","0.25",55
"newGBQR","2026-08-15",1,"2026-08-22","Adults","quantile","0.3",56
"newGBQR","2026-08-15",1,"2026-08-22","Adults","quantile","0.35",59
"newGBQR","2026-08-15",1,"2026-08-22","Adults","quantile","0.4",59
"newGBQR","2026-08-15",1,"2026-08-22","Adults","quantile","0.45",61
"newGBQR","2026-08-15",1,"2026-08-22","Adults","quantile","0.5",62
"newGBQR","2026-08-15",1,"2026-08-22","Adults","quantile","0.55",66
"newGBQR","2026-08-15",1,"2026-08-22","Adults","quantile","0.6",70
"newGBQR","2026-08-15",1,"2026-08-22","Adults","quantile","0.65",72
"newGBQR","2026-08-15",1,"2026-08-22","Adults","quantile","0.7",78
"newGBQR","2026-08-15",1,"2026-08-22","Adults","quantile","0.75",87
"newGBQR","2026-08-15",1,"2026-08-22","Adults","quantile","0.8",98
"newGBQR","2026-08-15",1,"2026-08-22","Adults","quantile","0.85",111
"newGBQR","2026-08-15",1,"2026-08-22","Adults","quantile","0.9",122
"newGBQR","2026-08-15",1,"2026-08-22","Adults","quantile","0.95",135
"newGBQR","2026-08-15",1,"2026-08-22","Adults","quantile","0.975",146
"newGBQR","2026-08-15",1,"2026-08-22","Adults","quantile","0.99",169
"newGBQR","2026-08-15",2,"2026-08-29","Adults","quantile","0.01",0
"newGBQR","2026-08-15",2,"2026-08-29","Adults","quantile","0.025",4
"newGBQR","2026-08-15",2,"2026-08-29","Adults","quantile","0.05",23
"newGBQR","2026-08-15",2,"2026-08-29","Adults","quantile","0.1",41
"newGBQR","2026-08-15",2,"2026-08-29","Adults","quantile","0.15",53
"newGBQR","2026-08-15",2,"2026-08-29","Adults","quantile","0.2",57
"newGBQR","2026-08-15",2,"2026-08-29","Adults","quantile","0.25",59
"newGBQR","2026-08-15",2,"2026-08-29","Adults","quantile","0.3",59
"newGBQR","2026-08-15",2,"2026-08-29","Adults","quantile","0.35",61
"newGBQR","2026-08-15",2,"2026-08-29","Adults","quantile","0.4",62
"newGBQR","2026-08-15",2,"2026-08-29","Adults","quantile","0.45",63
"newGBQR","2026-08-15",2,"2026-08-29","Adults","quantile","0.5",64
"newGBQR","2026-08-15",2,"2026-08-29","Adults","quantile","0.55",66
"newGBQR","2026-08-15",2,"2026-08-29","Adults","quantile","0.6",71
"newGBQR","2026-08-15",2,"2026-08-29","Adults","quantile","0.65",72
"newGBQR","2026-08-15",2,"2026-08-29","Adults","quantile","0.7",78
"newGBQR","2026-08-15",2,"2026-08-29","Adults","quantile","0.75",88
"newGBQR","2026-08-15",2,"2026-08-29","Adults","quantile","0.8",98
"newGBQR","2026-08-15",2,"2026-08-29","Adults","quantile","0.85",111
"newGBQR","2026-08-15",2,"2026-08-29","Adults","quantile","0.9",122
"newGBQR","2026-08-15",2,"2026-08-29","Adults","quantile","0.95",137
"newGBQR","2026-08-15",2,"2026-08-29","Adults","quantile","0.975",146
"newGBQR","2026-08-15",2,"2026-08-29","Adults","quantile","0.99",169
"newGBQR","2026-08-15",3,"2026-09-05","Adults","quantile","0.01",0
"newGBQR","2026-08-15",3,"2026-09-05","Adults","quantile","0.025",3
"newGBQR","2026-08-15",3,"2026-09-05","Adults","quantile","0.05",26
"newGBQR","2026-08-15",3,"2026-09-05","Adults","quantile","0.1",45
"newGBQR","2026-08-15",3,"2026-09-05","Adults","quantile","0.15",56
"newGBQR","2026-08-15",3,"2026-09-05","Adults","quantile","0.2",61
"newGBQR","2026-08-15",3,"2026-09-05","Adults","quantile","0.25",64
"newGBQR","2026-08-15",3,"2026-09-05","Adults","quantile","0.3",65
"newGBQR","2026-08-15",3,"2026-09-05","Adults","quantile","0.35",65
"newGBQR","2026-08-15",3,"2026-09-05","Adults","quantile","0.4",65
"newGBQR","2026-08-15",3,"2026-09-05","Adults","quantile","0.45",66
"newGBQR","2026-08-15",3,"2026-09-05","Adults","quantile","0.5",68
"newGBQR","2026-08-15",3,"2026-09-05","Adults","quantile","0.55",73
"newGBQR","2026-08-15",3,"2026-09-05","Adults","quantile","0.6",74
"newGBQR","2026-08-15",3,"2026-09-05","Adults","quantile","0.65",77
"newGBQR","2026-08-15",3,"2026-09-05","Adults","quantile","0.7",80
"newGBQR","2026-08-15",3,"2026-09-05","Adults","quantile","0.75",91
"newGBQR","2026-08-15",3,"2026-09-05","Adults","quantile","0.8",102
"newGBQR","2026-08-15",3,"2026-09-05","Adults","quantile","0.85",114
"newGBQR","2026-08-15",3,"2026-09-05","Adults","quantile","0.9",124
"newGBQR","2026-08-15",3,"2026-09-05","Adults","quantile","0.95",137
"newGBQR","2026-08-15",3,"2026-09-05","Adults","quantile","0.975",146
"newGBQR","2026-08-15",3,"2026-09-05","Adults","quantile","0.99",170
"newGBQR","2026-08-15",-8,"2026-06-20","Overall","quantile","0.01",29
"newGBQR","2026-08-15",-8,"2026-06-20","Overall","quantile","0.025",65
"newGBQR","2026-08-15",-8,"2026-06-20","Overall","quantile","0.05",98
"newGBQR","2026-08-15",-8,"2026-06-20","Overall","quantile","0.1",140
"newGBQR","2026-08-15",-8,"2026-06-20","Overall","quantile","0.15",158
"newGBQR","2026-08-15",-8,"2026-06-20","Overall","quantile","0.2",167
"newGBQR","2026-08-15",-8,"2026-06-20","Overall","quantile","0.25",176
"newGBQR","2026-08-15",-8,"2026-06-20","Overall","quantile","0.3",183
"newGBQR","2026-08-15",-8,"2026-06-20","Overall","quantile","0.35",189
"newGBQR","2026-08-15",-8,"2026-06-20","Overall","quantile","0.4",191
"newGBQR","2026-08-15",-8,"2026-06-20","Overall","quantile","0.45",198
"newGBQR","2026-08-15",-8,"2026-06-20","Overall","quantile","0.5",204
"newGBQR","2026-08-15",-8,"2026-06-20","Overall","quantile","0.55",214
"newGBQR","2026-08-15",-8,"2026-06-20","Overall","quantile","0.6",221
"newGBQR","2026-08-15",-8,"2026-06-20","Overall","quantile","0.65",226
"newGBQR","2026-08-15",-8,"2026-06-20","Overall","quantile","0.7",230
"newGBQR","2026-08-15",-8,"2026-06-20","Overall","quantile","0.75",233
"newGBQR","2026-08-15",-8,"2026-06-20","Overall","quantile","0.8",248
"newGBQR","2026-08-15",-8,"2026-06-20","Overall","quantile","0.85",261
"newGBQR","2026-08-15",-8,"2026-06-20","Overall","quantile","0.9",268
"newGBQR","2026-08-15",-8,"2026-06-20","Overall","quantile","0.95",285
"newGBQR","2026-08-15",-8,"2026-06-20","Overall","quantile","0.975",303
"newGBQR","2026-08-15",-8,"2026-06-20","Overall","quantile","0.99",351
"newGBQR","2026-08-15",-7,"2026-06-27","Overall","quantile","0.01",29
"newGBQR","2026-08-15",-7,"2026-06-27","Overall","quantile","0.025",65
"newGBQR","2026-08-15",-7,"2026-06-27","Overall","quantile","0.05",98
"newGBQR","2026-08-15",-7,"2026-06-27","Overall","quantile","0.1",138
"newGBQR","2026-08-15",-7,"2026-06-27","Overall","quantile","0.15",154
"newGBQR","2026-08-15",-7,"2026-06-27","Overall","quantile","0.2",165
"newGBQR","2026-08-15",-7,"2026-06-27","Overall","quantile","0.25",172
"newGBQR","2026-08-15",-7,"2026-06-27","Overall","quantile","0.3",182
"newGBQR","2026-08-15",-7,"2026-06-27","Overall","quantile","0.35",187
"newGBQR","2026-08-15",-7,"2026-06-27","Overall","quantile","0.4",192
"newGBQR","2026-08-15",-7,"2026-06-27","Overall","quantile","0.45",199
"newGBQR","2026-08-15",-7,"2026-06-27","Overall","quantile","0.5",205
"newGBQR","2026-08-15",-7,"2026-06-27","Overall","quantile","0.55",213
"newGBQR","2026-08-15",-7,"2026-06-27","Overall","quantile","0.6",221
"newGBQR","2026-08-15",-7,"2026-06-27","Overall","quantile","0.65",225
"newGBQR","2026-08-15",-7,"2026-06-27","Overall","quantile","0.7",233
"newGBQR","2026-08-15",-7,"2026-06-27","Overall","quantile","0.75",234
"newGBQR","2026-08-15",-7,"2026-06-27","Overall","quantile","0.8",248
"newGBQR","2026-08-15",-7,"2026-06-27","Overall","quantile","0.85",261
"newGBQR","2026-08-15",-7,"2026-06-27","Overall","quantile","0.9",269
"newGBQR","2026-08-15",-7,"2026-06-27","Overall","quantile","0.95",283
"newGBQR","2026-08-15",-7,"2026-06-27","Overall","quantile","0.975",304
"newGBQR","2026-08-15",-7,"2026-06-27","Overall","quantile","0.99",351
"newGBQR","2026-08-15",-6,"2026-07-04","Overall","quantile","0.01",29
"newGBQR","2026-08-15",-6,"2026-07-04","Overall","quantile","0.025",65
"newGBQR","2026-08-15",-6,"2026-07-04","Overall","quantile","0.05",98
"newGBQR","2026-08-15",-6,"2026-07-04","Overall","quantile","0.1",131
"newGBQR","2026-08-15",-6,"2026-07-04","Overall","quantile","0.15",149
"newGBQR","2026-08-15",-6,"2026-07-04","Overall","quantile","0.2",159
"newGBQR","2026-08-15",-6,"2026-07-04","Overall","quantile","0.25",166
"newGBQR","2026-08-15",-6,"2026-07-04","Overall","quantile","0.3",175
"newGBQR","2026-08-15",-6,"2026-07-04","Overall","quantile","0.35",178
"newGBQR","2026-08-15",-6,"2026-07-04","Overall","quantile","0.4",186
"newGBQR","2026-08-15",-6,"2026-07-04","Overall","quantile","0.45",195
"newGBQR","2026-08-15",-6,"2026-07-04","Overall","quantile","0.5",203
"newGBQR","2026-08-15",-6,"2026-07-04","Overall","quantile","0.55",210
"newGBQR","2026-08-15",-6,"2026-07-04","Overall","quantile","0.6",217
"newGBQR","2026-08-15",-6,"2026-07-04","Overall","quantile","0.65",222
"newGBQR","2026-08-15",-6,"2026-07-04","Overall","quantile","0.7",232
"newGBQR","2026-08-15",-6,"2026-07-04","Overall","quantile","0.75",233
"newGBQR","2026-08-15",-6,"2026-07-04","Overall","quantile","0.8",245
"newGBQR","2026-08-15",-6,"2026-07-04","Overall","quantile","0.85",256
"newGBQR","2026-08-15",-6,"2026-07-04","Overall","quantile","0.9",263
"newGBQR","2026-08-15",-6,"2026-07-04","Overall","quantile","0.95",284
"newGBQR","2026-08-15",-6,"2026-07-04","Overall","quantile","0.975",309
"newGBQR","2026-08-15",-6,"2026-07-04","Overall","quantile","0.99",351
"newGBQR","2026-08-15",-5,"2026-07-11","Overall","quantile","0.01",29
"newGBQR","2026-08-15",-5,"2026-07-11","Overall","quantile","0.025",62
"newGBQR","2026-08-15",-5,"2026-07-11","Overall","quantile","0.05",92
"newGBQR","2026-08-15",-5,"2026-07-11","Overall","quantile","0.1",127
"newGBQR","2026-08-15",-5,"2026-07-11","Overall","quantile","0.15",146
"newGBQR","2026-08-15",-5,"2026-07-11","Overall","quantile","0.2",154
"newGBQR","2026-08-15",-5,"2026-07-11","Overall","quantile","0.25",158
"newGBQR","2026-08-15",-5,"2026-07-11","Overall","quantile","0.3",168
"newGBQR","2026-08-15",-5,"2026-07-11","Overall","quantile","0.35",172
"newGBQR","2026-08-15",-5,"2026-07-11","Overall","quantile","0.4",182
"newGBQR","2026-08-15",-5,"2026-07-11","Overall","quantile","0.45",186
"newGBQR","2026-08-15",-5,"2026-07-11","Overall","quantile","0.5",193
"newGBQR","2026-08-15",-5,"2026-07-11","Overall","quantile","0.55",205
"newGBQR","2026-08-15",-5,"2026-07-11","Overall","quantile","0.6",207
"newGBQR","2026-08-15",-5,"2026-07-11","Overall","quantile","0.65",215
"newGBQR","2026-08-15",-5,"2026-07-11","Overall","quantile","0.7",222
"newGBQR","2026-08-15",-5,"2026-07-11","Overall","quantile","0.75",225
"newGBQR","2026-08-15",-5,"2026-07-11","Overall","quantile","0.8",240
"newGBQR","2026-08-15",-5,"2026-07-11","Overall","quantile","0.85",252
"newGBQR","2026-08-15",-5,"2026-07-11","Overall","quantile","0.9",265
"newGBQR","2026-08-15",-5,"2026-07-11","Overall","quantile","0.95",286
"newGBQR","2026-08-15",-5,"2026-07-11","Overall","quantile","0.975",311
"newGBQR","2026-08-15",-5,"2026-07-11","Overall","quantile","0.99",351
"newGBQR","2026-08-15",-4,"2026-07-18","Overall","quantile","0.01",29
"newGBQR","2026-08-15",-4,"2026-07-18","Overall","quantile","0.025",60
"newGBQR","2026-08-15",-4,"2026-07-18","Overall","quantile","0.05",90
"newGBQR","2026-08-15",-4,"2026-07-18","Overall","quantile","0.1",124
"newGBQR","2026-08-15",-4,"2026-07-18","Overall","quantile","0.15",141
"newGBQR","2026-08-15",-4,"2026-07-18","Overall","quantile","0.2",150
"newGBQR","2026-08-15",-4,"2026-07-18","Overall","quantile","0.25",151
"newGBQR","2026-08-15",-4,"2026-07-18","Overall","quantile","0.3",161
"newGBQR","2026-08-15",-4,"2026-07-18","Overall","quantile","0.35",167
"newGBQR","2026-08-15",-4,"2026-07-18","Overall","quantile","0.4",176
"newGBQR","2026-08-15",-4,"2026-07-18","Overall","quantile","0.45",182
"newGBQR","2026-08-15",-4,"2026-07-18","Overall","quantile","0.5",189
"newGBQR","2026-08-15",-4,"2026-07-18","Overall","quantile","0.55",198
"newGBQR","2026-08-15",-4,"2026-07-18","Overall","quantile","0.6",202
"newGBQR","2026-08-15",-4,"2026-07-18","Overall","quantile","0.65",208
"newGBQR","2026-08-15",-4,"2026-07-18","Overall","quantile","0.7",213
"newGBQR","2026-08-15",-4,"2026-07-18","Overall","quantile","0.75",217
"newGBQR","2026-08-15",-4,"2026-07-18","Overall","quantile","0.8",238
"newGBQR","2026-08-15",-4,"2026-07-18","Overall","quantile","0.85",250
"newGBQR","2026-08-15",-4,"2026-07-18","Overall","quantile","0.9",263
"newGBQR","2026-08-15",-4,"2026-07-18","Overall","quantile","0.95",286
"newGBQR","2026-08-15",-4,"2026-07-18","Overall","quantile","0.975",311
"newGBQR","2026-08-15",-4,"2026-07-18","Overall","quantile","0.99",348
"newGBQR","2026-08-15",-3,"2026-07-25","Overall","quantile","0.01",29
"newGBQR","2026-08-15",-3,"2026-07-25","Overall","quantile","0.025",60
"newGBQR","2026-08-15",-3,"2026-07-25","Overall","quantile","0.05",86
"newGBQR","2026-08-15",-3,"2026-07-25","Overall","quantile","0.1",119
"newGBQR","2026-08-15",-3,"2026-07-25","Overall","quantile","0.15",138
"newGBQR","2026-08-15",-3,"2026-07-25","Overall","quantile","0.2",148
"newGBQR","2026-08-15",-3,"2026-07-25","Overall","quantile","0.25",150
"newGBQR","2026-08-15",-3,"2026-07-25","Overall","quantile","0.3",157
"newGBQR","2026-08-15",-3,"2026-07-25","Overall","quantile","0.35",161
"newGBQR","2026-08-15",-3,"2026-07-25","Overall","quantile","0.4",170
"newGBQR","2026-08-15",-3,"2026-07-25","Overall","quantile","0.45",177
"newGBQR","2026-08-15",-3,"2026-07-25","Overall","quantile","0.5",187
"newGBQR","2026-08-15",-3,"2026-07-25","Overall","quantile","0.55",192
"newGBQR","2026-08-15",-3,"2026-07-25","Overall","quantile","0.6",196
"newGBQR","2026-08-15",-3,"2026-07-25","Overall","quantile","0.65",204
"newGBQR","2026-08-15",-3,"2026-07-25","Overall","quantile","0.7",209
"newGBQR","2026-08-15",-3,"2026-07-25","Overall","quantile","0.75",211
"newGBQR","2026-08-15",-3,"2026-07-25","Overall","quantile","0.8",234
"newGBQR","2026-08-15",-3,"2026-07-25","Overall","quantile","0.85",244
"newGBQR","2026-08-15",-3,"2026-07-25","Overall","quantile","0.9",260
"newGBQR","2026-08-15",-3,"2026-07-25","Overall","quantile","0.95",287
"newGBQR","2026-08-15",-3,"2026-07-25","Overall","quantile","0.975",311
"newGBQR","2026-08-15",-3,"2026-07-25","Overall","quantile","0.99",348
"newGBQR","2026-08-15",-2,"2026-08-01","Overall","quantile","0.01",28
"newGBQR","2026-08-15",-2,"2026-08-01","Overall","quantile","0.025",59
"newGBQR","2026-08-15",-2,"2026-08-01","Overall","quantile","0.05",85
"newGBQR","2026-08-15",-2,"2026-08-01","Overall","quantile","0.1",116
"newGBQR","2026-08-15",-2,"2026-08-01","Overall","quantile","0.15",136
"newGBQR","2026-08-15",-2,"2026-08-01","Overall","quantile","0.2",149
"newGBQR","2026-08-15",-2,"2026-08-01","Overall","quantile","0.25",150
"newGBQR","2026-08-15",-2,"2026-08-01","Overall","quantile","0.3",158
"newGBQR","2026-08-15",-2,"2026-08-01","Overall","quantile","0.35",163
"newGBQR","2026-08-15",-2,"2026-08-01","Overall","quantile","0.4",170
"newGBQR","2026-08-15",-2,"2026-08-01","Overall","quantile","0.45",173
"newGBQR","2026-08-15",-2,"2026-08-01","Overall","quantile","0.5",182
"newGBQR","2026-08-15",-2,"2026-08-01","Overall","quantile","0.55",186
"newGBQR","2026-08-15",-2,"2026-08-01","Overall","quantile","0.6",190
"newGBQR","2026-08-15",-2,"2026-08-01","Overall","quantile","0.65",196
"newGBQR","2026-08-15",-2,"2026-08-01","Overall","quantile","0.7",200
"newGBQR","2026-08-15",-2,"2026-08-01","Overall","quantile","0.75",208
"newGBQR","2026-08-15",-2,"2026-08-01","Overall","quantile","0.8",227
"newGBQR","2026-08-15",-2,"2026-08-01","Overall","quantile","0.85",244
"newGBQR","2026-08-15",-2,"2026-08-01","Overall","quantile","0.9",256
"newGBQR","2026-08-15",-2,"2026-08-01","Overall","quantile","0.95",287
"newGBQR","2026-08-15",-2,"2026-08-01","Overall","quantile","0.975",309
"newGBQR","2026-08-15",-2,"2026-08-01","Overall","quantile","0.99",349
"newGBQR","2026-08-15",-1,"2026-08-08","Overall","quantile","0.01",28
"newGBQR","2026-08-15",-1,"2026-08-08","Overall","quantile","0.025",59
"newGBQR","2026-08-15",-1,"2026-08-08","Overall","quantile","0.05",92
"newGBQR","2026-08-15",-1,"2026-08-08","Overall","quantile","0.1",122
"newGBQR","2026-08-15",-1,"2026-08-08","Overall","quantile","0.15",142
"newGBQR","2026-08-15",-1,"2026-08-08","Overall","quantile","0.2",153
"newGBQR","2026-08-15",-1,"2026-08-08","Overall","quantile","0.25",154
"newGBQR","2026-08-15",-1,"2026-08-08","Overall","quantile","0.3",162
"newGBQR","2026-08-15",-1,"2026-08-08","Overall","quantile","0.35",163
"newGBQR","2026-08-15",-1,"2026-08-08","Overall","quantile","0.4",166
"newGBQR","2026-08-15",-1,"2026-08-08","Overall","quantile","0.45",171
"newGBQR","2026-08-15",-1,"2026-08-08","Overall","quantile","0.5",177
"newGBQR","2026-08-15",-1,"2026-08-08","Overall","quantile","0.55",181
"newGBQR","2026-08-15",-1,"2026-08-08","Overall","quantile","0.6",182
"newGBQR","2026-08-15",-1,"2026-08-08","Overall","quantile","0.65",190
"newGBQR","2026-08-15",-1,"2026-08-08","Overall","quantile","0.7",194
"newGBQR","2026-08-15",-1,"2026-08-08","Overall","quantile","0.75",209
"newGBQR","2026-08-15",-1,"2026-08-08","Overall","quantile","0.8",228
"newGBQR","2026-08-15",-1,"2026-08-08","Overall","quantile","0.85",247
"newGBQR","2026-08-15",-1,"2026-08-08","Overall","quantile","0.9",264
"newGBQR","2026-08-15",-1,"2026-08-08","Overall","quantile","0.95",289
"newGBQR","2026-08-15",-1,"2026-08-08","Overall","quantile","0.975",310
"newGBQR","2026-08-15",-1,"2026-08-08","Overall","quantile","0.99",353
"newGBQR","2026-08-15",0,"2026-08-15","Overall","quantile","0.01",28
"newGBQR","2026-08-15",0,"2026-08-15","Overall","quantile","0.025",58
"newGBQR","2026-08-15",0,"2026-08-15","Overall","quantile","0.05",92
"newGBQR","2026-08-15",0,"2026-08-15","Overall","quantile","0.1",123
"newGBQR","2026-08-15",0,"2026-08-15","Overall","quantile","0.15",146
"newGBQR","2026-08-15",0,"2026-08-15","Overall","quantile","0.2",159
"newGBQR","2026-08-15",0,"2026-08-15","Overall","quantile","0.25",159
"newGBQR","2026-08-15",0,"2026-08-15","Overall","quantile","0.3",166
"newGBQR","2026-08-15",0,"2026-08-15","Overall","quantile","0.35",167
"newGBQR","2026-08-15",0,"2026-08-15","Overall","quantile","0.4",171
"newGBQR","2026-08-15",0,"2026-08-15","Overall","quantile","0.45",175
"newGBQR","2026-08-15",0,"2026-08-15","Overall","quantile","0.5",178
"newGBQR","2026-08-15",0,"2026-08-15","Overall","quantile","0.55",179
"newGBQR","2026-08-15",0,"2026-08-15","Overall","quantile","0.6",182
"newGBQR","2026-08-15",0,"2026-08-15","Overall","quantile","0.65",188
"newGBQR","2026-08-15",0,"2026-08-15","Overall","quantile","0.7",194
"newGBQR","2026-08-15",0,"2026-08-15","Overall","quantile","0.75",211
"newGBQR","2026-08-15",0,"2026-08-15","Overall","quantile","0.8",226
"newGBQR","2026-08-15",0,"2026-08-15","Overall","quantile","0.85",247
"newGBQR","2026-08-15",0,"2026-08-15","Overall","quantile","0.9",266
"newGBQR","2026-08-15",0,"2026-08-15","Overall","quantile","0.95",289
"newGBQR","2026-08-15",0,"2026-08-15","Overall","quantile","0.975",310
"newGBQR","2026-08-15",0,"2026-08-15","Overall","quantile","0.99",352
"newGBQR","2026-08-15",1,"2026-08-22","Overall","quantile","0.01",28
"newGBQR","2026-08-15",1,"2026-08-22","Overall","quantile","0.025",57
"newGBQR","2026-08-15",1,"2026-08-22","Overall","quantile","0.05",98
"newGBQR","2026-08-15",1,"2026-08-22","Overall","quantile","0.1",129
"newGBQR","2026-08-15",1,"2026-08-22","Overall","quantile","0.15",150
"newGBQR","2026-08-15",1,"2026-08-22","Overall","quantile","0.2",163
"newGBQR","2026-08-15",1,"2026-08-22","Overall","quantile","0.25",172
"newGBQR","2026-08-15",1,"2026-08-22","Overall","quantile","0.3",175
"newGBQR","2026-08-15",1,"2026-08-22","Overall","quantile","0.35",178
"newGBQR","2026-08-15",1,"2026-08-22","Overall","quantile","0.4",178
"newGBQR","2026-08-15",1,"2026-08-22","Overall","quantile","0.45",182
"newGBQR","2026-08-15",1,"2026-08-22","Overall","quantile","0.5",183
"newGBQR","2026-08-15",1,"2026-08-22","Overall","quantile","0.55",183
"newGBQR","2026-08-15",1,"2026-08-22","Overall","quantile","0.6",187
"newGBQR","2026-08-15",1,"2026-08-22","Overall","quantile","0.65",190
"newGBQR","2026-08-15",1,"2026-08-22","Overall","quantile","0.7",202
"newGBQR","2026-08-15",1,"2026-08-22","Overall","quantile","0.75",214
"newGBQR","2026-08-15",1,"2026-08-22","Overall","quantile","0.8",239
"newGBQR","2026-08-15",1,"2026-08-22","Overall","quantile","0.85",253
"newGBQR","2026-08-15",1,"2026-08-22","Overall","quantile","0.9",270
"newGBQR","2026-08-15",1,"2026-08-22","Overall","quantile","0.95",296
"newGBQR","2026-08-15",1,"2026-08-22","Overall","quantile","0.975",313
"newGBQR","2026-08-15",1,"2026-08-22","Overall","quantile","0.99",361
"newGBQR","2026-08-15",2,"2026-08-29","Overall","quantile","0.01",28
"newGBQR","2026-08-15",2,"2026-08-29","Overall","quantile","0.025",56
"newGBQR","2026-08-15",2,"2026-08-29","Overall","quantile","0.05",98
"newGBQR","2026-08-15",2,"2026-08-29","Overall","quantile","0.1",129
"newGBQR","2026-08-15",2,"2026-08-29","Overall","quantile","0.15",151
"newGBQR","2026-08-15",2,"2026-08-29","Overall","quantile","0.2",169
"newGBQR","2026-08-15",2,"2026-08-29","Overall","quantile","0.25",176
"newGBQR","2026-08-15",2,"2026-08-29","Overall","quantile","0.3",181
"newGBQR","2026-08-15",2,"2026-08-29","Overall","quantile","0.35",181
"newGBQR","2026-08-15",2,"2026-08-29","Overall","quantile","0.4",184
"newGBQR","2026-08-15",2,"2026-08-29","Overall","quantile","0.45",186
"newGBQR","2026-08-15",2,"2026-08-29","Overall","quantile","0.5",186
"newGBQR","2026-08-15",2,"2026-08-29","Overall","quantile","0.55",190
"newGBQR","2026-08-15",2,"2026-08-29","Overall","quantile","0.6",191
"newGBQR","2026-08-15",2,"2026-08-29","Overall","quantile","0.65",204
"newGBQR","2026-08-15",2,"2026-08-29","Overall","quantile","0.7",217
"newGBQR","2026-08-15",2,"2026-08-29","Overall","quantile","0.75",229
"newGBQR","2026-08-15",2,"2026-08-29","Overall","quantile","0.8",252
"newGBQR","2026-08-15",2,"2026-08-29","Overall","quantile","0.85",260
"newGBQR","2026-08-15",2,"2026-08-29","Overall","quantile","0.9",276
"newGBQR","2026-08-15",2,"2026-08-29","Overall","quantile","0.95",299
"newGBQR","2026-08-15",2,"2026-08-29","Overall","quantile","0.975",317
"newGBQR","2026-08-15",2,"2026-08-29","Overall","quantile","0.99",373
"newGBQR","2026-08-15",3,"2026-09-05","Overall","quantile","0.01",28
"newGBQR","2026-08-15",3,"2026-09-05","Overall","quantile","0.025",55
"newGBQR","2026-08-15",3,"2026-09-05","Overall","quantile","0.05",98
"newGBQR","2026-08-15",3,"2026-09-05","Overall","quantile","0.1",131
"newGBQR","2026-08-15",3,"2026-09-05","Overall","quantile","0.15",152
"newGBQR","2026-08-15",3,"2026-09-05","Overall","quantile","0.2",169
"newGBQR","2026-08-15",3,"2026-09-05","Overall","quantile","0.25",175
"newGBQR","2026-08-15",3,"2026-09-05","Overall","quantile","0.3",180
"newGBQR","2026-08-15",3,"2026-09-05","Overall","quantile","0.35",185
"newGBQR","2026-08-15",3,"2026-09-05","Overall","quantile","0.4",186
"newGBQR","2026-08-15",3,"2026-09-05","Overall","quantile","0.45",186
"newGBQR","2026-08-15",3,"2026-09-05","Overall","quantile","0.5",187
"newGBQR","2026-08-15",3,"2026-09-05","Overall","quantile","0.55",191
"newGBQR","2026-08-15",3,"2026-09-05","Overall","quantile","0.6",192
"newGBQR","2026-08-15",3,"2026-09-05","Overall","quantile","0.65",204
"newGBQR","2026-08-15",3,"2026-09-05","Overall","quantile","0.7",217
"newGBQR","2026-08-15",3,"2026-09-05","Overall","quantile","0.75",232
"newGBQR","2026-08-15",3,"2026-09-05","Overall","quantile","0.8",252
"newGBQR","2026-08-15",3,"2026-09-05","Overall","quantile","0.85",262
"newGBQR","2026-08-15",3,"2026-09-05","Overall","quantile","0.9",276
"newGBQR","2026-08-15",3,"2026-09-05","Overall","quantile","0.95",299
"newGBQR","2026-08-15",3,"2026-09-05","Overall","quantile","0.975",318
"newGBQR","2026-08-15",3,"2026-09-05","Overall","quantile","0.99",373
"newGBQR","2026-08-15",-8,"2026-06-20","Pediatrics","quantile","0.01",28
"newGBQR","2026-08-15",-8,"2026-06-20","Pediatrics","quantile","0.025",48
"newGBQR","2026-08-15",-8,"2026-06-20","Pediatrics","quantile","0.05",62
"newGBQR","2026-08-15",-8,"2026-06-20","Pediatrics","quantile","0.1",84
"newGBQR","2026-08-15",-8,"2026-06-20","Pediatrics","quantile","0.15",91
"newGBQR","2026-08-15",-8,"2026-06-20","Pediatrics","quantile","0.2",96
"newGBQR","2026-08-15",-8,"2026-06-20","Pediatrics","quantile","0.25",101
"newGBQR","2026-08-15",-8,"2026-06-20","Pediatrics","quantile","0.3",105
"newGBQR","2026-08-15",-8,"2026-06-20","Pediatrics","quantile","0.35",109
"newGBQR","2026-08-15",-8,"2026-06-20","Pediatrics","quantile","0.4",114
"newGBQR","2026-08-15",-8,"2026-06-20","Pediatrics","quantile","0.45",122
"newGBQR","2026-08-15",-8,"2026-06-20","Pediatrics","quantile","0.5",126
"newGBQR","2026-08-15",-8,"2026-06-20","Pediatrics","quantile","0.55",130
"newGBQR","2026-08-15",-8,"2026-06-20","Pediatrics","quantile","0.6",134
"newGBQR","2026-08-15",-8,"2026-06-20","Pediatrics","quantile","0.65",134
"newGBQR","2026-08-15",-8,"2026-06-20","Pediatrics","quantile","0.7",135
"newGBQR","2026-08-15",-8,"2026-06-20","Pediatrics","quantile","0.75",139
"newGBQR","2026-08-15",-8,"2026-06-20","Pediatrics","quantile","0.8",142
"newGBQR","2026-08-15",-8,"2026-06-20","Pediatrics","quantile","0.85",147
"newGBQR","2026-08-15",-8,"2026-06-20","Pediatrics","quantile","0.9",150
"newGBQR","2026-08-15",-8,"2026-06-20","Pediatrics","quantile","0.95",158
"newGBQR","2026-08-15",-8,"2026-06-20","Pediatrics","quantile","0.975",169
"newGBQR","2026-08-15",-8,"2026-06-20","Pediatrics","quantile","0.99",192
"newGBQR","2026-08-15",-7,"2026-06-27","Pediatrics","quantile","0.01",28
"newGBQR","2026-08-15",-7,"2026-06-27","Pediatrics","quantile","0.025",45
"newGBQR","2026-08-15",-7,"2026-06-27","Pediatrics","quantile","0.05",61
"newGBQR","2026-08-15",-7,"2026-06-27","Pediatrics","quantile","0.1",82
"newGBQR","2026-08-15",-7,"2026-06-27","Pediatrics","quantile","0.15",90
"newGBQR","2026-08-15",-7,"2026-06-27","Pediatrics","quantile","0.2",95
"newGBQR","2026-08-15",-7,"2026-06-27","Pediatrics","quantile","0.25",101
"newGBQR","2026-08-15",-7,"2026-06-27","Pediatrics","quantile","0.3",104
"newGBQR","2026-08-15",-7,"2026-06-27","Pediatrics","quantile","0.35",108
"newGBQR","2026-08-15",-7,"2026-06-27","Pediatrics","quantile","0.4",113
"newGBQR","2026-08-15",-7,"2026-06-27","Pediatrics","quantile","0.45",123
"newGBQR","2026-08-15",-7,"2026-06-27","Pediatrics","quantile","0.5",126
"newGBQR","2026-08-15",-7,"2026-06-27","Pediatrics","quantile","0.55",131
"newGBQR","2026-08-15",-7,"2026-06-27","Pediatrics","quantile","0.6",133
"newGBQR","2026-08-15",-7,"2026-06-27","Pediatrics","quantile","0.65",135
"newGBQR","2026-08-15",-7,"2026-06-27","Pediatrics","quantile","0.7",136
"newGBQR","2026-08-15",-7,"2026-06-27","Pediatrics","quantile","0.75",139
"newGBQR","2026-08-15",-7,"2026-06-27","Pediatrics","quantile","0.8",142
"newGBQR","2026-08-15",-7,"2026-06-27","Pediatrics","quantile","0.85",147
"newGBQR","2026-08-15",-7,"2026-06-27","Pediatrics","quantile","0.9",150
"newGBQR","2026-08-15",-7,"2026-06-27","Pediatrics","quantile","0.95",158
"newGBQR","2026-08-15",-7,"2026-06-27","Pediatrics","quantile","0.975",167
"newGBQR","2026-08-15",-7,"2026-06-27","Pediatrics","quantile","0.99",192
"newGBQR","2026-08-15",-6,"2026-07-04","Pediatrics","quantile","0.01",28
"newGBQR","2026-08-15",-6,"2026-07-04","Pediatrics","quantile","0.025",46
"newGBQR","2026-08-15",-6,"2026-07-04","Pediatrics","quantile","0.05",61
"newGBQR","2026-08-15",-6,"2026-07-04","Pediatrics","quantile","0.1",79
"newGBQR","2026-08-15",-6,"2026-07-04","Pediatrics","quantile","0.15",88
"newGBQR","2026-08-15",-6,"2026-07-04","Pediatrics","quantile","0.2",93
"newGBQR","2026-08-15",-6,"2026-07-04","Pediatrics","quantile","0.25",97
"newGBQR","2026-08-15",-6,"2026-07-04","Pediatrics","quantile","0.3",101
"newGBQR","2026-08-15",-6,"2026-07-04","Pediatrics","quantile","0.35",105
"newGBQR","2026-08-15",-6,"2026-07-04","Pediatrics","quantile","0.4",111
"newGBQR","2026-08-15",-6,"2026-07-04","Pediatrics","quantile","0.45",121
"newGBQR","2026-08-15",-6,"2026-07-04","Pediatrics","quantile","0.5",125
"newGBQR","2026-08-15",-6,"2026-07-04","Pediatrics","quantile","0.55",128
"newGBQR","2026-08-15",-6,"2026-07-04","Pediatrics","quantile","0.6",133
"newGBQR","2026-08-15",-6,"2026-07-04","Pediatrics","quantile","0.65",134
"newGBQR","2026-08-15",-6,"2026-07-04","Pediatrics","quantile","0.7",135
"newGBQR","2026-08-15",-6,"2026-07-04","Pediatrics","quantile","0.75",137
"newGBQR","2026-08-15",-6,"2026-07-04","Pediatrics","quantile","0.8",142
"newGBQR","2026-08-15",-6,"2026-07-04","Pediatrics","quantile","0.85",147
"newGBQR","2026-08-15",-6,"2026-07-04","Pediatrics","quantile","0.9",149
"newGBQR","2026-08-15",-6,"2026-07-04","Pediatrics","quantile","0.95",161
"newGBQR","2026-08-15",-6,"2026-07-04","Pediatrics","quantile","0.975",170
"newGBQR","2026-08-15",-6,"2026-07-04","Pediatrics","quantile","0.99",192
"newGBQR","2026-08-15",-5,"2026-07-11","Pediatrics","quantile","0.01",28
"newGBQR","2026-08-15",-5,"2026-07-11","Pediatrics","quantile","0.025",45
"newGBQR","2026-08-15",-5,"2026-07-11","Pediatrics","quantile","0.05",59
"newGBQR","2026-08-15",-5,"2026-07-11","Pediatrics","quantile","0.1",76
"newGBQR","2026-08-15",-5,"2026-07-11","Pediatrics","quantile","0.15",86
"newGBQR","2026-08-15",-5,"2026-07-11","Pediatrics","quantile","0.2",90
"newGBQR","2026-08-15",-5,"2026-07-11","Pediatrics","quantile","0.25",93
"newGBQR","2026-08-15",-5,"2026-07-11","Pediatrics","quantile","0.3",97
"newGBQR","2026-08-15",-5,"2026-07-11","Pediatrics","quantile","0.35",103
"newGBQR","2026-08-15",-5,"2026-07-11","Pediatrics","quantile","0.4",107
"newGBQR","2026-08-15",-5,"2026-07-11","Pediatrics","quantile","0.45",115
"newGBQR","2026-08-15",-5,"2026-07-11","Pediatrics","quantile","0.5",121
"newGBQR","2026-08-15",-5,"2026-07-11","Pediatrics","quantile","0.55",121
"newGBQR","2026-08-15",-5,"2026-07-11","Pediatrics","quantile","0.6",127
"newGBQR","2026-08-15",-5,"2026-07-11","Pediatrics","quantile","0.65",130
"newGBQR","2026-08-15",-5,"2026-07-11","Pediatrics","quantile","0.7",132
"newGBQR","2026-08-15",-5,"2026-07-11","Pediatrics","quantile","0.75",134
"newGBQR","2026-08-15",-5,"2026-07-11","Pediatrics","quantile","0.8",139
"newGBQR","2026-08-15",-5,"2026-07-11","Pediatrics","quantile","0.85",145
"newGBQR","2026-08-15",-5,"2026-07-11","Pediatrics","quantile","0.9",148
"newGBQR","2026-08-15",-5,"2026-07-11","Pediatrics","quantile","0.95",161
"newGBQR","2026-08-15",-5,"2026-07-11","Pediatrics","quantile","0.975",171
"newGBQR","2026-08-15",-5,"2026-07-11","Pediatrics","quantile","0.99",192
"newGBQR","2026-08-15",-4,"2026-07-18","Pediatrics","quantile","0.01",28
"newGBQR","2026-08-15",-4,"2026-07-18","Pediatrics","quantile","0.025",43
"newGBQR","2026-08-15",-4,"2026-07-18","Pediatrics","quantile","0.05",57
"newGBQR","2026-08-15",-4,"2026-07-18","Pediatrics","quantile","0.1",76
"newGBQR","2026-08-15",-4,"2026-07-18","Pediatrics","quantile","0.15",84
"newGBQR","2026-08-15",-4,"2026-07-18","Pediatrics","quantile","0.2",91
"newGBQR","2026-08-15",-4,"2026-07-18","Pediatrics","quantile","0.25",91
"newGBQR","2026-08-15",-4,"2026-07-18","Pediatrics","quantile","0.3",97
"newGBQR","2026-08-15",-4,"2026-07-18","Pediatrics","quantile","0.35",100
"newGBQR","2026-08-15",-4,"2026-07-18","Pediatrics","quantile","0.4",105
"newGBQR","2026-08-15",-4,"2026-07-18","Pediatrics","quantile","0.45",116
"newGBQR","2026-08-15",-4,"2026-07-18","Pediatrics","quantile","0.5",122
"newGBQR","2026-08-15",-4,"2026-07-18","Pediatrics","quantile","0.55",122
"newGBQR","2026-08-15",-4,"2026-07-18","Pediatrics","quantile","0.6",126
"newGBQR","2026-08-15",-4,"2026-07-18","Pediatrics","quantile","0.65",129
"newGBQR","2026-08-15",-4,"2026-07-18","Pediatrics","quantile","0.7",129
"newGBQR","2026-08-15",-4,"2026-07-18","Pediatrics","quantile","0.75",132
"newGBQR","2026-08-15",-4,"2026-07-18","Pediatrics","quantile","0.8",138
"newGBQR","2026-08-15",-4,"2026-07-18","Pediatrics","quantile","0.85",145
"newGBQR","2026-08-15",-4,"2026-07-18","Pediatrics","quantile","0.9",148
"newGBQR","2026-08-15",-4,"2026-07-18","Pediatrics","quantile","0.95",161
"newGBQR","2026-08-15",-4,"2026-07-18","Pediatrics","quantile","0.975",171
"newGBQR","2026-08-15",-4,"2026-07-18","Pediatrics","quantile","0.99",192
"newGBQR","2026-08-15",-3,"2026-07-25","Pediatrics","quantile","0.01",28
"newGBQR","2026-08-15",-3,"2026-07-25","Pediatrics","quantile","0.025",43
"newGBQR","2026-08-15",-3,"2026-07-25","Pediatrics","quantile","0.05",58
"newGBQR","2026-08-15",-3,"2026-07-25","Pediatrics","quantile","0.1",78
"newGBQR","2026-08-15",-3,"2026-07-25","Pediatrics","quantile","0.15",87
"newGBQR","2026-08-15",-3,"2026-07-25","Pediatrics","quantile","0.2",94
"newGBQR","2026-08-15",-3,"2026-07-25","Pediatrics","quantile","0.25",95
"newGBQR","2026-08-15",-3,"2026-07-25","Pediatrics","quantile","0.3",97
"newGBQR","2026-08-15",-3,"2026-07-25","Pediatrics","quantile","0.35",102
"newGBQR","2026-08-15",-3,"2026-07-25","Pediatrics","quantile","0.4",104
"newGBQR","2026-08-15",-3,"2026-07-25","Pediatrics","quantile","0.45",113
"newGBQR","2026-08-15",-3,"2026-07-25","Pediatrics","quantile","0.5",119
"newGBQR","2026-08-15",-3,"2026-07-25","Pediatrics","quantile","0.55",121
"newGBQR","2026-08-15",-3,"2026-07-25","Pediatrics","quantile","0.6",123
"newGBQR","2026-08-15",-3,"2026-07-25","Pediatrics","quantile","0.65",127
"newGBQR","2026-08-15",-3,"2026-07-25","Pediatrics","quantile","0.7",128
"newGBQR","2026-08-15",-3,"2026-07-25","Pediatrics","quantile","0.75",132
"newGBQR","2026-08-15",-3,"2026-07-25","Pediatrics","quantile","0.8",137
"newGBQR","2026-08-15",-3,"2026-07-25","Pediatrics","quantile","0.85",146
"newGBQR","2026-08-15",-3,"2026-07-25","Pediatrics","quantile","0.9",152
"newGBQR","2026-08-15",-3,"2026-07-25","Pediatrics","quantile","0.95",163
"newGBQR","2026-08-15",-3,"2026-07-25","Pediatrics","quantile","0.975",172
"newGBQR","2026-08-15",-3,"2026-07-25","Pediatrics","quantile","0.99",193
"newGBQR","2026-08-15",-2,"2026-08-01","Pediatrics","quantile","0.01",27
"newGBQR","2026-08-15",-2,"2026-08-01","Pediatrics","quantile","0.025",43
"newGBQR","2026-08-15",-2,"2026-08-01","Pediatrics","quantile","0.05",61
"newGBQR","2026-08-15",-2,"2026-08-01","Pediatrics","quantile","0.1",80
"newGBQR","2026-08-15",-2,"2026-08-01","Pediatrics","quantile","0.15",89
"newGBQR","2026-08-15",-2,"2026-08-01","Pediatrics","quantile","0.2",94
"newGBQR","2026-08-15",-2,"2026-08-01","Pediatrics","quantile","0.25",98
"newGBQR","2026-08-15",-2,"2026-08-01","Pediatrics","quantile","0.3",101
"newGBQR","2026-08-15",-2,"2026-08-01","Pediatrics","quantile","0.35",104
"newGBQR","2026-08-15",-2,"2026-08-01","Pediatrics","quantile","0.4",107
"newGBQR","2026-08-15",-2,"2026-08-01","Pediatrics","quantile","0.45",111
"newGBQR","2026-08-15",-2,"2026-08-01","Pediatrics","quantile","0.5",116
"newGBQR","2026-08-15",-2,"2026-08-01","Pediatrics","quantile","0.55",122
"newGBQR","2026-08-15",-2,"2026-08-01","Pediatrics","quantile","0.6",124
"newGBQR","2026-08-15",-2,"2026-08-01","Pediatrics","quantile","0.65",126
"newGBQR","2026-08-15",-2,"2026-08-01","Pediatrics","quantile","0.7",130
"newGBQR","2026-08-15",-2,"2026-08-01","Pediatrics","quantile","0.75",136
"newGBQR","2026-08-15",-2,"2026-08-01","Pediatrics","quantile","0.8",139
"newGBQR","2026-08-15",-2,"2026-08-01","Pediatrics","quantile","0.85",148
"newGBQR","2026-08-15",-2,"2026-08-01","Pediatrics","quantile","0.9",152
"newGBQR","2026-08-15",-2,"2026-08-01","Pediatrics","quantile","0.95",163
"newGBQR","2026-08-15",-2,"2026-08-01","Pediatrics","quantile","0.975",171
"newGBQR","2026-08-15",-2,"2026-08-01","Pediatrics","quantile","0.99",193
"newGBQR","2026-08-15",-1,"2026-08-08","Pediatrics","quantile","0.01",27
"newGBQR","2026-08-15",-1,"2026-08-08","Pediatrics","quantile","0.025",43
"newGBQR","2026-08-15",-1,"2026-08-08","Pediatrics","quantile","0.05",61
"newGBQR","2026-08-15",-1,"2026-08-08","Pediatrics","quantile","0.1",81
"newGBQR","2026-08-15",-1,"2026-08-08","Pediatrics","quantile","0.15",89
"newGBQR","2026-08-15",-1,"2026-08-08","Pediatrics","quantile","0.2",96
"newGBQR","2026-08-15",-1,"2026-08-08","Pediatrics","quantile","0.25",106
"newGBQR","2026-08-15",-1,"2026-08-08","Pediatrics","quantile","0.3",109
"newGBQR","2026-08-15",-1,"2026-08-08","Pediatrics","quantile","0.35",111
"newGBQR","2026-08-15",-1,"2026-08-08","Pediatrics","quantile","0.4",111
"newGBQR","2026-08-15",-1,"2026-08-08","Pediatrics","quantile","0.45",113
"newGBQR","2026-08-15",-1,"2026-08-08","Pediatrics","quantile","0.5",116
"newGBQR","2026-08-15",-1,"2026-08-08","Pediatrics","quantile","0.55",121
"newGBQR","2026-08-15",-1,"2026-08-08","Pediatrics","quantile","0.6",124
"newGBQR","2026-08-15",-1,"2026-08-08","Pediatrics","quantile","0.65",129
"newGBQR","2026-08-15",-1,"2026-08-08","Pediatrics","quantile","0.7",131
"newGBQR","2026-08-15",-1,"2026-08-08","Pediatrics","quantile","0.75",137
"newGBQR","2026-08-15",-1,"2026-08-08","Pediatrics","quantile","0.8",143
"newGBQR","2026-08-15",-1,"2026-08-08","Pediatrics","quantile","0.85",149
"newGBQR","2026-08-15",-1,"2026-08-08","Pediatrics","quantile","0.9",154
"newGBQR","2026-08-15",-1,"2026-08-08","Pediatrics","quantile","0.95",165
"newGBQR","2026-08-15",-1,"2026-08-08","Pediatrics","quantile","0.975",173
"newGBQR","2026-08-15",-1,"2026-08-08","Pediatrics","quantile","0.99",199
"newGBQR","2026-08-15",0,"2026-08-15","Pediatrics","quantile","0.01",27
"newGBQR","2026-08-15",0,"2026-08-15","Pediatrics","quantile","0.025",42
"newGBQR","2026-08-15",0,"2026-08-15","Pediatrics","quantile","0.05",60
"newGBQR","2026-08-15",0,"2026-08-15","Pediatrics","quantile","0.1",80
"newGBQR","2026-08-15",0,"2026-08-15","Pediatrics","quantile","0.15",89
"newGBQR","2026-08-15",0,"2026-08-15","Pediatrics","quantile","0.2",99
"newGBQR","2026-08-15",0,"2026-08-15","Pediatrics","quantile","0.25",104
"newGBQR","2026-08-15",0,"2026-08-15","Pediatrics","quantile","0.3",106
"newGBQR","2026-08-15",0,"2026-08-15","Pediatrics","quantile","0.35",111
"newGBQR","2026-08-15",0,"2026-08-15","Pediatrics","quantile","0.4",112
"newGBQR","2026-08-15",0,"2026-08-15","Pediatrics","quantile","0.45",113
"newGBQR","2026-08-15",0,"2026-08-15","Pediatrics","quantile","0.5",120
"newGBQR","2026-08-15",0,"2026-08-15","Pediatrics","quantile","0.55",123
"newGBQR","2026-08-15",0,"2026-08-15","Pediatrics","quantile","0.6",125
"newGBQR","2026-08-15",0,"2026-08-15","Pediatrics","quantile","0.65",131
"newGBQR","2026-08-15",0,"2026-08-15","Pediatrics","quantile","0.7",140
"newGBQR","2026-08-15",0,"2026-08-15","Pediatrics","quantile","0.75",141
"newGBQR","2026-08-15",0,"2026-08-15","Pediatrics","quantile","0.8",149
"newGBQR","2026-08-15",0,"2026-08-15","Pediatrics","quantile","0.85",152
"newGBQR","2026-08-15",0,"2026-08-15","Pediatrics","quantile","0.9",156
"newGBQR","2026-08-15",0,"2026-08-15","Pediatrics","quantile","0.95",165
"newGBQR","2026-08-15",0,"2026-08-15","Pediatrics","quantile","0.975",175
"newGBQR","2026-08-15",0,"2026-08-15","Pediatrics","quantile","0.99",201
"newGBQR","2026-08-15",1,"2026-08-22","Pediatrics","quantile","0.01",27
"newGBQR","2026-08-15",1,"2026-08-22","Pediatrics","quantile","0.025",41
"newGBQR","2026-08-15",1,"2026-08-22","Pediatrics","quantile","0.05",60
"newGBQR","2026-08-15",1,"2026-08-22","Pediatrics","quantile","0.1",82
"newGBQR","2026-08-15",1,"2026-08-22","Pediatrics","quantile","0.15",91
"newGBQR","2026-08-15",1,"2026-08-22","Pediatrics","quantile","0.2",99
"newGBQR","2026-08-15",1,"2026-08-22","Pediatrics","quantile","0.25",103
"newGBQR","2026-08-15",1,"2026-08-22","Pediatrics","quantile","0.3",105
"newGBQR","2026-08-15",1,"2026-08-22","Pediatrics","quantile","0.35",112
"newGBQR","2026-08-15",1,"2026-08-22","Pediatrics","quantile","0.4",112
"newGBQR","2026-08-15",1,"2026-08-22","Pediatrics","quantile","0.45",113
"newGBQR","2026-08-15",1,"2026-08-22","Pediatrics","quantile","0.5",120
"newGBQR","2026-08-15",1,"2026-08-22","Pediatrics","quantile","0.55",121
"newGBQR","2026-08-15",1,"2026-08-22","Pediatrics","quantile","0.6",125
"newGBQR","2026-08-15",1,"2026-08-22","Pediatrics","quantile","0.65",133
"newGBQR","2026-08-15",1,"2026-08-22","Pediatrics","quantile","0.7",140
"newGBQR","2026-08-15",1,"2026-08-22","Pediatrics","quantile","0.75",142
"newGBQR","2026-08-15",1,"2026-08-22","Pediatrics","quantile","0.8",150
"newGBQR","2026-08-15",1,"2026-08-22","Pediatrics","quantile","0.85",157
"newGBQR","2026-08-15",1,"2026-08-22","Pediatrics","quantile","0.9",157
"newGBQR","2026-08-15",1,"2026-08-22","Pediatrics","quantile","0.95",165
"newGBQR","2026-08-15",1,"2026-08-22","Pediatrics","quantile","0.975",176
"newGBQR","2026-08-15",1,"2026-08-22","Pediatrics","quantile","0.99",202
"newGBQR","2026-08-15",2,"2026-08-29","Pediatrics","quantile","0.01",26
"newGBQR","2026-08-15",2,"2026-08-29","Pediatrics","quantile","0.025",40
"newGBQR","2026-08-15",2,"2026-08-29","Pediatrics","quantile","0.05",60
"newGBQR","2026-08-15",2,"2026-08-29","Pediatrics","quantile","0.1",81
"newGBQR","2026-08-15",2,"2026-08-29","Pediatrics","quantile","0.15",90
"newGBQR","2026-08-15",2,"2026-08-29","Pediatrics","quantile","0.2",98
"newGBQR","2026-08-15",2,"2026-08-29","Pediatrics","quantile","0.25",102
"newGBQR","2026-08-15",2,"2026-08-29","Pediatrics","quantile","0.3",104
"newGBQR","2026-08-15",2,"2026-08-29","Pediatrics","quantile","0.35",111
"newGBQR","2026-08-15",2,"2026-08-29","Pediatrics","quantile","0.4",112
"newGBQR","2026-08-15",2,"2026-08-29","Pediatrics","quantile","0.45",113
"newGBQR","2026-08-15",2,"2026-08-29","Pediatrics","quantile","0.5",117
"newGBQR","2026-08-15",2,"2026-08-29","Pediatrics","quantile","0.55",120
"newGBQR","2026-08-15",2,"2026-08-29","Pediatrics","quantile","0.6",125
"newGBQR","2026-08-15",2,"2026-08-29","Pediatrics","quantile","0.65",134
"newGBQR","2026-08-15",2,"2026-08-29","Pediatrics","quantile","0.7",139
"newGBQR","2026-08-15",2,"2026-08-29","Pediatrics","quantile","0.75",147
"newGBQR","2026-08-15",2,"2026-08-29","Pediatrics","quantile","0.8",154
"newGBQR","2026-08-15",2,"2026-08-29","Pediatrics","quantile","0.85",157
"newGBQR","2026-08-15",2,"2026-08-29","Pediatrics","quantile","0.9",158
"newGBQR","2026-08-15",2,"2026-08-29","Pediatrics","quantile","0.95",166
"newGBQR","2026-08-15",2,"2026-08-29","Pediatrics","quantile","0.975",176
"newGBQR","2026-08-15",2,"2026-08-29","Pediatrics","quantile","0.99",202
"newGBQR","2026-08-15",3,"2026-09-05","Pediatrics","quantile","0.01",26
"newGBQR","2026-08-15",3,"2026-09-05","Pediatrics","quantile","0.025",40
"newGBQR","2026-08-15",3,"2026-09-05","Pediatrics","quantile","0.05",59
"newGBQR","2026-08-15",3,"2026-09-05","Pediatrics","quantile","0.1",80
"newGBQR","2026-08-15",3,"2026-09-05","Pediatrics","quantile","0.15",90
"newGBQR","2026-08-15",3,"2026-09-05","Pediatrics","quantile","0.2",100
"newGBQR","2026-08-15",3,"2026-09-05","Pediatrics","quantile","0.25",103
"newGBQR","2026-08-15",3,"2026-09-05","Pediatrics","quantile","0.3",105
"newGBQR","2026-08-15",3,"2026-09-05","Pediatrics","quantile","0.35",111
"newGBQR","2026-08-15",3,"2026-09-05","Pediatrics","quantile","0.4",112
"newGBQR","2026-08-15",3,"2026-09-05","Pediatrics","quantile","0.45",112
"newGBQR","2026-08-15",3,"2026-09-05","Pediatrics","quantile","0.5",117
"newGBQR","2026-08-15",3,"2026-09-05","Pediatrics","quantile","0.55",120
"newGBQR","2026-08-15",3,"2026-09-05","Pediatrics","quantile","0.6",126
"newGBQR","2026-08-15",3,"2026-09-05","Pediatrics","quantile","0.65",135
"newGBQR","2026-08-15",3,"2026-09-05","Pediatrics","quantile","0.7",140
"newGBQR","2026-08-15",3,"2026-09-05","Pediatrics","quantile","0.75",150
"newGBQR","2026-08-15",3,"2026-09-05","Pediatrics","quantile","0.8",157
"newGBQR","2026-08-15",3,"2026-09-05","Pediatrics","quantile","0.85",161
"newGBQR","2026-08-15",3,"2026-09-05","Pediatrics","quantile","0.9",162
"newGBQR","2026-08-15",3,"2026-09-05","Pediatrics","quantile","0.95",166
"newGBQR","2026-08-15",3,"2026-09-05","Pediatrics","quantile","0.975",178
"newGBQR","2026-08-15",3,"2026-09-05","Pediatrics","quantile","0.99",204
"Ensemble","2026-08-15",-8,"2026-06-20","Adults","quantile","0.01",76
"Ensemble","2026-08-15",-8,"2026-06-20","Adults","quantile","0.025",83
"Ensemble","2026-08-15",-8,"2026-06-20","Adults","quantile","0.05",87
"Ensemble","2026-08-15",-8,"2026-06-20","Adults","quantile","0.1",91
"Ensemble","2026-08-15",-8,"2026-06-20","Adults","quantile","0.15",93
"Ensemble","2026-08-15",-8,"2026-06-20","Adults","quantile","0.2",95
"Ensemble","2026-08-15",-8,"2026-06-20","Adults","quantile","0.25",97
"Ensemble","2026-08-15",-8,"2026-06-20","Adults","quantile","0.3",98
"Ensemble","2026-08-15",-8,"2026-06-20","Adults","quantile","0.35",100
"Ensemble","2026-08-15",-8,"2026-06-20","Adults","quantile","0.4",101
"Ensemble","2026-08-15",-8,"2026-06-20","Adults","quantile","0.45",103
"Ensemble","2026-08-15",-8,"2026-06-20","Adults","quantile","0.5",104
"Ensemble","2026-08-15",-8,"2026-06-20","Adults","quantile","0.55",106
"Ensemble","2026-08-15",-8,"2026-06-20","Adults","quantile","0.6",107
"Ensemble","2026-08-15",-8,"2026-06-20","Adults","quantile","0.65",109
"Ensemble","2026-08-15",-8,"2026-06-20","Adults","quantile","0.7",110
"Ensemble","2026-08-15",-8,"2026-06-20","Adults","quantile","0.75",112
"Ensemble","2026-08-15",-8,"2026-06-20","Adults","quantile","0.8",114
"Ensemble","2026-08-15",-8,"2026-06-20","Adults","quantile","0.85",118
"Ensemble","2026-08-15",-8,"2026-06-20","Adults","quantile","0.9",124
"Ensemble","2026-08-15",-8,"2026-06-20","Adults","quantile","0.95",132
"Ensemble","2026-08-15",-8,"2026-06-20","Adults","quantile","0.975",143
"Ensemble","2026-08-15",-8,"2026-06-20","Adults","quantile","0.99",168
"Ensemble","2026-08-15",-8,"2026-06-20","Overall","quantile","0.01",187
"Ensemble","2026-08-15",-8,"2026-06-20","Overall","quantile","0.025",195
"Ensemble","2026-08-15",-8,"2026-06-20","Overall","quantile","0.05",204
"Ensemble","2026-08-15",-8,"2026-06-20","Overall","quantile","0.1",209
"Ensemble","2026-08-15",-8,"2026-06-20","Overall","quantile","0.15",213
"Ensemble","2026-08-15",-8,"2026-06-20","Overall","quantile","0.2",217
"Ensemble","2026-08-15",-8,"2026-06-20","Overall","quantile","0.25",220
"Ensemble","2026-08-15",-8,"2026-06-20","Overall","quantile","0.3",223
"Ensemble","2026-08-15",-8,"2026-06-20","Overall","quantile","0.35",226
"Ensemble","2026-08-15",-8,"2026-06-20","Overall","quantile","0.4",228
"Ensemble","2026-08-15",-8,"2026-06-20","Overall","quantile","0.45",230
"Ensemble","2026-08-15",-8,"2026-06-20","Overall","quantile","0.5",232
"Ensemble","2026-08-15",-8,"2026-06-20","Overall","quantile","0.55",235
"Ensemble","2026-08-15",-8,"2026-06-20","Overall","quantile","0.6",238
"Ensemble","2026-08-15",-8,"2026-06-20","Overall","quantile","0.65",241
"Ensemble","2026-08-15",-8,"2026-06-20","Overall","quantile","0.7",243
"Ensemble","2026-08-15",-8,"2026-06-20","Overall","quantile","0.75",246
"Ensemble","2026-08-15",-8,"2026-06-20","Overall","quantile","0.8",249
"Ensemble","2026-08-15",-8,"2026-06-20","Overall","quantile","0.85",261
"Ensemble","2026-08-15",-8,"2026-06-20","Overall","quantile","0.9",268
"Ensemble","2026-08-15",-8,"2026-06-20","Overall","quantile","0.95",285
"Ensemble","2026-08-15",-8,"2026-06-20","Overall","quantile","0.975",303
"Ensemble","2026-08-15",-8,"2026-06-20","Overall","quantile","0.99",351
"Ensemble","2026-08-15",-8,"2026-06-20","Pediatrics","quantile","0.01",95
"Ensemble","2026-08-15",-8,"2026-06-20","Pediatrics","quantile","0.025",102
"Ensemble","2026-08-15",-8,"2026-06-20","Pediatrics","quantile","0.05",107
"Ensemble","2026-08-15",-8,"2026-06-20","Pediatrics","quantile","0.1",111
"Ensemble","2026-08-15",-8,"2026-06-20","Pediatrics","quantile","0.15",114
"Ensemble","2026-08-15",-8,"2026-06-20","Pediatrics","quantile","0.2",117
"Ensemble","2026-08-15",-8,"2026-06-20","Pediatrics","quantile","0.25",120
"Ensemble","2026-08-15",-8,"2026-06-20","Pediatrics","quantile","0.3",122
"Ensemble","2026-08-15",-8,"2026-06-20","Pediatrics","quantile","0.35",123
"Ensemble","2026-08-15",-8,"2026-06-20","Pediatrics","quantile","0.4",125
"Ensemble","2026-08-15",-8,"2026-06-20","Pediatrics","quantile","0.45",127
"Ensemble","2026-08-15",-8,"2026-06-20","Pediatrics","quantile","0.5",129
"Ensemble","2026-08-15",-8,"2026-06-20","Pediatrics","quantile","0.55",131
"Ensemble","2026-08-15",-8,"2026-06-20","Pediatrics","quantile","0.6",134
"Ensemble","2026-08-15",-8,"2026-06-20","Pediatrics","quantile","0.65",134
"Ensemble","2026-08-15",-8,"2026-06-20","Pediatrics","quantile","0.7",135
"Ensemble","2026-08-15",-8,"2026-06-20","Pediatrics","quantile","0.75",139
"Ensemble","2026-08-15",-8,"2026-06-20","Pediatrics","quantile","0.8",142
"Ensemble","2026-08-15",-8,"2026-06-20","Pediatrics","quantile","0.85",147
"Ensemble","2026-08-15",-8,"2026-06-20","Pediatrics","quantile","0.9",150
"Ensemble","2026-08-15",-8,"2026-06-20","Pediatrics","quantile","0.95",158
"Ensemble","2026-08-15",-8,"2026-06-20","Pediatrics","quantile","0.975",169
"Ensemble","2026-08-15",-8,"2026-06-20","Pediatrics","quantile","0.99",192
"Ensemble","2026-08-15",-7,"2026-06-27","Adults","quantile","0.01",68
"Ensemble","2026-08-15",-7,"2026-06-27","Adults","quantile","0.025",76
"Ensemble","2026-08-15",-7,"2026-06-27","Adults","quantile","0.05",82
"Ensemble","2026-08-15",-7,"2026-06-27","Adults","quantile","0.1",88
"Ensemble","2026-08-15",-7,"2026-06-27","Adults","quantile","0.15",92
"Ensemble","2026-08-15",-7,"2026-06-27","Adults","quantile","0.2",94
"Ensemble","2026-08-15",-7,"2026-06-27","Adults","quantile","0.25",96
"Ensemble","2026-08-15",-7,"2026-06-27","Adults","quantile","0.3",98
"Ensemble","2026-08-15",-7,"2026-06-27","Adults","quantile","0.35",100
"Ensemble","2026-08-15",-7,"2026-06-27","Adults","quantile","0.4",102
"Ensemble","2026-08-15",-7,"2026-06-27","Adults","quantile","0.45",104
"Ensemble","2026-08-15",-7,"2026-06-27","Adults","quantile","0.5",105
"Ensemble","2026-08-15",-7,"2026-06-27","Adults","quantile","0.55",107
"Ensemble","2026-08-15",-7,"2026-06-27","Adults","quantile","0.6",109
"Ensemble","2026-08-15",-7,"2026-06-27","Adults","quantile","0.65",111
"Ensemble","2026-08-15",-7,"2026-06-27","Adults","quantile","0.7",113
"Ensemble","2026-08-15",-7,"2026-06-27","Adults","quantile","0.75",114
"Ensemble","2026-08-15",-7,"2026-06-27","Adults","quantile","0.8",117
"Ensemble","2026-08-15",-7,"2026-06-27","Adults","quantile","0.85",120
"Ensemble","2026-08-15",-7,"2026-06-27","Adults","quantile","0.9",124
"Ensemble","2026-08-15",-7,"2026-06-27","Adults","quantile","0.95",131
"Ensemble","2026-08-15",-7,"2026-06-27","Adults","quantile","0.975",144
"Ensemble","2026-08-15",-7,"2026-06-27","Adults","quantile","0.99",169
"Ensemble","2026-08-15",-7,"2026-06-27","Overall","quantile","0.01",169
"Ensemble","2026-08-15",-7,"2026-06-27","Overall","quantile","0.025",183
"Ensemble","2026-08-15",-7,"2026-06-27","Overall","quantile","0.05",196
"Ensemble","2026-08-15",-7,"2026-06-27","Overall","quantile","0.1",205
"Ensemble","2026-08-15",-7,"2026-06-27","Overall","quantile","0.15",210
"Ensemble","2026-08-15",-7,"2026-06-27","Overall","quantile","0.2",214
"Ensemble","2026-08-15",-7,"2026-06-27","Overall","quantile","0.25",217
"Ensemble","2026-08-15",-7,"2026-06-27","Overall","quantile","0.3",220
"Ensemble","2026-08-15",-7,"2026-06-27","Overall","quantile","0.35",224
"Ensemble","2026-08-15",-7,"2026-06-27","Overall","quantile","0.4",227
"Ensemble","2026-08-15",-7,"2026-06-27","Overall","quantile","0.45",230
"Ensemble","2026-08-15",-7,"2026-06-27","Overall","quantile","0.5",234
"Ensemble","2026-08-15",-7,"2026-06-27","Overall","quantile","0.55",237
"Ensemble","2026-08-15",-7,"2026-06-27","Overall","quantile","0.6",241
"Ensemble","2026-08-15",-7,"2026-06-27","Overall","quantile","0.65",243
"Ensemble","2026-08-15",-7,"2026-06-27","Overall","quantile","0.7",247
"Ensemble","2026-08-15",-7,"2026-06-27","Overall","quantile","0.75",250
"Ensemble","2026-08-15",-7,"2026-06-27","Overall","quantile","0.8",255
"Ensemble","2026-08-15",-7,"2026-06-27","Overall","quantile","0.85",261
"Ensemble","2026-08-15",-7,"2026-06-27","Overall","quantile","0.9",269
"Ensemble","2026-08-15",-7,"2026-06-27","Overall","quantile","0.95",283
"Ensemble","2026-08-15",-7,"2026-06-27","Overall","quantile","0.975",304
"Ensemble","2026-08-15",-7,"2026-06-27","Overall","quantile","0.99",351
"Ensemble","2026-08-15",-7,"2026-06-27","Pediatrics","quantile","0.01",81
"Ensemble","2026-08-15",-7,"2026-06-27","Pediatrics","quantile","0.025",91
"Ensemble","2026-08-15",-7,"2026-06-27","Pediatrics","quantile","0.05",98
"Ensemble","2026-08-15",-7,"2026-06-27","Pediatrics","quantile","0.1",109
"Ensemble","2026-08-15",-7,"2026-06-27","Pediatrics","quantile","0.15",113
"Ensemble","2026-08-15",-7,"2026-06-27","Pediatrics","quantile","0.2",116
"Ensemble","2026-08-15",-7,"2026-06-27","Pediatrics","quantile","0.25",119
"Ensemble","2026-08-15",-7,"2026-06-27","Pediatrics","quantile","0.3",121
"Ensemble","2026-08-15",-7,"2026-06-27","Pediatrics","quantile","0.35",123
"Ensemble","2026-08-15",-7,"2026-06-27","Pediatrics","quantile","0.4",125
"Ensemble","2026-08-15",-7,"2026-06-27","Pediatrics","quantile","0.45",127
"Ensemble","2026-08-15",-7,"2026-06-27","Pediatrics","quantile","0.5",129
"Ensemble","2026-08-15",-7,"2026-06-27","Pediatrics","quantile","0.55",131
"Ensemble","2026-08-15",-7,"2026-06-27","Pediatrics","quantile","0.6",133
"Ensemble","2026-08-15",-7,"2026-06-27","Pediatrics","quantile","0.65",135
"Ensemble","2026-08-15",-7,"2026-06-27","Pediatrics","quantile","0.7",137
"Ensemble","2026-08-15",-7,"2026-06-27","Pediatrics","quantile","0.75",140
"Ensemble","2026-08-15",-7,"2026-06-27","Pediatrics","quantile","0.8",144
"Ensemble","2026-08-15",-7,"2026-06-27","Pediatrics","quantile","0.85",148
"Ensemble","2026-08-15",-7,"2026-06-27","Pediatrics","quantile","0.9",152
"Ensemble","2026-08-15",-7,"2026-06-27","Pediatrics","quantile","0.95",159
"Ensemble","2026-08-15",-7,"2026-06-27","Pediatrics","quantile","0.975",167
"Ensemble","2026-08-15",-7,"2026-06-27","Pediatrics","quantile","0.99",192
"Ensemble","2026-08-15",-6,"2026-07-04","Adults","quantile","0.01",61
"Ensemble","2026-08-15",-6,"2026-07-04","Adults","quantile","0.025",68
"Ensemble","2026-08-15",-6,"2026-07-04","Adults","quantile","0.05",76
"Ensemble","2026-08-15",-6,"2026-07-04","Adults","quantile","0.1",86
"Ensemble","2026-08-15",-6,"2026-07-04","Adults","quantile","0.15",91
"Ensemble","2026-08-15",-6,"2026-07-04","Adults","quantile","0.2",94
"Ensemble","2026-08-15",-6,"2026-07-04","Adults","quantile","0.25",96
"Ensemble","2026-08-15",-6,"2026-07-04","Adults","quantile","0.3",98
"Ensemble","2026-08-15",-6,"2026-07-04","Adults","quantile","0.35",100
"Ensemble","2026-08-15",-6,"2026-07-04","Adults","quantile","0.4",102
"Ensemble","2026-08-15",-6,"2026-07-04","Adults","quantile","0.45",103
"Ensemble","2026-08-15",-6,"2026-07-04","Adults","quantile","0.5",105
"Ensemble","2026-08-15",-6,"2026-07-04","Adults","quantile","0.55",107
"Ensemble","2026-08-15",-6,"2026-07-04","Adults","quantile","0.6",109
"Ensemble","2026-08-15",-6,"2026-07-04","Adults","quantile","0.65",111
"Ensemble","2026-08-15",-6,"2026-07-04","Adults","quantile","0.7",113
"Ensemble","2026-08-15",-6,"2026-07-04","Adults","quantile","0.75",116
"Ensemble","2026-08-15",-6,"2026-07-04","Adults","quantile","0.8",118
"Ensemble","2026-08-15",-6,"2026-07-04","Adults","quantile","0.85",122
"Ensemble","2026-08-15",-6,"2026-07-04","Adults","quantile","0.9",127
"Ensemble","2026-08-15",-6,"2026-07-04","Adults","quantile","0.95",132
"Ensemble","2026-08-15",-6,"2026-07-04","Adults","quantile","0.975",146
"Ensemble","2026-08-15",-6,"2026-07-04","Adults","quantile","0.99",168
"Ensemble","2026-08-15",-6,"2026-07-04","Overall","quantile","0.01",155
"Ensemble","2026-08-15",-6,"2026-07-04","Overall","quantile","0.025",169
"Ensemble","2026-08-15",-6,"2026-07-04","Overall","quantile","0.05",184
"Ensemble","2026-08-15",-6,"2026-07-04","Overall","quantile","0.1",200
"Ensemble","2026-08-15",-6,"2026-07-04","Overall","quantile","0.15",205
"Ensemble","2026-08-15",-6,"2026-07-04","Overall","quantile","0.2",208
"Ensemble","2026-08-15",-6,"2026-07-04","Overall","quantile","0.25",212
"Ensemble","2026-08-15",-6,"2026-07-04","Overall","quantile","0.3",217
"Ensemble","2026-08-15",-6,"2026-07-04","Overall","quantile","0.35",221
"Ensemble","2026-08-15",-6,"2026-07-04","Overall","quantile","0.4",224
"Ensemble","2026-08-15",-6,"2026-07-04","Overall","quantile","0.45",230
"Ensemble","2026-08-15",-6,"2026-07-04","Overall","quantile","0.5",233
"Ensemble","2026-08-15",-6,"2026-07-04","Overall","quantile","0.55",237
"Ensemble","2026-08-15",-6,"2026-07-04","Overall","quantile","0.6",241
"Ensemble","2026-08-15",-6,"2026-07-04","Overall","quantile","0.65",245
"Ensemble","2026-08-15",-6,"2026-07-04","Overall","quantile","0.7",250
"Ensemble","2026-08-15",-6,"2026-07-04","Overall","quantile","0.75",255
"Ensemble","2026-08-15",-6,"2026-07-04","Overall","quantile","0.8",260
"Ensemble","2026-08-15",-6,"2026-07-04","Overall","quantile","0.85",269
"Ensemble","2026-08-15",-6,"2026-07-04","Overall","quantile","0.9",278
"Ensemble","2026-08-15",-6,"2026-07-04","Overall","quantile","0.95",292
"Ensemble","2026-08-15",-6,"2026-07-04","Overall","quantile","0.975",309
"Ensemble","2026-08-15",-6,"2026-07-04","Overall","quantile","0.99",351
"Ensemble","2026-08-15",-6,"2026-07-04","Pediatrics","quantile","0.01",73
"Ensemble","2026-08-15",-6,"2026-07-04","Pediatrics","quantile","0.025",84
"Ensemble","2026-08-15",-6,"2026-07-04","Pediatrics","quantile","0.05",93
"Ensemble","2026-08-15",-6,"2026-07-04","Pediatrics","quantile","0.1",103
"Ensemble","2026-08-15",-6,"2026-07-04","Pediatrics","quantile","0.15",112
"Ensemble","2026-08-15",-6,"2026-07-04","Pediatrics","quantile","0.2",117
"Ensemble","2026-08-15",-6,"2026-07-04","Pediatrics","quantile","0.25",120
"Ensemble","2026-08-15",-6,"2026-07-04","Pediatrics","quantile","0.3",122
"Ensemble","2026-08-15",-6,"2026-07-04","Pediatrics","quantile","0.35",124
"Ensemble","2026-08-15",-6,"2026-07-04","Pediatrics","quantile","0.4",126
"Ensemble","2026-08-15",-6,"2026-07-04","Pediatrics","quantile","0.45",128
"Ensemble","2026-08-15",-6,"2026-07-04","Pediatrics","quantile","0.5",131
"Ensemble","2026-08-15",-6,"2026-07-04","Pediatrics","quantile","0.55",132
"Ensemble","2026-08-15",-6,"2026-07-04","Pediatrics","quantile","0.6",134
"Ensemble","2026-08-15",-6,"2026-07-04","Pediatrics","quantile","0.65",136
"Ensemble","2026-08-15",-6,"2026-07-04","Pediatrics","quantile","0.7",139
"Ensemble","2026-08-15",-6,"2026-07-04","Pediatrics","quantile","0.75",143
"Ensemble","2026-08-15",-6,"2026-07-04","Pediatrics","quantile","0.8",147
"Ensemble","2026-08-15",-6,"2026-07-04","Pediatrics","quantile","0.85",151
"Ensemble","2026-08-15",-6,"2026-07-04","Pediatrics","quantile","0.9",156
"Ensemble","2026-08-15",-6,"2026-07-04","Pediatrics","quantile","0.95",164
"Ensemble","2026-08-15",-6,"2026-07-04","Pediatrics","quantile","0.975",174
"Ensemble","2026-08-15",-6,"2026-07-04","Pediatrics","quantile","0.99",192
"Ensemble","2026-08-15",-5,"2026-07-11","Adults","quantile","0.01",55
"Ensemble","2026-08-15",-5,"2026-07-11","Adults","quantile","0.025",63
"Ensemble","2026-08-15",-5,"2026-07-11","Adults","quantile","0.05",71
"Ensemble","2026-08-15",-5,"2026-07-11","Adults","quantile","0.1",81
"Ensemble","2026-08-15",-5,"2026-07-11","Adults","quantile","0.15",89
"Ensemble","2026-08-15",-5,"2026-07-11","Adults","quantile","0.2",92
"Ensemble","2026-08-15",-5,"2026-07-11","Adults","quantile","0.25",95
"Ensemble","2026-08-15",-5,"2026-07-11","Adults","quantile","0.3",97
"Ensemble","2026-08-15",-5,"2026-07-11","Adults","quantile","0.35",99
"Ensemble","2026-08-15",-5,"2026-07-11","Adults","quantile","0.4",101
"Ensemble","2026-08-15",-5,"2026-07-11","Adults","quantile","0.45",103
"Ensemble","2026-08-15",-5,"2026-07-11","Adults","quantile","0.5",105
"Ensemble","2026-08-15",-5,"2026-07-11","Adults","quantile","0.55",107
"Ensemble","2026-08-15",-5,"2026-07-11","Adults","quantile","0.6",109
"Ensemble","2026-08-15",-5,"2026-07-11","Adults","quantile","0.65",112
"Ensemble","2026-08-15",-5,"2026-07-11","Adults","quantile","0.7",114
"Ensemble","2026-08-15",-5,"2026-07-11","Adults","quantile","0.75",117
"Ensemble","2026-08-15",-5,"2026-07-11","Adults","quantile","0.8",120
"Ensemble","2026-08-15",-5,"2026-07-11","Adults","quantile","0.85",124
"Ensemble","2026-08-15",-5,"2026-07-11","Adults","quantile","0.9",130
"Ensemble","2026-08-15",-5,"2026-07-11","Adults","quantile","0.95",138
"Ensemble","2026-08-15",-5,"2026-07-11","Adults","quantile","0.975",147
"Ensemble","2026-08-15",-5,"2026-07-11","Adults","quantile","0.99",169
"Ensemble","2026-08-15",-5,"2026-07-11","Overall","quantile","0.01",144
"Ensemble","2026-08-15",-5,"2026-07-11","Overall","quantile","0.025",158
"Ensemble","2026-08-15",-5,"2026-07-11","Overall","quantile","0.05",174
"Ensemble","2026-08-15",-5,"2026-07-11","Overall","quantile","0.1",194
"Ensemble","2026-08-15",-5,"2026-07-11","Overall","quantile","0.15",202
"Ensemble","2026-08-15",-5,"2026-07-11","Overall","quantile","0.2",206
"Ensemble","2026-08-15",-5,"2026-07-11","Overall","quantile","0.25",210
"Ensemble","2026-08-15",-5,"2026-07-11","Overall","quantile","0.3",215
"Ensemble","2026-08-15",-5,"2026-07-11","Overall","quantile","0.35",219
"Ensemble","2026-08-15",-5,"2026-07-11","Overall","quantile","0.4",222
"Ensemble","2026-08-15",-5,"2026-07-11","Overall","quantile","0.45",225
"Ensemble","2026-08-15",-5,"2026-07-11","Overall","quantile","0.5",229
"Ensemble","2026-08-15",-5,"2026-07-11","Overall","quantile","0.55",234
"Ensemble","2026-08-15",-5,"2026-07-11","Overall","quantile","0.6",239
"Ensemble","2026-08-15",-5,"2026-07-11","Overall","quantile","0.65",244
"Ensemble","2026-08-15",-5,"2026-07-11","Overall","quantile","0.7",250
"Ensemble","2026-08-15",-5,"2026-07-11","Overall","quantile","0.75",256
"Ensemble","2026-08-15",-5,"2026-07-11","Overall","quantile","0.8",264
"Ensemble","2026-08-15",-5,"2026-07-11","Overall","quantile","0.85",273
"Ensemble","2026-08-15",-5,"2026-07-11","Overall","quantile","0.9",284
"Ensemble","2026-08-15",-5,"2026-07-11","Overall","quantile","0.95",304
"Ensemble","2026-08-15",-5,"2026-07-11","Overall","quantile","0.975",322
"Ensemble","2026-08-15",-5,"2026-07-11","Overall","quantile","0.99",351
"Ensemble","2026-08-15",-5,"2026-07-11","Pediatrics","quantile","0.01",66
"Ensemble","2026-08-15",-5,"2026-07-11","Pediatrics","quantile","0.025",77
"Ensemble","2026-08-15",-5,"2026-07-11","Pediatrics","quantile","0.05",87
"Ensemble","2026-08-15",-5,"2026-07-11","Pediatrics","quantile","0.1",98
"Ensemble","2026-08-15",-5,"2026-07-11","Pediatrics","quantile","0.15",107
"Ensemble","2026-08-15",-5,"2026-07-11","Pediatrics","quantile","0.2",113
"Ensemble","2026-08-15",-5,"2026-07-11","Pediatrics","quantile","0.25",116
"Ensemble","2026-08-15",-5,"2026-07-11","Pediatrics","quantile","0.3",118
"Ensemble","2026-08-15",-5,"2026-07-11","Pediatrics","quantile","0.35",121
"Ensemble","2026-08-15",-5,"2026-07-11","Pediatrics","quantile","0.4",123
"Ensemble","2026-08-15",-5,"2026-07-11","Pediatrics","quantile","0.45",126
"Ensemble","2026-08-15",-5,"2026-07-11","Pediatrics","quantile","0.5",129
"Ensemble","2026-08-15",-5,"2026-07-11","Pediatrics","quantile","0.55",131
"Ensemble","2026-08-15",-5,"2026-07-11","Pediatrics","quantile","0.6",134
"Ensemble","2026-08-15",-5,"2026-07-11","Pediatrics","quantile","0.65",138
"Ensemble","2026-08-15",-5,"2026-07-11","Pediatrics","quantile","0.7",142
"Ensemble","2026-08-15",-5,"2026-07-11","Pediatrics","quantile","0.75",145
"Ensemble","2026-08-15",-5,"2026-07-11","Pediatrics","quantile","0.8",149
"Ensemble","2026-08-15",-5,"2026-07-11","Pediatrics","quantile","0.85",154
"Ensemble","2026-08-15",-5,"2026-07-11","Pediatrics","quantile","0.9",162
"Ensemble","2026-08-15",-5,"2026-07-11","Pediatrics","quantile","0.95",171
"Ensemble","2026-08-15",-5,"2026-07-11","Pediatrics","quantile","0.975",180
"Ensemble","2026-08-15",-5,"2026-07-11","Pediatrics","quantile","0.99",192
"Ensemble","2026-08-15",-4,"2026-07-18","Adults","quantile","0.01",50
"Ensemble","2026-08-15",-4,"2026-07-18","Adults","quantile","0.025",58
"Ensemble","2026-08-15",-4,"2026-07-18","Adults","quantile","0.05",65
"Ensemble","2026-08-15",-4,"2026-07-18","Adults","quantile","0.1",76
"Ensemble","2026-08-15",-4,"2026-07-18","Adults","quantile","0.15",83
"Ensemble","2026-08-15",-4,"2026-07-18","Adults","quantile","0.2",89
"Ensemble","2026-08-15",-4,"2026-07-18","Adults","quantile","0.25",91
"Ensemble","2026-08-15",-4,"2026-07-18","Adults","quantile","0.3",94
"Ensemble","2026-08-15",-4,"2026-07-18","Adults","quantile","0.35",96
"Ensemble","2026-08-15",-4,"2026-07-18","Adults","quantile","0.4",99
"Ensemble","2026-08-15",-4,"2026-07-18","Adults","quantile","0.45",101
"Ensemble","2026-08-15",-4,"2026-07-18","Adults","quantile","0.5",104
"Ensemble","2026-08-15",-4,"2026-07-18","Adults","quantile","0.55",105
"Ensemble","2026-08-15",-4,"2026-07-18","Adults","quantile","0.6",108
"Ensemble","2026-08-15",-4,"2026-07-18","Adults","quantile","0.65",111
"Ensemble","2026-08-15",-4,"2026-07-18","Adults","quantile","0.7",114
"Ensemble","2026-08-15",-4,"2026-07-18","Adults","quantile","0.75",117
"Ensemble","2026-08-15",-4,"2026-07-18","Adults","quantile","0.8",122
"Ensemble","2026-08-15",-4,"2026-07-18","Adults","quantile","0.85",127
"Ensemble","2026-08-15",-4,"2026-07-18","Adults","quantile","0.9",133
"Ensemble","2026-08-15",-4,"2026-07-18","Adults","quantile","0.95",143
"Ensemble","2026-08-15",-4,"2026-07-18","Adults","quantile","0.975",150
"Ensemble","2026-08-15",-4,"2026-07-18","Adults","quantile","0.99",166
"Ensemble","2026-08-15",-4,"2026-07-18","Overall","quantile","0.01",131
"Ensemble","2026-08-15",-4,"2026-07-18","Overall","quantile","0.025",148
"Ensemble","2026-08-15",-4,"2026-07-18","Overall","quantile","0.05",163
"Ensemble","2026-08-15",-4,"2026-07-18","Overall","quantile","0.1",184
"Ensemble","2026-08-15",-4,"2026-07-18","Overall","quantile","0.15",195
"Ensemble","2026-08-15",-4,"2026-07-18","Overall","quantile","0.2",199
"Ensemble","2026-08-15",-4,"2026-07-18","Overall","quantile","0.25",204
"Ensemble","2026-08-15",-4,"2026-07-18","Overall","quantile","0.3",209
"Ensemble","2026-08-15",-4,"2026-07-18","Overall","quantile","0.35",214
"Ensemble","2026-08-15",-4,"2026-07-18","Overall","quantile","0.4",218
"Ensemble","2026-08-15",-4,"2026-07-18","Overall","quantile","0.45",222
"Ensemble","2026-08-15",-4,"2026-07-18","Overall","quantile","0.5",226
"Ensemble","2026-08-15",-4,"2026-07-18","Overall","quantile","0.55",230
"Ensemble","2026-08-15",-4,"2026-07-18","Overall","quantile","0.6",236
"Ensemble","2026-08-15",-4,"2026-07-18","Overall","quantile","0.65",243
"Ensemble","2026-08-15",-4,"2026-07-18","Overall","quantile","0.7",250
"Ensemble","2026-08-15",-4,"2026-07-18","Overall","quantile","0.75",257
"Ensemble","2026-08-15",-4,"2026-07-18","Overall","quantile","0.8",266
"Ensemble","2026-08-15",-4,"2026-07-18","Overall","quantile","0.85",277
"Ensemble","2026-08-15",-4,"2026-07-18","Overall","quantile","0.9",291
"Ensemble","2026-08-15",-4,"2026-07-18","Overall","quantile","0.95",312
"Ensemble","2026-08-15",-4,"2026-07-18","Overall","quantile","0.975",332
"Ensemble","2026-08-15",-4,"2026-07-18","Overall","quantile","0.99",364
"Ensemble","2026-08-15",-4,"2026-07-18","Pediatrics","quantile","0.01",61
"Ensemble","2026-08-15",-4,"2026-07-18","Pediatrics","quantile","0.025",71
"Ensemble","2026-08-15",-4,"2026-07-18","Pediatrics","quantile","0.05",79
"Ensemble","2026-08-15",-4,"2026-07-18","Pediatrics","quantile","0.1",92
"Ensemble","2026-08-15",-4,"2026-07-18","Pediatrics","quantile","0.15",101
"Ensemble","2026-08-15",-4,"2026-07-18","Pediatrics","quantile","0.2",110
"Ensemble","2026-08-15",-4,"2026-07-18","Pediatrics","quantile","0.25",114
"Ensemble","2026-08-15",-4,"2026-07-18","Pediatrics","quantile","0.3",116
"Ensemble","2026-08-15",-4,"2026-07-18","Pediatrics","quantile","0.35",119
"Ensemble","2026-08-15",-4,"2026-07-18","Pediatrics","quantile","0.4",121
"Ensemble","2026-08-15",-4,"2026-07-18","Pediatrics","quantile","0.45",123
"Ensemble","2026-08-15",-4,"2026-07-18","Pediatrics","quantile","0.5",126
"Ensemble","2026-08-15",-4,"2026-07-18","Pediatrics","quantile","0.55",129
"Ensemble","2026-08-15",-4,"2026-07-18","Pediatrics","quantile","0.6",133
"Ensemble","2026-08-15",-4,"2026-07-18","Pediatrics","quantile","0.65",137
"Ensemble","2026-08-15",-4,"2026-07-18","Pediatrics","quantile","0.7",141
"Ensemble","2026-08-15",-4,"2026-07-18","Pediatrics","quantile","0.75",144
"Ensemble","2026-08-15",-4,"2026-07-18","Pediatrics","quantile","0.8",150
"Ensemble","2026-08-15",-4,"2026-07-18","Pediatrics","quantile","0.85",155
"Ensemble","2026-08-15",-4,"2026-07-18","Pediatrics","quantile","0.9",161
"Ensemble","2026-08-15",-4,"2026-07-18","Pediatrics","quantile","0.95",176
"Ensemble","2026-08-15",-4,"2026-07-18","Pediatrics","quantile","0.975",185
"Ensemble","2026-08-15",-4,"2026-07-18","Pediatrics","quantile","0.99",199
"Ensemble","2026-08-15",-3,"2026-07-25","Adults","quantile","0.01",44
"Ensemble","2026-08-15",-3,"2026-07-25","Adults","quantile","0.025",53
"Ensemble","2026-08-15",-3,"2026-07-25","Adults","quantile","0.05",61
"Ensemble","2026-08-15",-3,"2026-07-25","Adults","quantile","0.1",72
"Ensemble","2026-08-15",-3,"2026-07-25","Adults","quantile","0.15",80
"Ensemble","2026-08-15",-3,"2026-07-25","Adults","quantile","0.2",86
"Ensemble","2026-08-15",-3,"2026-07-25","Adults","quantile","0.25",88
"Ensemble","2026-08-15",-3,"2026-07-25","Adults","quantile","0.3",91
"Ensemble","2026-08-15",-3,"2026-07-25","Adults","quantile","0.35",93
"Ensemble","2026-08-15",-3,"2026-07-25","Adults","quantile","0.4",96
"Ensemble","2026-08-15",-3,"2026-07-25","Adults","quantile","0.45",98
"Ensemble","2026-08-15",-3,"2026-07-25","Adults","quantile","0.5",101
"Ensemble","2026-08-15",-3,"2026-07-25","Adults","quantile","0.55",103
"Ensemble","2026-08-15",-3,"2026-07-25","Adults","quantile","0.6",105
"Ensemble","2026-08-15",-3,"2026-07-25","Adults","quantile","0.65",108
"Ensemble","2026-08-15",-3,"2026-07-25","Adults","quantile","0.7",111
"Ensemble","2026-08-15",-3,"2026-07-25","Adults","quantile","0.75",116
"Ensemble","2026-08-15",-3,"2026-07-25","Adults","quantile","0.8",120
"Ensemble","2026-08-15",-3,"2026-07-25","Adults","quantile","0.85",126
"Ensemble","2026-08-15",-3,"2026-07-25","Adults","quantile","0.9",133
"Ensemble","2026-08-15",-3,"2026-07-25","Adults","quantile","0.95",144
"Ensemble","2026-08-15",-3,"2026-07-25","Adults","quantile","0.975",154
"Ensemble","2026-08-15",-3,"2026-07-25","Adults","quantile","0.99",167
"Ensemble","2026-08-15",-3,"2026-07-25","Overall","quantile","0.01",118
"Ensemble","2026-08-15",-3,"2026-07-25","Overall","quantile","0.025",138
"Ensemble","2026-08-15",-3,"2026-07-25","Overall","quantile","0.05",153
"Ensemble","2026-08-15",-3,"2026-07-25","Overall","quantile","0.1",174
"Ensemble","2026-08-15",-3,"2026-07-25","Overall","quantile","0.15",189
"Ensemble","2026-08-15",-3,"2026-07-25","Overall","quantile","0.2",196
"Ensemble","2026-08-15",-3,"2026-07-25","Overall","quantile","0.25",200
"Ensemble","2026-08-15",-3,"2026-07-25","Overall","quantile","0.3",203
"Ensemble","2026-08-15",-3,"2026-07-25","Overall","quantile","0.35",209
"Ensemble","2026-08-15",-3,"2026-07-25","Overall","quantile","0.4",213
"Ensemble","2026-08-15",-3,"2026-07-25","Overall","quantile","0.45",218
"Ensemble","2026-08-15",-3,"2026-07-25","Overall","quantile","0.5",223
"Ensemble","2026-08-15",-3,"2026-07-25","Overall","quantile","0.55",227
"Ensemble","2026-08-15",-3,"2026-07-25","Overall","quantile","0.6",233
"Ensemble","2026-08-15",-3,"2026-07-25","Overall","quantile","0.65",239
"Ensemble","2026-08-15",-3,"2026-07-25","Overall","quantile","0.7",247
"Ensemble","2026-08-15",-3,"2026-07-25","Overall","quantile","0.75",253
"Ensemble","2026-08-15",-3,"2026-07-25","Overall","quantile","0.8",264
"Ensemble","2026-08-15",-3,"2026-07-25","Overall","quantile","0.85",279
"Ensemble","2026-08-15",-3,"2026-07-25","Overall","quantile","0.9",294
"Ensemble","2026-08-15",-3,"2026-07-25","Overall","quantile","0.95",323
"Ensemble","2026-08-15",-3,"2026-07-25","Overall","quantile","0.975",344
"Ensemble","2026-08-15",-3,"2026-07-25","Overall","quantile","0.99",377
"Ensemble","2026-08-15",-3,"2026-07-25","Pediatrics","quantile","0.01",56
"Ensemble","2026-08-15",-3,"2026-07-25","Pediatrics","quantile","0.025",65
"Ensemble","2026-08-15",-3,"2026-07-25","Pediatrics","quantile","0.05",74
"Ensemble","2026-08-15",-3,"2026-07-25","Pediatrics","quantile","0.1",87
"Ensemble","2026-08-15",-3,"2026-07-25","Pediatrics","quantile","0.15",96
"Ensemble","2026-08-15",-3,"2026-07-25","Pediatrics","quantile","0.2",104
"Ensemble","2026-08-15",-3,"2026-07-25","Pediatrics","quantile","0.25",109
"Ensemble","2026-08-15",-3,"2026-07-25","Pediatrics","quantile","0.3",111
"Ensemble","2026-08-15",-3,"2026-07-25","Pediatrics","quantile","0.35",114
"Ensemble","2026-08-15",-3,"2026-07-25","Pediatrics","quantile","0.4",117
"Ensemble","2026-08-15",-3,"2026-07-25","Pediatrics","quantile","0.45",120
"Ensemble","2026-08-15",-3,"2026-07-25","Pediatrics","quantile","0.5",123
"Ensemble","2026-08-15",-3,"2026-07-25","Pediatrics","quantile","0.55",126
"Ensemble","2026-08-15",-3,"2026-07-25","Pediatrics","quantile","0.6",130
"Ensemble","2026-08-15",-3,"2026-07-25","Pediatrics","quantile","0.65",134
"Ensemble","2026-08-15",-3,"2026-07-25","Pediatrics","quantile","0.7",138
"Ensemble","2026-08-15",-3,"2026-07-25","Pediatrics","quantile","0.75",143
"Ensemble","2026-08-15",-3,"2026-07-25","Pediatrics","quantile","0.8",149
"Ensemble","2026-08-15",-3,"2026-07-25","Pediatrics","quantile","0.85",157
"Ensemble","2026-08-15",-3,"2026-07-25","Pediatrics","quantile","0.9",167
"Ensemble","2026-08-15",-3,"2026-07-25","Pediatrics","quantile","0.95",179
"Ensemble","2026-08-15",-3,"2026-07-25","Pediatrics","quantile","0.975",192
"Ensemble","2026-08-15",-3,"2026-07-25","Pediatrics","quantile","0.99",208
"Ensemble","2026-08-15",-2,"2026-08-01","Adults","quantile","0.01",41
"Ensemble","2026-08-15",-2,"2026-08-01","Adults","quantile","0.025",48
"Ensemble","2026-08-15",-2,"2026-08-01","Adults","quantile","0.05",56
"Ensemble","2026-08-15",-2,"2026-08-01","Adults","quantile","0.1",66
"Ensemble","2026-08-15",-2,"2026-08-01","Adults","quantile","0.15",74
"Ensemble","2026-08-15",-2,"2026-08-01","Adults","quantile","0.2",81
"Ensemble","2026-08-15",-2,"2026-08-01","Adults","quantile","0.25",87
"Ensemble","2026-08-15",-2,"2026-08-01","Adults","quantile","0.3",89
"Ensemble","2026-08-15",-2,"2026-08-01","Adults","quantile","0.35",91
"Ensemble","2026-08-15",-2,"2026-08-01","Adults","quantile","0.4",93
"Ensemble","2026-08-15",-2,"2026-08-01","Adults","quantile","0.45",96
"Ensemble","2026-08-15",-2,"2026-08-01","Adults","quantile","0.5",98
"Ensemble","2026-08-15",-2,"2026-08-01","Adults","quantile","0.55",100
"Ensemble","2026-08-15",-2,"2026-08-01","Adults","quantile","0.6",103
"Ensemble","2026-08-15",-2,"2026-08-01","Adults","quantile","0.65",107
"Ensemble","2026-08-15",-2,"2026-08-01","Adults","quantile","0.7",110
"Ensemble","2026-08-15",-2,"2026-08-01","Adults","quantile","0.75",114
"Ensemble","2026-08-15",-2,"2026-08-01","Adults","quantile","0.8",120
"Ensemble","2026-08-15",-2,"2026-08-01","Adults","quantile","0.85",125
"Ensemble","2026-08-15",-2,"2026-08-01","Adults","quantile","0.9",133
"Ensemble","2026-08-15",-2,"2026-08-01","Adults","quantile","0.95",146
"Ensemble","2026-08-15",-2,"2026-08-01","Adults","quantile","0.975",155
"Ensemble","2026-08-15",-2,"2026-08-01","Adults","quantile","0.99",167
"Ensemble","2026-08-15",-2,"2026-08-01","Overall","quantile","0.01",106
"Ensemble","2026-08-15",-2,"2026-08-01","Overall","quantile","0.025",124
"Ensemble","2026-08-15",-2,"2026-08-01","Overall","quantile","0.05",141
"Ensemble","2026-08-15",-2,"2026-08-01","Overall","quantile","0.1",161
"Ensemble","2026-08-15",-2,"2026-08-01","Overall","quantile","0.15",179
"Ensemble","2026-08-15",-2,"2026-08-01","Overall","quantile","0.2",189
"Ensemble","2026-08-15",-2,"2026-08-01","Overall","quantile","0.25",193
"Ensemble","2026-08-15",-2,"2026-08-01","Overall","quantile","0.3",197
"Ensemble","2026-08-15",-2,"2026-08-01","Overall","quantile","0.35",201
"Ensemble","2026-08-15",-2,"2026-08-01","Overall","quantile","0.4",205
"Ensemble","2026-08-15",-2,"2026-08-01","Overall","quantile","0.45",209
"Ensemble","2026-08-15",-2,"2026-08-01","Overall","quantile","0.5",214
"Ensemble","2026-08-15",-2,"2026-08-01","Overall","quantile","0.55",219
"Ensemble","2026-08-15",-2,"2026-08-01","Overall","quantile","0.6",224
"Ensemble","2026-08-15",-2,"2026-08-01","Overall","quantile","0.65",230
"Ensemble","2026-08-15",-2,"2026-08-01","Overall","quantile","0.7",238
"Ensemble","2026-08-15",-2,"2026-08-01","Overall","quantile","0.75",248
"Ensemble","2026-08-15",-2,"2026-08-01","Overall","quantile","0.8",260
"Ensemble","2026-08-15",-2,"2026-08-01","Overall","quantile","0.85",276
"Ensemble","2026-08-15",-2,"2026-08-01","Overall","quantile","0.9",294
"Ensemble","2026-08-15",-2,"2026-08-01","Overall","quantile","0.95",318
"Ensemble","2026-08-15",-2,"2026-08-01","Overall","quantile","0.975",342
"Ensemble","2026-08-15",-2,"2026-08-01","Overall","quantile","0.99",378
"Ensemble","2026-08-15",-2,"2026-08-01","Pediatrics","quantile","0.01",49
"Ensemble","2026-08-15",-2,"2026-08-01","Pediatrics","quantile","0.025",59
"Ensemble","2026-08-15",-2,"2026-08-01","Pediatrics","quantile","0.05",68
"Ensemble","2026-08-15",-2,"2026-08-01","Pediatrics","quantile","0.1",80
"Ensemble","2026-08-15",-2,"2026-08-01","Pediatrics","quantile","0.15",90
"Ensemble","2026-08-15",-2,"2026-08-01","Pediatrics","quantile","0.2",96
"Ensemble","2026-08-15",-2,"2026-08-01","Pediatrics","quantile","0.25",103
"Ensemble","2026-08-15",-2,"2026-08-01","Pediatrics","quantile","0.3",109
"Ensemble","2026-08-15",-2,"2026-08-01","Pediatrics","quantile","0.35",111
"Ensemble","2026-08-15",-2,"2026-08-01","Pediatrics","quantile","0.4",114
"Ensemble","2026-08-15",-2,"2026-08-01","Pediatrics","quantile","0.45",117
"Ensemble","2026-08-15",-2,"2026-08-01","Pediatrics","quantile","0.5",120
"Ensemble","2026-08-15",-2,"2026-08-01","Pediatrics","quantile","0.55",123
"Ensemble","2026-08-15",-2,"2026-08-01","Pediatrics","quantile","0.6",126
"Ensemble","2026-08-15",-2,"2026-08-01","Pediatrics","quantile","0.65",132
"Ensemble","2026-08-15",-2,"2026-08-01","Pediatrics","quantile","0.7",136
"Ensemble","2026-08-15",-2,"2026-08-01","Pediatrics","quantile","0.75",141
"Ensemble","2026-08-15",-2,"2026-08-01","Pediatrics","quantile","0.8",147
"Ensemble","2026-08-15",-2,"2026-08-01","Pediatrics","quantile","0.85",155
"Ensemble","2026-08-15",-2,"2026-08-01","Pediatrics","quantile","0.9",166
"Ensemble","2026-08-15",-2,"2026-08-01","Pediatrics","quantile","0.95",183
"Ensemble","2026-08-15",-2,"2026-08-01","Pediatrics","quantile","0.975",196
"Ensemble","2026-08-15",-2,"2026-08-01","Pediatrics","quantile","0.99",212
"Ensemble","2026-08-15",-1,"2026-08-08","Adults","quantile","0.01",37
"Ensemble","2026-08-15",-1,"2026-08-08","Adults","quantile","0.025",44
"Ensemble","2026-08-15",-1,"2026-08-08","Adults","quantile","0.05",52
"Ensemble","2026-08-15",-1,"2026-08-08","Adults","quantile","0.1",64
"Ensemble","2026-08-15",-1,"2026-08-08","Adults","quantile","0.15",72
"Ensemble","2026-08-15",-1,"2026-08-08","Adults","quantile","0.2",78
"Ensemble","2026-08-15",-1,"2026-08-08","Adults","quantile","0.25",82
"Ensemble","2026-08-15",-1,"2026-08-08","Adults","quantile","0.3",85
"Ensemble","2026-08-15",-1,"2026-08-08","Adults","quantile","0.35",87
"Ensemble","2026-08-15",-1,"2026-08-08","Adults","quantile","0.4",90
"Ensemble","2026-08-15",-1,"2026-08-08","Adults","quantile","0.45",93
"Ensemble","2026-08-15",-1,"2026-08-08","Adults","quantile","0.5",95
"Ensemble","2026-08-15",-1,"2026-08-08","Adults","quantile","0.55",98
"Ensemble","2026-08-15",-1,"2026-08-08","Adults","quantile","0.6",101
"Ensemble","2026-08-15",-1,"2026-08-08","Adults","quantile","0.65",105
"Ensemble","2026-08-15",-1,"2026-08-08","Adults","quantile","0.7",108
"Ensemble","2026-08-15",-1,"2026-08-08","Adults","quantile","0.75",113
"Ensemble","2026-08-15",-1,"2026-08-08","Adults","quantile","0.8",119
"Ensemble","2026-08-15",-1,"2026-08-08","Adults","quantile","0.85",125
"Ensemble","2026-08-15",-1,"2026-08-08","Adults","quantile","0.9",133
"Ensemble","2026-08-15",-1,"2026-08-08","Adults","quantile","0.95",147
"Ensemble","2026-08-15",-1,"2026-08-08","Adults","quantile","0.975",157
"Ensemble","2026-08-15",-1,"2026-08-08","Adults","quantile","0.99",167
"Ensemble","2026-08-15",-1,"2026-08-08","Overall","quantile","0.01",100
"Ensemble","2026-08-15",-1,"2026-08-08","Overall","quantile","0.025",117
"Ensemble","2026-08-15",-1,"2026-08-08","Overall","quantile","0.05",133
"Ensemble","2026-08-15",-1,"2026-08-08","Overall","quantile","0.1",154
"Ensemble","2026-08-15",-1,"2026-08-08","Overall","quantile","0.15",171
"Ensemble","2026-08-15",-1,"2026-08-08","Overall","quantile","0.2",181
"Ensemble","2026-08-15",-1,"2026-08-08","Overall","quantile","0.25",185
"Ensemble","2026-08-15",-1,"2026-08-08","Overall","quantile","0.3",190
"Ensemble","2026-08-15",-1,"2026-08-08","Overall","quantile","0.35",196
"Ensemble","2026-08-15",-1,"2026-08-08","Overall","quantile","0.4",200
"Ensemble","2026-08-15",-1,"2026-08-08","Overall","quantile","0.45",205
"Ensemble","2026-08-15",-1,"2026-08-08","Overall","quantile","0.5",210
"Ensemble","2026-08-15",-1,"2026-08-08","Overall","quantile","0.55",214
"Ensemble","2026-08-15",-1,"2026-08-08","Overall","quantile","0.6",219
"Ensemble","2026-08-15",-1,"2026-08-08","Overall","quantile","0.65",224
"Ensemble","2026-08-15",-1,"2026-08-08","Overall","quantile","0.7",231
"Ensemble","2026-08-15",-1,"2026-08-08","Overall","quantile","0.75",240
"Ensemble","2026-08-15",-1,"2026-08-08","Overall","quantile","0.8",251
"Ensemble","2026-08-15",-1,"2026-08-08","Overall","quantile","0.85",265
"Ensemble","2026-08-15",-1,"2026-08-08","Overall","quantile","0.9",291
"Ensemble","2026-08-15",-1,"2026-08-08","Overall","quantile","0.95",323
"Ensemble","2026-08-15",-1,"2026-08-08","Overall","quantile","0.975",349
"Ensemble","2026-08-15",-1,"2026-08-08","Overall","quantile","0.99",379
"Ensemble","2026-08-15",-1,"2026-08-08","Pediatrics","quantile","0.01",47
"Ensemble","2026-08-15",-1,"2026-08-08","Pediatrics","quantile","0.025",55
"Ensemble","2026-08-15",-1,"2026-08-08","Pediatrics","quantile","0.05",63
"Ensemble","2026-08-15",-1,"2026-08-08","Pediatrics","quantile","0.1",81
"Ensemble","2026-08-15",-1,"2026-08-08","Pediatrics","quantile","0.15",89
"Ensemble","2026-08-15",-1,"2026-08-08","Pediatrics","quantile","0.2",96
"Ensemble","2026-08-15",-1,"2026-08-08","Pediatrics","quantile","0.25",102
"Ensemble","2026-08-15",-1,"2026-08-08","Pediatrics","quantile","0.3",108
"Ensemble","2026-08-15",-1,"2026-08-08","Pediatrics","quantile","0.35",111
"Ensemble","2026-08-15",-1,"2026-08-08","Pediatrics","quantile","0.4",111
"Ensemble","2026-08-15",-1,"2026-08-08","Pediatrics","quantile","0.45",115
"Ensemble","2026-08-15",-1,"2026-08-08","Pediatrics","quantile","0.5",118
"Ensemble","2026-08-15",-1,"2026-08-08","Pediatrics","quantile","0.55",121
"Ensemble","2026-08-15",-1,"2026-08-08","Pediatrics","quantile","0.6",125
"Ensemble","2026-08-15",-1,"2026-08-08","Pediatrics","quantile","0.65",129
"Ensemble","2026-08-15",-1,"2026-08-08","Pediatrics","quantile","0.7",133
"Ensemble","2026-08-15",-1,"2026-08-08","Pediatrics","quantile","0.75",139
"Ensemble","2026-08-15",-1,"2026-08-08","Pediatrics","quantile","0.8",145
"Ensemble","2026-08-15",-1,"2026-08-08","Pediatrics","quantile","0.85",153
"Ensemble","2026-08-15",-1,"2026-08-08","Pediatrics","quantile","0.9",164
"Ensemble","2026-08-15",-1,"2026-08-08","Pediatrics","quantile","0.95",179
"Ensemble","2026-08-15",-1,"2026-08-08","Pediatrics","quantile","0.975",199
"Ensemble","2026-08-15",-1,"2026-08-08","Pediatrics","quantile","0.99",222
"Ensemble","2026-08-15",0,"2026-08-15","Adults","quantile","0.01",33
"Ensemble","2026-08-15",0,"2026-08-15","Adults","quantile","0.025",43
"Ensemble","2026-08-15",0,"2026-08-15","Adults","quantile","0.05",51
"Ensemble","2026-08-15",0,"2026-08-15","Adults","quantile","0.1",62
"Ensemble","2026-08-15",0,"2026-08-15","Adults","quantile","0.15",70
"Ensemble","2026-08-15",0,"2026-08-15","Adults","quantile","0.2",77
"Ensemble","2026-08-15",0,"2026-08-15","Adults","quantile","0.25",79
"Ensemble","2026-08-15",0,"2026-08-15","Adults","quantile","0.3",82
"Ensemble","2026-08-15",0,"2026-08-15","Adults","quantile","0.35",84
"Ensemble","2026-08-15",0,"2026-08-15","Adults","quantile","0.4",87
"Ensemble","2026-08-15",0,"2026-08-15","Adults","quantile","0.45",89
"Ensemble","2026-08-15",0,"2026-08-15","Adults","quantile","0.5",91
"Ensemble","2026-08-15",0,"2026-08-15","Adults","quantile","0.55",95
"Ensemble","2026-08-15",0,"2026-08-15","Adults","quantile","0.6",98
"Ensemble","2026-08-15",0,"2026-08-15","Adults","quantile","0.65",101
"Ensemble","2026-08-15",0,"2026-08-15","Adults","quantile","0.7",104
"Ensemble","2026-08-15",0,"2026-08-15","Adults","quantile","0.75",109
"Ensemble","2026-08-15",0,"2026-08-15","Adults","quantile","0.8",114
"Ensemble","2026-08-15",0,"2026-08-15","Adults","quantile","0.85",120
"Ensemble","2026-08-15",0,"2026-08-15","Adults","quantile","0.9",129
"Ensemble","2026-08-15",0,"2026-08-15","Adults","quantile","0.95",144
"Ensemble","2026-08-15",0,"2026-08-15","Adults","quantile","0.975",157
"Ensemble","2026-08-15",0,"2026-08-15","Adults","quantile","0.99",169
"Ensemble","2026-08-15",0,"2026-08-15","Overall","quantile","0.01",94
"Ensemble","2026-08-15",0,"2026-08-15","Overall","quantile","0.025",113
"Ensemble","2026-08-15",0,"2026-08-15","Overall","quantile","0.05",129
"Ensemble","2026-08-15",0,"2026-08-15","Overall","quantile","0.1",151
"Ensemble","2026-08-15",0,"2026-08-15","Overall","quantile","0.15",168
"Ensemble","2026-08-15",0,"2026-08-15","Overall","quantile","0.2",174
"Ensemble","2026-08-15",0,"2026-08-15","Overall","quantile","0.25",179
"Ensemble","2026-08-15",0,"2026-08-15","Overall","quantile","0.3",183
"Ensemble","2026-08-15",0,"2026-08-15","Overall","quantile","0.35",187
"Ensemble","2026-08-15",0,"2026-08-15","Overall","quantile","0.4",192
"Ensemble","2026-08-15",0,"2026-08-15","Overall","quantile","0.45",197
"Ensemble","2026-08-15",0,"2026-08-15","Overall","quantile","0.5",202
"Ensemble","2026-08-15",0,"2026-08-15","Overall","quantile","0.55",207
"Ensemble","2026-08-15",0,"2026-08-15","Overall","quantile","0.6",212
"Ensemble","2026-08-15",0,"2026-08-15","Overall","quantile","0.65",218
"Ensemble","2026-08-15",0,"2026-08-15","Overall","quantile","0.7",225
"Ensemble","2026-08-15",0,"2026-08-15","Overall","quantile","0.75",233
"Ensemble","2026-08-15",0,"2026-08-15","Overall","quantile","0.8",246
"Ensemble","2026-08-15",0,"2026-08-15","Overall","quantile","0.85",261
"Ensemble","2026-08-15",0,"2026-08-15","Overall","quantile","0.9",284
"Ensemble","2026-08-15",0,"2026-08-15","Overall","quantile","0.95",318
"Ensemble","2026-08-15",0,"2026-08-15","Overall","quantile","0.975",349
"Ensemble","2026-08-15",0,"2026-08-15","Overall","quantile","0.99",370
"Ensemble","2026-08-15",0,"2026-08-15","Pediatrics","quantile","0.01",42
"Ensemble","2026-08-15",0,"2026-08-15","Pediatrics","quantile","0.025",52
"Ensemble","2026-08-15",0,"2026-08-15","Pediatrics","quantile","0.05",61
"Ensemble","2026-08-15",0,"2026-08-15","Pediatrics","quantile","0.1",80
"Ensemble","2026-08-15",0,"2026-08-15","Pediatrics","quantile","0.15",89
"Ensemble","2026-08-15",0,"2026-08-15","Pediatrics","quantile","0.2",94
"Ensemble","2026-08-15",0,"2026-08-15","Pediatrics","quantile","0.25",99
"Ensemble","2026-08-15",0,"2026-08-15","Pediatrics","quantile","0.3",106
"Ensemble","2026-08-15",0,"2026-08-15","Pediatrics","quantile","0.35",111
"Ensemble","2026-08-15",0,"2026-08-15","Pediatrics","quantile","0.4",112
"Ensemble","2026-08-15",0,"2026-08-15","Pediatrics","quantile","0.45",113
"Ensemble","2026-08-15",0,"2026-08-15","Pediatrics","quantile","0.5",120
"Ensemble","2026-08-15",0,"2026-08-15","Pediatrics","quantile","0.55",123
"Ensemble","2026-08-15",0,"2026-08-15","Pediatrics","quantile","0.6",125
"Ensemble","2026-08-15",0,"2026-08-15","Pediatrics","quantile","0.65",131
"Ensemble","2026-08-15",0,"2026-08-15","Pediatrics","quantile","0.7",140
"Ensemble","2026-08-15",0,"2026-08-15","Pediatrics","quantile","0.75",141
"Ensemble","2026-08-15",0,"2026-08-15","Pediatrics","quantile","0.8",149
"Ensemble","2026-08-15",0,"2026-08-15","Pediatrics","quantile","0.85",152
"Ensemble","2026-08-15",0,"2026-08-15","Pediatrics","quantile","0.9",161
"Ensemble","2026-08-15",0,"2026-08-15","Pediatrics","quantile","0.95",182
"Ensemble","2026-08-15",0,"2026-08-15","Pediatrics","quantile","0.975",202
"Ensemble","2026-08-15",0,"2026-08-15","Pediatrics","quantile","0.99",213
"Ensemble","2026-08-15",1,"2026-08-22","Adults","quantile","0.01",32
"Ensemble","2026-08-15",1,"2026-08-22","Adults","quantile","0.025",41
"Ensemble","2026-08-15",1,"2026-08-22","Adults","quantile","0.05",49
"Ensemble","2026-08-15",1,"2026-08-22","Adults","quantile","0.1",61
"Ensemble","2026-08-15",1,"2026-08-22","Adults","quantile","0.15",69
"Ensemble","2026-08-15",1,"2026-08-22","Adults","quantile","0.2",73
"Ensemble","2026-08-15",1,"2026-08-22","Adults","quantile","0.25",76
"Ensemble","2026-08-15",1,"2026-08-22","Adults","quantile","0.3",79
"Ensemble","2026-08-15",1,"2026-08-22","Adults","quantile","0.35",81
"Ensemble","2026-08-15",1,"2026-08-22","Adults","quantile","0.4",84
"Ensemble","2026-08-15",1,"2026-08-22","Adults","quantile","0.45",86
"Ensemble","2026-08-15",1,"2026-08-22","Adults","quantile","0.5",89
"Ensemble","2026-08-15",1,"2026-08-22","Adults","quantile","0.55",92
"Ensemble","2026-08-15",1,"2026-08-22","Adults","quantile","0.6",95
"Ensemble","2026-08-15",1,"2026-08-22","Adults","quantile","0.65",97
"Ensemble","2026-08-15",1,"2026-08-22","Adults","quantile","0.7",101
"Ensemble","2026-08-15",1,"2026-08-22","Adults","quantile","0.75",106
"Ensemble","2026-08-15",1,"2026-08-22","Adults","quantile","0.8",111
"Ensemble","2026-08-15",1,"2026-08-22","Adults","quantile","0.85",118
"Ensemble","2026-08-15",1,"2026-08-22","Adults","quantile","0.9",126
"Ensemble","2026-08-15",1,"2026-08-22","Adults","quantile","0.95",140
"Ensemble","2026-08-15",1,"2026-08-22","Adults","quantile","0.975",151
"Ensemble","2026-08-15",1,"2026-08-22","Adults","quantile","0.99",169
"Ensemble","2026-08-15",1,"2026-08-22","Overall","quantile","0.01",93
"Ensemble","2026-08-15",1,"2026-08-22","Overall","quantile","0.025",110
"Ensemble","2026-08-15",1,"2026-08-22","Overall","quantile","0.05",128
"Ensemble","2026-08-15",1,"2026-08-22","Overall","quantile","0.1",150
"Ensemble","2026-08-15",1,"2026-08-22","Overall","quantile","0.15",159
"Ensemble","2026-08-15",1,"2026-08-22","Overall","quantile","0.2",166
"Ensemble","2026-08-15",1,"2026-08-22","Overall","quantile","0.25",172
"Ensemble","2026-08-15",1,"2026-08-22","Overall","quantile","0.3",176
"Ensemble","2026-08-15",1,"2026-08-22","Overall","quantile","0.35",181
"Ensemble","2026-08-15",1,"2026-08-22","Overall","quantile","0.4",185
"Ensemble","2026-08-15",1,"2026-08-22","Overall","quantile","0.45",190
"Ensemble","2026-08-15",1,"2026-08-22","Overall","quantile","0.5",195
"Ensemble","2026-08-15",1,"2026-08-22","Overall","quantile","0.55",200
"Ensemble","2026-08-15",1,"2026-08-22","Overall","quantile","0.6",204
"Ensemble","2026-08-15",1,"2026-08-22","Overall","quantile","0.65",210
"Ensemble","2026-08-15",1,"2026-08-22","Overall","quantile","0.7",216
"Ensemble","2026-08-15",1,"2026-08-22","Overall","quantile","0.75",225
"Ensemble","2026-08-15",1,"2026-08-22","Overall","quantile","0.8",239
"Ensemble","2026-08-15",1,"2026-08-22","Overall","quantile","0.85",253
"Ensemble","2026-08-15",1,"2026-08-22","Overall","quantile","0.9",274
"Ensemble","2026-08-15",1,"2026-08-22","Overall","quantile","0.95",314
"Ensemble","2026-08-15",1,"2026-08-22","Overall","quantile","0.975",337
"Ensemble","2026-08-15",1,"2026-08-22","Overall","quantile","0.99",363
"Ensemble","2026-08-15",1,"2026-08-22","Pediatrics","quantile","0.01",43
"Ensemble","2026-08-15",1,"2026-08-22","Pediatrics","quantile","0.025",52
"Ensemble","2026-08-15",1,"2026-08-22","Pediatrics","quantile","0.05",60
"Ensemble","2026-08-15",1,"2026-08-22","Pediatrics","quantile","0.1",81
"Ensemble","2026-08-15",1,"2026-08-22","Pediatrics","quantile","0.15",86
"Ensemble","2026-08-15",1,"2026-08-22","Pediatrics","quantile","0.2",92
"Ensemble","2026-08-15",1,"2026-08-22","Pediatrics","quantile","0.25",99
"Ensemble","2026-08-15",1,"2026-08-22","Pediatrics","quantile","0.3",105
"Ensemble","2026-08-15",1,"2026-08-22","Pediatrics","quantile","0.35",112
"Ensemble","2026-08-15",1,"2026-08-22","Pediatrics","quantile","0.4",112
"Ensemble","2026-08-15",1,"2026-08-22","Pediatrics","quantile","0.45",113
"Ensemble","2026-08-15",1,"2026-08-22","Pediatrics","quantile","0.5",120
"Ensemble","2026-08-15",1,"2026-08-22","Pediatrics","quantile","0.55",121
"Ensemble","2026-08-15",1,"2026-08-22","Pediatrics","quantile","0.6",125
"Ensemble","2026-08-15",1,"2026-08-22","Pediatrics","quantile","0.65",133
"Ensemble","2026-08-15",1,"2026-08-22","Pediatrics","quantile","0.7",140
"Ensemble","2026-08-15",1,"2026-08-22","Pediatrics","quantile","0.75",142
"Ensemble","2026-08-15",1,"2026-08-22","Pediatrics","quantile","0.8",150
"Ensemble","2026-08-15",1,"2026-08-22","Pediatrics","quantile","0.85",157
"Ensemble","2026-08-15",1,"2026-08-22","Pediatrics","quantile","0.9",157
"Ensemble","2026-08-15",1,"2026-08-22","Pediatrics","quantile","0.95",178
"Ensemble","2026-08-15",1,"2026-08-22","Pediatrics","quantile","0.975",194
"Ensemble","2026-08-15",1,"2026-08-22","Pediatrics","quantile","0.99",205
"Ensemble","2026-08-15",2,"2026-08-29","Adults","quantile","0.01",32
"Ensemble","2026-08-15",2,"2026-08-29","Adults","quantile","0.025",40
"Ensemble","2026-08-15",2,"2026-08-29","Adults","quantile","0.05",49
"Ensemble","2026-08-15",2,"2026-08-29","Adults","quantile","0.1",61
"Ensemble","2026-08-15",2,"2026-08-29","Adults","quantile","0.15",67
"Ensemble","2026-08-15",2,"2026-08-29","Adults","quantile","0.2",70
"Ensemble","2026-08-15",2,"2026-08-29","Adults","quantile","0.25",73
"Ensemble","2026-08-15",2,"2026-08-29","Adults","quantile","0.3",75
"Ensemble","2026-08-15",2,"2026-08-29","Adults","quantile","0.35",78
"Ensemble","2026-08-15",2,"2026-08-29","Adults","quantile","0.4",80
"Ensemble","2026-08-15",2,"2026-08-29","Adults","quantile","0.45",83
"Ensemble","2026-08-15",2,"2026-08-29","Adults","quantile","0.5",86
"Ensemble","2026-08-15",2,"2026-08-29","Adults","quantile","0.55",88
"Ensemble","2026-08-15",2,"2026-08-29","Adults","quantile","0.6",91
"Ensemble","2026-08-15",2,"2026-08-29","Adults","quantile","0.65",94
"Ensemble","2026-08-15",2,"2026-08-29","Adults","quantile","0.7",98
"Ensemble","2026-08-15",2,"2026-08-29","Adults","quantile","0.75",102
"Ensemble","2026-08-15",2,"2026-08-29","Adults","quantile","0.8",107
"Ensemble","2026-08-15",2,"2026-08-29","Adults","quantile","0.85",113
"Ensemble","2026-08-15",2,"2026-08-29","Adults","quantile","0.9",123
"Ensemble","2026-08-15",2,"2026-08-29","Adults","quantile","0.95",137
"Ensemble","2026-08-15",2,"2026-08-29","Adults","quantile","0.975",147
"Ensemble","2026-08-15",2,"2026-08-29","Adults","quantile","0.99",169
"Ensemble","2026-08-15",2,"2026-08-29","Overall","quantile","0.01",88
"Ensemble","2026-08-15",2,"2026-08-29","Overall","quantile","0.025",107
"Ensemble","2026-08-15",2,"2026-08-29","Overall","quantile","0.05",127
"Ensemble","2026-08-15",2,"2026-08-29","Overall","quantile","0.1",143
"Ensemble","2026-08-15",2,"2026-08-29","Overall","quantile","0.15",151
"Ensemble","2026-08-15",2,"2026-08-29","Overall","quantile","0.2",169
"Ensemble","2026-08-15",2,"2026-08-29","Overall","quantile","0.25",176
"Ensemble","2026-08-15",2,"2026-08-29","Overall","quantile","0.3",181
"Ensemble","2026-08-15",2,"2026-08-29","Overall","quantile","0.35",181
"Ensemble","2026-08-15",2,"2026-08-29","Overall","quantile","0.4",184
"Ensemble","2026-08-15",2,"2026-08-29","Overall","quantile","0.45",186
"Ensemble","2026-08-15",2,"2026-08-29","Overall","quantile","0.5",186
"Ensemble","2026-08-15",2,"2026-08-29","Overall","quantile","0.55",191
"Ensemble","2026-08-15",2,"2026-08-29","Overall","quantile","0.6",195
"Ensemble","2026-08-15",2,"2026-08-29","Overall","quantile","0.65",204
"Ensemble","2026-08-15",2,"2026-08-29","Overall","quantile","0.7",217
"Ensemble","2026-08-15",2,"2026-08-29","Overall","quantile","0.75",229
"Ensemble","2026-08-15",2,"2026-08-29","Overall","quantile","0.8",252
"Ensemble","2026-08-15",2,"2026-08-29","Overall","quantile","0.85",260
"Ensemble","2026-08-15",2,"2026-08-29","Overall","quantile","0.9",276
"Ensemble","2026-08-15",2,"2026-08-29","Overall","quantile","0.95",305
"Ensemble","2026-08-15",2,"2026-08-29","Overall","quantile","0.975",332
"Ensemble","2026-08-15",2,"2026-08-29","Overall","quantile","0.99",373
"Ensemble","2026-08-15",2,"2026-08-29","Pediatrics","quantile","0.01",40
"Ensemble","2026-08-15",2,"2026-08-29","Pediatrics","quantile","0.025",49
"Ensemble","2026-08-15",2,"2026-08-29","Pediatrics","quantile","0.05",60
"Ensemble","2026-08-15",2,"2026-08-29","Pediatrics","quantile","0.1",76
"Ensemble","2026-08-15",2,"2026-08-29","Pediatrics","quantile","0.15",83
"Ensemble","2026-08-15",2,"2026-08-29","Pediatrics","quantile","0.2",91
"Ensemble","2026-08-15",2,"2026-08-29","Pediatrics","quantile","0.25",99
"Ensemble","2026-08-15",2,"2026-08-29","Pediatrics","quantile","0.3",104
"Ensemble","2026-08-15",2,"2026-08-29","Pediatrics","quantile","0.35",111
"Ensemble","2026-08-15",2,"2026-08-29","Pediatrics","quantile","0.4",112
"Ensemble","2026-08-15",2,"2026-08-29","Pediatrics","quantile","0.45",113
"Ensemble","2026-08-15",2,"2026-08-29","Pediatrics","quantile","0.5",117
"Ensemble","2026-08-15",2,"2026-08-29","Pediatrics","quantile","0.55",120
"Ensemble","2026-08-15",2,"2026-08-29","Pediatrics","quantile","0.6",125
"Ensemble","2026-08-15",2,"2026-08-29","Pediatrics","quantile","0.65",134
"Ensemble","2026-08-15",2,"2026-08-29","Pediatrics","quantile","0.7",139
"Ensemble","2026-08-15",2,"2026-08-29","Pediatrics","quantile","0.75",147
"Ensemble","2026-08-15",2,"2026-08-29","Pediatrics","quantile","0.8",154
"Ensemble","2026-08-15",2,"2026-08-29","Pediatrics","quantile","0.85",157
"Ensemble","2026-08-15",2,"2026-08-29","Pediatrics","quantile","0.9",158
"Ensemble","2026-08-15",2,"2026-08-29","Pediatrics","quantile","0.95",173
"Ensemble","2026-08-15",2,"2026-08-29","Pediatrics","quantile","0.975",189
"Ensemble","2026-08-15",2,"2026-08-29","Pediatrics","quantile","0.99",210
"Ensemble","2026-08-15",3,"2026-09-05","Adults","quantile","0.01",31
"Ensemble","2026-08-15",3,"2026-09-05","Adults","quantile","0.025",41
"Ensemble","2026-08-15",3,"2026-09-05","Adults","quantile","0.05",49
"Ensemble","2026-08-15",3,"2026-09-05","Adults","quantile","0.1",58
"Ensemble","2026-08-15",3,"2026-09-05","Adults","quantile","0.15",62
"Ensemble","2026-08-15",3,"2026-09-05","Adults","quantile","0.2",66
"Ensemble","2026-08-15",3,"2026-09-05","Adults","quantile","0.25",69
"Ensemble","2026-08-15",3,"2026-09-05","Adults","quantile","0.3",72
"Ensemble","2026-08-15",3,"2026-09-05","Adults","quantile","0.35",74
"Ensemble","2026-08-15",3,"2026-09-05","Adults","quantile","0.4",76
"Ensemble","2026-08-15",3,"2026-09-05","Adults","quantile","0.45",79
"Ensemble","2026-08-15",3,"2026-09-05","Adults","quantile","0.5",82
"Ensemble","2026-08-15",3,"2026-09-05","Adults","quantile","0.55",84
"Ensemble","2026-08-15",3,"2026-09-05","Adults","quantile","0.6",87
"Ensemble","2026-08-15",3,"2026-09-05","Adults","quantile","0.65",90
"Ensemble","2026-08-15",3,"2026-09-05","Adults","quantile","0.7",94
"Ensemble","2026-08-15",3,"2026-09-05","Adults","quantile","0.75",98
"Ensemble","2026-08-15",3,"2026-09-05","Adults","quantile","0.8",102
"Ensemble","2026-08-15",3,"2026-09-05","Adults","quantile","0.85",114
"Ensemble","2026-08-15",3,"2026-09-05","Adults","quantile","0.9",124
"Ensemble","2026-08-15",3,"2026-09-05","Adults","quantile","0.95",137
"Ensemble","2026-08-15",3,"2026-09-05","Adults","quantile","0.975",146
"Ensemble","2026-08-15",3,"2026-09-05","Adults","quantile","0.99",170
"Ensemble","2026-08-15",3,"2026-09-05","Overall","quantile","0.01",85
"Ensemble","2026-08-15",3,"2026-09-05","Overall","quantile","0.025",104
"Ensemble","2026-08-15",3,"2026-09-05","Overall","quantile","0.05",123
"Ensemble","2026-08-15",3,"2026-09-05","Overall","quantile","0.1",133
"Ensemble","2026-08-15",3,"2026-09-05","Overall","quantile","0.15",152
"Ensemble","2026-08-15",3,"2026-09-05","Overall","quantile","0.2",169
"Ensemble","2026-08-15",3,"2026-09-05","Overall","quantile","0.25",175
"Ensemble","2026-08-15",3,"2026-09-05","Overall","quantile","0.3",180
"Ensemble","2026-08-15",3,"2026-09-05","Overall","quantile","0.35",185
"Ensemble","2026-08-15",3,"2026-09-05","Overall","quantile","0.4",186
"Ensemble","2026-08-15",3,"2026-09-05","Overall","quantile","0.45",186
"Ensemble","2026-08-15",3,"2026-09-05","Overall","quantile","0.5",187
"Ensemble","2026-08-15",3,"2026-09-05","Overall","quantile","0.55",191
"Ensemble","2026-08-15",3,"2026-09-05","Overall","quantile","0.6",192
"Ensemble","2026-08-15",3,"2026-09-05","Overall","quantile","0.65",204
"Ensemble","2026-08-15",3,"2026-09-05","Overall","quantile","0.7",217
"Ensemble","2026-08-15",3,"2026-09-05","Overall","quantile","0.75",232
"Ensemble","2026-08-15",3,"2026-09-05","Overall","quantile","0.8",252
"Ensemble","2026-08-15",3,"2026-09-05","Overall","quantile","0.85",262
"Ensemble","2026-08-15",3,"2026-09-05","Overall","quantile","0.9",276
"Ensemble","2026-08-15",3,"2026-09-05","Overall","quantile","0.95",299
"Ensemble","2026-08-15",3,"2026-09-05","Overall","quantile","0.975",318
"Ensemble","2026-08-15",3,"2026-09-05","Overall","quantile","0.99",373
"Ensemble","2026-08-15",3,"2026-09-05","Pediatrics","quantile","0.01",38
"Ensemble","2026-08-15",3,"2026-09-05","Pediatrics","quantile","0.025",46
"Ensemble","2026-08-15",3,"2026-09-05","Pediatrics","quantile","0.05",59
"Ensemble","2026-08-15",3,"2026-09-05","Pediatrics","quantile","0.1",73
"Ensemble","2026-08-15",3,"2026-09-05","Pediatrics","quantile","0.15",81
"Ensemble","2026-08-15",3,"2026-09-05","Pediatrics","quantile","0.2",90
"Ensemble","2026-08-15",3,"2026-09-05","Pediatrics","quantile","0.25",99
"Ensemble","2026-08-15",3,"2026-09-05","Pediatrics","quantile","0.3",105
"Ensemble","2026-08-15",3,"2026-09-05","Pediatrics","quantile","0.35",111
"Ensemble","2026-08-15",3,"2026-09-05","Pediatrics","quantile","0.4",112
"Ensemble","2026-08-15",3,"2026-09-05","Pediatrics","quantile","0.45",112
"Ensemble","2026-08-15",3,"2026-09-05","Pediatrics","quantile","0.5",117
"Ensemble","2026-08-15",3,"2026-09-05","Pediatrics","quantile","0.55",120
"Ensemble","2026-08-15",3,"2026-09-05","Pediatrics","quantile","0.6",126
"Ensemble","2026-08-15",3,"2026-09-05","Pediatrics","quantile","0.65",135
"Ensemble","2026-08-15",3,"2026-09-05","Pediatrics","quantile","0.7",140
"Ensemble","2026-08-15",3,"2026-09-05","Pediatrics","quantile","0.75",150
"Ensemble","2026-08-15",3,"2026-09-05","Pediatrics","quantile","0.8",157
"Ensemble","2026-08-15",3,"2026-09-05","Pediatrics","quantile","0.85",161
"Ensemble","2026-08-15",3,"2026-09-05","Pediatrics","quantile","0.9",162
"Ensemble","2026-08-15",3,"2026-09-05","Pediatrics","quantile","0.95",166
"Ensemble","2026-08-15",3,"2026-09-05","Pediatrics","quantile","0.975",180
"Ensemble","2026-08-15",3,"2026-09-05","Pediatrics","quantile","0.99",205
