"model","reference_date","horizon","target_end_date","target_group","output_type","output_type_id","value"
"Regular Baseline","2026-08-15",-8,"2026-06-20","Adults","quantile","0.01",42
"Regular Baseline","2026-08-15",-8,"2026-06-20","Adults","quantile","0.025",51
"Regular Baseline","2026-08-15",-8,"2026-06-20","Adults","quantile","0.05",62
"Regular Baseline","2026-08-15",-8,"2026-06-20","Adults","quantile","0.1",72
"Regular Baseline","2026-08-15",-8,"2026-06-20","Adults","quantile","0.15",76
"Regular Baseline","2026-08-15",-8,"2026-06-20","Adults","quantile","0.2",82
"Regular Baseline","2026-08-15",-8,"2026-06-20","Adults","quantile","0.25",87
"Regular Baseline","2026-08-15",-8,"2026-06-20","Adults","quantile","0.3",90
"Regular Baseline","2026-08-15",-8,"2026-06-20","Adults","quantile","0.35",93
"Regular Baseline","2026-08-15",-8,"2026-06-20","Adults","quantile","0.4",97
"Regular Baseline","2026-08-15",-8,"2026-06-20","Adults","quantile","0.45",99
"Regular Baseline","2026-08-15",-8,"2026-06-20","Adults","quantile","0.5",102
"Regular Baseline","2026-08-15",-8,"2026-06-20","Adults","quantile","0.55",105
"Regular Baseline","2026-08-15",-8,"2026-06-20","Adults","quantile","0.6",108
"Regular Baseline","2026-08-15",-8,"2026-06-20","Adults","quantile","0.65",111
"Regular Baseline","2026-08-15",-8,"2026-06-20","Adults","quantile","0.7",115
"Regular Baseline","2026-08-15",-8,"2026-06-20","Adults","quantile","0.75",118
"Regular Baseline","2026-08-15",-8,"2026-06-20","Adults","quantile","0.8",124
"Regular Baseline","2026-08-15",-8,"2026-06-20","Adults","quantile","0.85",131
"Regular Baseline","2026-08-15",-8,"2026-06-20","Adults","quantile","0.9",137
"Regular Baseline","2026-08-15",-8,"2026-06-20","Adults","quantile","0.95",151
"Regular Baseline","2026-08-15",-8,"2026-06-20","Adults","quantile","0.975",170
"Regular Baseline","2026-08-15",-8,"2026-06-20","Adults","quantile","0.99",189
"Regular Baseline","2026-08-15",-7,"2026-06-27","Adults","quantile","0.01",25
"Regular Baseline","2026-08-15",-7,"2026-06-27","Adults","quantile","0.025",37
"Regular Baseline","2026-08-15",-7,"2026-06-27","Adults","quantile","0.05",48
"Regular Baseline","2026-08-15",-7,"2026-06-27","Adults","quantile","0.1",60
"Regular Baseline","2026-08-15",-7,"2026-06-27","Adults","quantile","0.15",67
"Regular Baseline","2026-08-15",-7,"2026-06-27","Adults","quantile","0.2",73
"Regular Baseline","2026-08-15",-7,"2026-06-27","Adults","quantile","0.25",79
"Regular Baseline","2026-08-15",-7,"2026-06-27","Adults","quantile","0.3",84
"Regular Baseline","2026-08-15",-7,"2026-06-27","Adults","quantile","0.35",89
"Regular Baseline","2026-08-15",-7,"2026-06-27","Adults","quantile","0.4",93
"Regular Baseline","2026-08-15",-7,"2026-06-27","Adults","quantile","0.45",98
"Regular Baseline","2026-08-15",-7,"2026-06-27","Adults","quantile","0.5",102
"Regular Baseline","2026-08-15",-7,"2026-06-27","Adults","quantile","0.55",107
"Regular Baseline","2026-08-15",-7,"2026-06-27","Adults","quantile","0.6",111
"Regular Baseline","2026-08-15",-7,"2026-06-27","Adults","quantile","0.65",116
"Regular Baseline","2026-08-15",-7,"2026-06-27","Adults","quantile","0.7",122
"Regular Baseline","2026-08-15",-7,"2026-06-27","Adults","quantile","0.75",128
"Regular Baseline","2026-08-15",-7,"2026-06-27","Adults","quantile","0.8",135
"Regular Baseline","2026-08-15",-7,"2026-06-27","Adults","quantile","0.85",144
"Regular Baseline","2026-08-15",-7,"2026-06-27","Adults","quantile","0.9",157
"Regular Baseline","2026-08-15",-7,"2026-06-27","Adults","quantile","0.95",178
"Regular Baseline","2026-08-15",-7,"2026-06-27","Adults","quantile","0.975",199
"Regular Baseline","2026-08-15",-7,"2026-06-27","Adults","quantile","0.99",238
"Regular Baseline","2026-08-15",-6,"2026-07-04","Adults","quantile","0.01",14
"Regular Baseline","2026-08-15",-6,"2026-07-04","Adults","quantile","0.025",26
"Regular Baseline","2026-08-15",-6,"2026-07-04","Adults","quantile","0.05",37
"Regular Baseline","2026-08-15",-6,"2026-07-04","Adults","quantile","0.1",50
"Regular Baseline","2026-08-15",-6,"2026-07-04","Adults","quantile","0.15",59
"Regular Baseline","2026-08-15",-6,"2026-07-04","Adults","quantile","0.2",66
"Regular Baseline","2026-08-15",-6,"2026-07-04","Adults","quantile","0.25",73
"Regular Baseline","2026-08-15",-6,"2026-07-04","Adults","quantile","0.3",79
"Regular Baseline","2026-08-15",-6,"2026-07-04","Adults","quantile","0.35",85
"Regular Baseline","2026-08-15",-6,"2026-07-04","Adults","quantile","0.4",90
"Regular Baseline","2026-08-15",-6,"2026-07-04","Adults","quantile","0.45",96
"Regular Baseline","2026-08-15",-6,"2026-07-04","Adults","quantile","0.5",102
"Regular Baseline","2026-08-15",-6,"2026-07-04","Adults","quantile","0.55",108
"Regular Baseline","2026-08-15",-6,"2026-07-04","Adults","quantile","0.6",114
"Regular Baseline","2026-08-15",-6,"2026-07-04","Adults","quantile","0.65",121
"Regular Baseline","2026-08-15",-6,"2026-07-04","Adults","quantile","0.7",127
"Regular Baseline","2026-08-15",-6,"2026-07-04","Adults","quantile","0.75",135
"Regular Baseline","2026-08-15",-6,"2026-07-04","Adults","quantile","0.8",144
"Regular Baseline","2026-08-15",-6,"2026-07-04","Adults","quantile","0.85",157
"Regular Baseline","2026-08-15",-6,"2026-07-04","Adults","quantile","0.9",172
"Regular Baseline","2026-08-15",-6,"2026-07-04","Adults","quantile","0.95",199
"Regular Baseline","2026-08-15",-6,"2026-07-04","Adults","quantile","0.975",227
"Regular Baseline","2026-08-15",-6,"2026-07-04","Adults","quantile","0.99",271
"Regular Baseline","2026-08-15",-5,"2026-07-11","Adults","quantile","0.01",9
"Regular Baseline","2026-08-15",-5,"2026-07-11","Adults","quantile","0.025",19
"Regular Baseline","2026-08-15",-5,"2026-07-11","Adults","quantile","0.05",31
"Regular Baseline","2026-08-15",-5,"2026-07-11","Adults","quantile","0.1",43
"Regular Baseline","2026-08-15",-5,"2026-07-11","Adults","quantile","0.15",53
"Regular Baseline","2026-08-15",-5,"2026-07-11","Adults","quantile","0.2",62
"Regular Baseline","2026-08-15",-5,"2026-07-11","Adults","quantile","0.25",69
"Regular Baseline","2026-08-15",-5,"2026-07-11","Adults","quantile","0.3",76
"Regular Baseline","2026-08-15",-5,"2026-07-11","Adults","quantile","0.35",83
"Regular Baseline","2026-08-15",-5,"2026-07-11","Adults","quantile","0.4",89
"Regular Baseline","2026-08-15",-5,"2026-07-11","Adults","quantile","0.45",95
"Regular Baseline","2026-08-15",-5,"2026-07-11","Adults","quantile","0.5",102
"Regular Baseline","2026-08-15",-5,"2026-07-11","Adults","quantile","0.55",109
"Regular Baseline","2026-08-15",-5,"2026-07-11","Adults","quantile","0.6",116
"Regular Baseline","2026-08-15",-5,"2026-07-11","Adults","quantile","0.65",124
"Regular Baseline","2026-08-15",-5,"2026-07-11","Adults","quantile","0.7",132
"Regular Baseline","2026-08-15",-5,"2026-07-11","Adults","quantile","0.75",142
"Regular Baseline","2026-08-15",-5,"2026-07-11","Adults","quantile","0.8",153
"Regular Baseline","2026-08-15",-5,"2026-07-11","Adults","quantile","0.85",167
"Regular Baseline","2026-08-15",-5,"2026-07-11","Adults","quantile","0.9",186
"Regular Baseline","2026-08-15",-5,"2026-07-11","Adults","quantile","0.95",217
"Regular Baseline","2026-08-15",-5,"2026-07-11","Adults","quantile","0.975",251
"Regular Baseline","2026-08-15",-5,"2026-07-11","Adults","quantile","0.99",295
"Regular Baseline","2026-08-15",-4,"2026-07-18","Adults","quantile","0.01",5
"Regular Baseline","2026-08-15",-4,"2026-07-18","Adults","quantile","0.025",14
"Regular Baseline","2026-08-15",-4,"2026-07-18","Adults","quantile","0.05",24
"Regular Baseline","2026-08-15",-4,"2026-07-18","Adults","quantile","0.1",38
"Regular Baseline","2026-08-15",-4,"2026-07-18","Adults","quantile","0.15",48
"Regular Baseline","2026-08-15",-4,"2026-07-18","Adults","quantile","0.2",57
"Regular Baseline","2026-08-15",-4,"2026-07-18","Adults","quantile","0.25",65
"Regular Baseline","2026-08-15",-4,"2026-07-18","Adults","quantile","0.3",73
"Regular Baseline","2026-08-15",-4,"2026-07-18","Adults","quantile","0.35",81
"Regular Baseline","2026-08-15",-4,"2026-07-18","Adults","quantile","0.4",88
"Regular Baseline","2026-08-15",-4,"2026-07-18","Adults","quantile","0.45",95
"Regular Baseline","2026-08-15",-4,"2026-07-18","Adults","quantile","0.5",102
"Regular Baseline","2026-08-15",-4,"2026-07-18","Adults","quantile","0.55",110
"Regular Baseline","2026-08-15",-4,"2026-07-18","Adults","quantile","0.6",118
"Regular Baseline","2026-08-15",-4,"2026-07-18","Adults","quantile","0.65",126
"Regular Baseline","2026-08-15",-4,"2026-07-18","Adults","quantile","0.7",136
"Regular Baseline","2026-08-15",-4,"2026-07-18","Adults","quantile","0.75",146
"Regular Baseline","2026-08-15",-4,"2026-07-18","Adults","quantile","0.8",159
"Regular Baseline","2026-08-15",-4,"2026-07-18","Adults","quantile","0.85",176
"Regular Baseline","2026-08-15",-4,"2026-07-18","Adults","quantile","0.9",198
"Regular Baseline","2026-08-15",-4,"2026-07-18","Adults","quantile","0.95",235
"Regular Baseline","2026-08-15",-4,"2026-07-18","Adults","quantile","0.975",268
"Regular Baseline","2026-08-15",-4,"2026-07-18","Adults","quantile","0.99",321
"Regular Baseline","2026-08-15",-3,"2026-07-25","Adults","quantile","0.01",2
"Regular Baseline","2026-08-15",-3,"2026-07-25","Adults","quantile","0.025",10
"Regular Baseline","2026-08-15",-3,"2026-07-25","Adults","quantile","0.05",19
"Regular Baseline","2026-08-15",-3,"2026-07-25","Adults","quantile","0.1",32
"Regular Baseline","2026-08-15",-3,"2026-07-25","Adults","quantile","0.15",43
"Regular Baseline","2026-08-15",-3,"2026-07-25","Adults","quantile","0.2",52
"Regular Baseline","2026-08-15",-3,"2026-07-25","Adults","quantile","0.25",61
"Regular Baseline","2026-08-15",-3,"2026-07-25","Adults","quantile","0.3",69
"Regular Baseline","2026-08-15",-3,"2026-07-25","Adults","quantile","0.35",77
"Regular Baseline","2026-08-15",-3,"2026-07-25","Adults","quantile","0.4",85
"Regular Baseline","2026-08-15",-3,"2026-07-25","Adults","quantile","0.45",93
"Regular Baseline","2026-08-15",-3,"2026-07-25","Adults","quantile","0.5",102
"Regular Baseline","2026-08-15",-3,"2026-07-25","Adults","quantile","0.55",110
"Regular Baseline","2026-08-15",-3,"2026-07-25","Adults","quantile","0.6",119
"Regular Baseline","2026-08-15",-3,"2026-07-25","Adults","quantile","0.65",129
"Regular Baseline","2026-08-15",-3,"2026-07-25","Adults","quantile","0.7",139
"Regular Baseline","2026-08-15",-3,"2026-07-25","Adults","quantile","0.75",151
"Regular Baseline","2026-08-15",-3,"2026-07-25","Adults","quantile","0.8",164
"Regular Baseline","2026-08-15",-3,"2026-07-25","Adults","quantile","0.85",182
"Regular Baseline","2026-08-15",-3,"2026-07-25","Adults","quantile","0.9",209
"Regular Baseline","2026-08-15",-3,"2026-07-25","Adults","quantile","0.95",248
"Regular Baseline","2026-08-15",-3,"2026-07-25","Adults","quantile","0.975",292
"Regular Baseline","2026-08-15",-3,"2026-07-25","Adults","quantile","0.99",343
"Regular Baseline","2026-08-15",-2,"2026-08-01","Adults","quantile","0.01",0
"Regular Baseline","2026-08-15",-2,"2026-08-01","Adults","quantile","0.025",6
"Regular Baseline","2026-08-15",-2,"2026-08-01","Adults","quantile","0.05",15
"Regular Baseline","2026-08-15",-2,"2026-08-01","Adults","quantile","0.1",29
"Regular Baseline","2026-08-15",-2,"2026-08-01","Adults","quantile","0.15",40
"Regular Baseline","2026-08-15",-2,"2026-08-01","Adults","quantile","0.2",49
"Regular Baseline","2026-08-15",-2,"2026-08-01","Adults","quantile","0.25",58
"Regular Baseline","2026-08-15",-2,"2026-08-01","Adults","quantile","0.3",67
"Regular Baseline","2026-08-15",-2,"2026-08-01","Adults","quantile","0.35",75
"Regular Baseline","2026-08-15",-2,"2026-08-01","Adults","quantile","0.4",84
"Regular Baseline","2026-08-15",-2,"2026-08-01","Adults","quantile","0.45",93
"Regular Baseline","2026-08-15",-2,"2026-08-01","Adults","quantile","0.5",102
"Regular Baseline","2026-08-15",-2,"2026-08-01","Adults","quantile","0.55",112
"Regular Baseline","2026-08-15",-2,"2026-08-01","Adults","quantile","0.6",121
"Regular Baseline","2026-08-15",-2,"2026-08-01","Adults","quantile","0.65",131
"Regular Baseline","2026-08-15",-2,"2026-08-01","Adults","quantile","0.7",142
"Regular Baseline","2026-08-15",-2,"2026-08-01","Adults","quantile","0.75",155
"Regular Baseline","2026-08-15",-2,"2026-08-01","Adults","quantile","0.8",171
"Regular Baseline","2026-08-15",-2,"2026-08-01","Adults","quantile","0.85",191
"Regular Baseline","2026-08-15",-2,"2026-08-01","Adults","quantile","0.9",217
"Regular Baseline","2026-08-15",-2,"2026-08-01","Adults","quantile","0.95",265
"Regular Baseline","2026-08-15",-2,"2026-08-01","Adults","quantile","0.975",308
"Regular Baseline","2026-08-15",-2,"2026-08-01","Adults","quantile","0.99",368
"Regular Baseline","2026-08-15",-1,"2026-08-08","Adults","quantile","0.01",0
"Regular Baseline","2026-08-15",-1,"2026-08-08","Adults","quantile","0.025",4
"Regular Baseline","2026-08-15",-1,"2026-08-08","Adults","quantile","0.05",12
"Regular Baseline","2026-08-15",-1,"2026-08-08","Adults","quantile","0.1",25
"Regular Baseline","2026-08-15",-1,"2026-08-08","Adults","quantile","0.15",37
"Regular Baseline","2026-08-15",-1,"2026-08-08","Adults","quantile","0.2",46
"Regular Baseline","2026-08-15",-1,"2026-08-08","Adults","quantile","0.25",55
"Regular Baseline","2026-08-15",-1,"2026-08-08","Adults","quantile","0.3",65
"Regular Baseline","2026-08-15",-1,"2026-08-08","Adults","quantile","0.35",74
"Regular Baseline","2026-08-15",-1,"2026-08-08","Adults","quantile","0.4",84
"Regular Baseline","2026-08-15",-1,"2026-08-08","Adults","quantile","0.45",93
"Regular Baseline","2026-08-15",-1,"2026-08-08","Adults","quantile","0.5",102
"Regular Baseline","2026-08-15",-1,"2026-08-08","Adults","quantile","0.55",112
"Regular Baseline","2026-08-15",-1,"2026-08-08","Adults","quantile","0.6",122
"Regular Baseline","2026-08-15",-1,"2026-08-08","Adults","quantile","0.65",133
"Regular Baseline","2026-08-15",-1,"2026-08-08","Adults","quantile","0.7",146
"Regular Baseline","2026-08-15",-1,"2026-08-08","Adults","quantile","0.75",160
"Regular Baseline","2026-08-15",-1,"2026-08-08","Adults","quantile","0.8",177
"Regular Baseline","2026-08-15",-1,"2026-08-08","Adults","quantile","0.85",199
"Regular Baseline","2026-08-15",-1,"2026-08-08","Adults","quantile","0.9",226
"Regular Baseline","2026-08-15",-1,"2026-08-08","Adults","quantile","0.95",276
"Regular Baseline","2026-08-15",-1,"2026-08-08","Adults","quantile","0.975",324
"Regular Baseline","2026-08-15",-1,"2026-08-08","Adults","quantile","0.99",385
"Regular Baseline","2026-08-15",0,"2026-08-15","Adults","quantile","0.01",0
"Regular Baseline","2026-08-15",0,"2026-08-15","Adults","quantile","0.025",2
"Regular Baseline","2026-08-15",0,"2026-08-15","Adults","quantile","0.05",9
"Regular Baseline","2026-08-15",0,"2026-08-15","Adults","quantile","0.1",22
"Regular Baseline","2026-08-15",0,"2026-08-15","Adults","quantile","0.15",33
"Regular Baseline","2026-08-15",0,"2026-08-15","Adults","quantile","0.2",43
"Regular Baseline","2026-08-15",0,"2026-08-15","Adults","quantile","0.25",53
"Regular Baseline","2026-08-15",0,"2026-08-15","Adults","quantile","0.3",63
"Regular Baseline","2026-08-15",0,"2026-08-15","Adults","quantile","0.35",73
"Regular Baseline","2026-08-15",0,"2026-08-15","Adults","quantile","0.4",82
"Regular Baseline","2026-08-15",0,"2026-08-15","Adults","quantile","0.45",92
"Regular Baseline","2026-08-15",0,"2026-08-15","Adults","quantile","0.5",102
"Regular Baseline","2026-08-15",0,"2026-08-15","Adults","quantile","0.55",113
"Regular Baseline","2026-08-15",0,"2026-08-15","Adults","quantile","0.6",124
"Regular Baseline","2026-08-15",0,"2026-08-15","Adults","quantile","0.65",136
"Regular Baseline","2026-08-15",0,"2026-08-15","Adults","quantile","0.7",150
"Regular Baseline","2026-08-15",0,"2026-08-15","Adults","quantile","0.75",167
"Regular Baseline","2026-08-15",0,"2026-08-15","Adults","quantile","0.8",184
"Regular Baseline","2026-08-15",0,"2026-08-15","Adults","quantile","0.85",207
"Regular Baseline","2026-08-15",0,"2026-08-15","Adults","quantile","0.9",239
"Regular Baseline","2026-08-15",0,"2026-08-15","Adults","quantile","0.95",287
"Regular Baseline","2026-08-15",0,"2026-08-15","Adults","quantile","0.975",338
"Regular Baseline","2026-08-15",0,"2026-08-15","Adults","quantile","0.99",399
"Regular Baseline","2026-08-15",1,"2026-08-22","Adults","quantile","0.01",0
"Regular Baseline","2026-08-15",1,"2026-08-22","Adults","quantile","0.025",1
"Regular Baseline","2026-08-15",1,"2026-08-22","Adults","quantile","0.05",7
"Regular Baseline","2026-08-15",1,"2026-08-22","Adults","quantile","0.1",19
"Regular Baseline","2026-08-15",1,"2026-08-22","Adults","quantile","0.15",30
"Regular Baseline","2026-08-15",1,"2026-08-22","Adults","quantile","0.2",41
"Regular Baseline","2026-08-15",1,"2026-08-22","Adults","quantile","0.25",51
"Regular Baseline","2026-08-15",1,"2026-08-22","Adults","quantile","0.3",61
"Regular Baseline","2026-08-15",1,"2026-08-22","Adults","quantile","0.35",71
"Regular Baseline","2026-08-15",1,"2026-08-22","Adults","quantile","0.4",81
"Regular Baseline","2026-08-15",1,"2026-08-22","Adults","quantile","0.45",92
"Regular Baseline","2026-08-15",1,"2026-08-22","Adults","quantile","0.5",102
"Regular Baseline","2026-08-15",1,"2026-08-22","Adults","quantile","0.55",115
"Regular Baseline","2026-08-15",1,"2026-08-22","Adults","quantile","0.6",126
"Regular Baseline","2026-08-15",1,"2026-08-22","Adults","quantile","0.65",139
"Regular Baseline","2026-08-15",1,"2026-08-22","Adults","quantile","0.7",155
"Regular Baseline","2026-08-15",1,"2026-08-22","Adults","quantile","0.75",171
"Regular Baseline","2026-08-15",1,"2026-08-22","Adults","quantile","0.8",191
"Regular Baseline","2026-08-15",1,"2026-08-22","Adults","quantile","0.85",216
"Regular Baseline","2026-08-15",1,"2026-08-22","Adults","quantile","0.9",248
"Regular Baseline","2026-08-15",1,"2026-08-22","Adults","quantile","0.95",302
"Regular Baseline","2026-08-15",1,"2026-08-22","Adults","quantile","0.975",350
"Regular Baseline","2026-08-15",1,"2026-08-22","Adults","quantile","0.99",415
"Regular Baseline","2026-08-15",2,"2026-08-29","Adults","quantile","0.01",0
"Regular Baseline","2026-08-15",2,"2026-08-29","Adults","quantile","0.025",0
"Regular Baseline","2026-08-15",2,"2026-08-29","Adults","quantile","0.05",5
"Regular Baseline","2026-08-15",2,"2026-08-29","Adults","quantile","0.1",17
"Regular Baseline","2026-08-15",2,"2026-08-29","Adults","quantile","0.15",28
"Regular Baseline","2026-08-15",2,"2026-08-29","Adults","quantile","0.2",38
"Regular Baseline","2026-08-15",2,"2026-08-29","Adults","quantile","0.25",48
"Regular Baseline","2026-08-15",2,"2026-08-29","Adults","quantile","0.3",58
"Regular Baseline","2026-08-15",2,"2026-08-29","Adults","quantile","0.35",69
"Regular Baseline","2026-08-15",2,"2026-08-29","Adults","quantile","0.4",80
"Regular Baseline","2026-08-15",2,"2026-08-29","Adults","quantile","0.45",91
"Regular Baseline","2026-08-15",2,"2026-08-29","Adults","quantile","0.5",102
"Regular Baseline","2026-08-15",2,"2026-08-29","Adults","quantile","0.55",115
"Regular Baseline","2026-08-15",2,"2026-08-29","Adults","quantile","0.6",127
"Regular Baseline","2026-08-15",2,"2026-08-29","Adults","quantile","0.65",142
"Regular Baseline","2026-08-15",2,"2026-08-29","Adults","quantile","0.7",157
"Regular Baseline","2026-08-15",2,"2026-08-29","Adults","quantile","0.75",176
"Regular Baseline","2026-08-15",2,"2026-08-29","Adults","quantile","0.8",197
"Regular Baseline","2026-08-15",2,"2026-08-29","Adults","quantile","0.85",222
"Regular Baseline","2026-08-15",2,"2026-08-29","Adults","quantile","0.9",259
"Regular Baseline","2026-08-15",2,"2026-08-29","Adults","quantile","0.95",315
"Regular Baseline","2026-08-15",2,"2026-08-29","Adults","quantile","0.975",369
"Regular Baseline","2026-08-15",2,"2026-08-29","Adults","quantile","0.99",447
"Regular Baseline","2026-08-15",3,"2026-09-05","Adults","quantile","0.01",0
"Regular Baseline","2026-08-15",3,"2026-09-05","Adults","quantile","0.025",0
"Regular Baseline","2026-08-15",3,"2026-09-05","Adults","quantile","0.05",3
"Regular Baseline","2026-08-15",3,"2026-09-05","Adults","quantile","0.1",14
"Regular Baseline","2026-08-15",3,"2026-09-05","Adults","quantile","0.15",25
"Regular Baseline","2026-08-15",3,"2026-09-05","Adults","quantile","0.2",35
"Regular Baseline","2026-08-15",3,"2026-09-05","Adults","quantile","0.25",45
"Regular Baseline","2026-08-15",3,"2026-09-05","Adults","quantile","0.3",56
"Regular Baseline","2026-08-15",3,"2026-09-05","Adults","quantile","0.35",67
"Regular Baseline","2026-08-15",3,"2026-09-05","Adults","quantile","0.4",78
"Regular Baseline","2026-08-15",3,"2026-09-05","Adults","quantile","0.45",89
"Regular Baseline","2026-08-15",3,"2026-09-05","Adults","quantile","0.5",102
"Regular Baseline","2026-08-15",3,"2026-09-05","Adults","quantile","0.55",114
"Regular Baseline","2026-08-15",3,"2026-09-05","Adults","quantile","0.6",127
"Regular Baseline","2026-08-15",3,"2026-09-05","Adults","quantile","0.65",141
"Regular Baseline","2026-08-15",3,"2026-09-05","Adults","quantile","0.7",158
"Regular Baseline","2026-08-15",3,"2026-09-05","Adults","quantile","0.75",177
"Regular Baseline","2026-08-15",3,"2026-09-05","Adults","quantile","0.8",198
"Regular Baseline","2026-08-15",3,"2026-09-05","Adults","quantile","0.85",227
"Regular Baseline","2026-08-15",3,"2026-09-05","Adults","quantile","0.9",263
"Regular Baseline","2026-08-15",3,"2026-09-05","Adults","quantile","0.95",325
"Regular Baseline","2026-08-15",3,"2026-09-05","Adults","quantile","0.975",382
"Regular Baseline","2026-08-15",3,"2026-09-05","Adults","quantile","0.99",460
"Regular Baseline","2026-08-15",-8,"2026-06-20","Overall","quantile","0.01",109
"Regular Baseline","2026-08-15",-8,"2026-06-20","Overall","quantile","0.025",140
"Regular Baseline","2026-08-15",-8,"2026-06-20","Overall","quantile","0.05",154
"Regular Baseline","2026-08-15",-8,"2026-06-20","Overall","quantile","0.1",172
"Regular Baseline","2026-08-15",-8,"2026-06-20","Overall","quantile","0.15",182
"Regular Baseline","2026-08-15",-8,"2026-06-20","Overall","quantile","0.2",190
"Regular Baseline","2026-08-15",-8,"2026-06-20","Overall","quantile","0.25",198
"Regular Baseline","2026-08-15",-8,"2026-06-20","Overall","quantile","0.3",204
"Regular Baseline","2026-08-15",-8,"2026-06-20","Overall","quantile","0.35",210
"Regular Baseline","2026-08-15",-8,"2026-06-20","Overall","quantile","0.4",217
"Regular Baseline","2026-08-15",-8,"2026-06-20","Overall","quantile","0.45",223
"Regular Baseline","2026-08-15",-8,"2026-06-20","Overall","quantile","0.5",228
"Regular Baseline","2026-08-15",-8,"2026-06-20","Overall","quantile","0.55",233
"Regular Baseline","2026-08-15",-8,"2026-06-20","Overall","quantile","0.6",240
"Regular Baseline","2026-08-15",-8,"2026-06-20","Overall","quantile","0.65",246
"Regular Baseline","2026-08-15",-8,"2026-06-20","Overall","quantile","0.7",253
"Regular Baseline","2026-08-15",-8,"2026-06-20","Overall","quantile","0.75",261
"Regular Baseline","2026-08-15",-8,"2026-06-20","Overall","quantile","0.8",270
"Regular Baseline","2026-08-15",-8,"2026-06-20","Overall","quantile","0.85",279
"Regular Baseline","2026-08-15",-8,"2026-06-20","Overall","quantile","0.9",292
"Regular Baseline","2026-08-15",-8,"2026-06-20","Overall","quantile","0.95",316
"Regular Baseline","2026-08-15",-8,"2026-06-20","Overall","quantile","0.975",338
"Regular Baseline","2026-08-15",-8,"2026-06-20","Overall","quantile","0.99",391
"Regular Baseline","2026-08-15",-7,"2026-06-27","Overall","quantile","0.01",81
"Regular Baseline","2026-08-15",-7,"2026-06-27","Overall","quantile","0.025",105
"Regular Baseline","2026-08-15",-7,"2026-06-27","Overall","quantile","0.05",123
"Regular Baseline","2026-08-15",-7,"2026-06-27","Overall","quantile","0.1",146
"Regular Baseline","2026-08-15",-7,"2026-06-27","Overall","quantile","0.15",162
"Regular Baseline","2026-08-15",-7,"2026-06-27","Overall","quantile","0.2",174
"Regular Baseline","2026-08-15",-7,"2026-06-27","Overall","quantile","0.25",184
"Regular Baseline","2026-08-15",-7,"2026-06-27","Overall","quantile","0.3",194
"Regular Baseline","2026-08-15",-7,"2026-06-27","Overall","quantile","0.35",203
"Regular Baseline","2026-08-15",-7,"2026-06-27","Overall","quantile","0.4",212
"Regular Baseline","2026-08-15",-7,"2026-06-27","Overall","quantile","0.45",220
"Regular Baseline","2026-08-15",-7,"2026-06-27","Overall","quantile","0.5",228
"Regular Baseline","2026-08-15",-7,"2026-06-27","Overall","quantile","0.55",236
"Regular Baseline","2026-08-15",-7,"2026-06-27","Overall","quantile","0.6",245
"Regular Baseline","2026-08-15",-7,"2026-06-27","Overall","quantile","0.65",254
"Regular Baseline","2026-08-15",-7,"2026-06-27","Overall","quantile","0.7",263
"Regular Baseline","2026-08-15",-7,"2026-06-27","Overall","quantile","0.75",275
"Regular Baseline","2026-08-15",-7,"2026-06-27","Overall","quantile","0.8",287
"Regular Baseline","2026-08-15",-7,"2026-06-27","Overall","quantile","0.85",304
"Regular Baseline","2026-08-15",-7,"2026-06-27","Overall","quantile","0.9",324
"Regular Baseline","2026-08-15",-7,"2026-06-27","Overall","quantile","0.95",358
"Regular Baseline","2026-08-15",-7,"2026-06-27","Overall","quantile","0.975",391
"Regular Baseline","2026-08-15",-7,"2026-06-27","Overall","quantile","0.99",449
"Regular Baseline","2026-08-15",-6,"2026-07-04","Overall","quantile","0.01",59
"Regular Baseline","2026-08-15",-6,"2026-07-04","Overall","quantile","0.025",84
"Regular Baseline","2026-08-15",-6,"2026-07-04","Overall","quantile","0.05",104
"Regular Baseline","2026-08-15",-6,"2026-07-04","Overall","quantile","0.1",128
"Regular Baseline","2026-08-15",-6,"2026-07-04","Overall","quantile","0.15",148
"Regular Baseline","2026-08-15",-6,"2026-07-04","Overall","quantile","0.2",161
"Regular Baseline","2026-08-15",-6,"2026-07-04","Overall","quantile","0.25",174
"Regular Baseline","2026-08-15",-6,"2026-07-04","Overall","quantile","0.3",185
"Regular Baseline","2026-08-15",-6,"2026-07-04","Overall","quantile","0.35",197
"Regular Baseline","2026-08-15",-6,"2026-07-04","Overall","quantile","0.4",207
"Regular Baseline","2026-08-15",-6,"2026-07-04","Overall","quantile","0.45",217
"Regular Baseline","2026-08-15",-6,"2026-07-04","Overall","quantile","0.5",228
"Regular Baseline","2026-08-15",-6,"2026-07-04","Overall","quantile","0.55",239
"Regular Baseline","2026-08-15",-6,"2026-07-04","Overall","quantile","0.6",251
"Regular Baseline","2026-08-15",-6,"2026-07-04","Overall","quantile","0.65",261
"Regular Baseline","2026-08-15",-6,"2026-07-04","Overall","quantile","0.7",275
"Regular Baseline","2026-08-15",-6,"2026-07-04","Overall","quantile","0.75",288
"Regular Baseline","2026-08-15",-6,"2026-07-04","Overall","quantile","0.8",305
"Regular Baseline","2026-08-15",-6,"2026-07-04","Overall","quantile","0.85",323
"Regular Baseline","2026-08-15",-6,"2026-07-04","Overall","quantile","0.9",351
"Regular Baseline","2026-08-15",-6,"2026-07-04","Overall","quantile","0.95",394
"Regular Baseline","2026-08-15",-6,"2026-07-04","Overall","quantile","0.975",436
"Regular Baseline","2026-08-15",-6,"2026-07-04","Overall","quantile","0.99",505
"Regular Baseline","2026-08-15",-5,"2026-07-11","Overall","quantile","0.01",43
"Regular Baseline","2026-08-15",-5,"2026-07-11","Overall","quantile","0.025",69
"Regular Baseline","2026-08-15",-5,"2026-07-11","Overall","quantile","0.05",91
"Regular Baseline","2026-08-15",-5,"2026-07-11","Overall","quantile","0.1",117
"Regular Baseline","2026-08-15",-5,"2026-07-11","Overall","quantile","0.15",135
"Regular Baseline","2026-08-15",-5,"2026-07-11","Overall","quantile","0.2",153
"Regular Baseline","2026-08-15",-5,"2026-07-11","Overall","quantile","0.25",167
"Regular Baseline","2026-08-15",-5,"2026-07-11","Overall","quantile","0.3",179
"Regular Baseline","2026-08-15",-5,"2026-07-11","Overall","quantile","0.35",192
"Regular Baseline","2026-08-15",-5,"2026-07-11","Overall","quantile","0.4",203
"Regular Baseline","2026-08-15",-5,"2026-07-11","Overall","quantile","0.45",215
"Regular Baseline","2026-08-15",-5,"2026-07-11","Overall","quantile","0.5",228
"Regular Baseline","2026-08-15",-5,"2026-07-11","Overall","quantile","0.55",241
"Regular Baseline","2026-08-15",-5,"2026-07-11","Overall","quantile","0.6",254
"Regular Baseline","2026-08-15",-5,"2026-07-11","Overall","quantile","0.65",268
"Regular Baseline","2026-08-15",-5,"2026-07-11","Overall","quantile","0.7",285
"Regular Baseline","2026-08-15",-5,"2026-07-11","Overall","quantile","0.75",302
"Regular Baseline","2026-08-15",-5,"2026-07-11","Overall","quantile","0.8",323
"Regular Baseline","2026-08-15",-5,"2026-07-11","Overall","quantile","0.85",347
"Regular Baseline","2026-08-15",-5,"2026-07-11","Overall","quantile","0.9",379
"Regular Baseline","2026-08-15",-5,"2026-07-11","Overall","quantile","0.95",432
"Regular Baseline","2026-08-15",-5,"2026-07-11","Overall","quantile","0.975",480
"Regular Baseline","2026-08-15",-5,"2026-07-11","Overall","quantile","0.99",572
"Regular Baseline","2026-08-15",-4,"2026-07-18","Overall","quantile","0.01",32
"Regular Baseline","2026-08-15",-4,"2026-07-18","Overall","quantile","0.025",56
"Regular Baseline","2026-08-15",-4,"2026-07-18","Overall","quantile","0.05",77
"Regular Baseline","2026-08-15",-4,"2026-07-18","Overall","quantile","0.1",103
"Regular Baseline","2026-08-15",-4,"2026-07-18","Overall","quantile","0.15",124
"Regular Baseline","2026-08-15",-4,"2026-07-18","Overall","quantile","0.2",143
"Regular Baseline","2026-08-15",-4,"2026-07-18","Overall","quantile","0.25",158
"Regular Baseline","2026-08-15",-4,"2026-07-18","Overall","quantile","0.3",172
"Regular Baseline","2026-08-15",-4,"2026-07-18","Overall","quantile","0.35",186
"Regular Baseline","2026-08-15",-4,"2026-07-18","Overall","quantile","0.4",200
"Regular Baseline","2026-08-15",-4,"2026-07-18","Overall","quantile","0.45",214
"Regular Baseline","2026-08-15",-4,"2026-07-18","Overall","quantile","0.5",228
"Regular Baseline","2026-08-15",-4,"2026-07-18","Overall","quantile","0.55",243
"Regular Baseline","2026-08-15",-4,"2026-07-18","Overall","quantile","0.6",258
"Regular Baseline","2026-08-15",-4,"2026-07-18","Overall","quantile","0.65",274
"Regular Baseline","2026-08-15",-4,"2026-07-18","Overall","quantile","0.7",291
"Regular Baseline","2026-08-15",-4,"2026-07-18","Overall","quantile","0.75",310
"Regular Baseline","2026-08-15",-4,"2026-07-18","Overall","quantile","0.8",333
"Regular Baseline","2026-08-15",-4,"2026-07-18","Overall","quantile","0.85",361
"Regular Baseline","2026-08-15",-4,"2026-07-18","Overall","quantile","0.9",397
"Regular Baseline","2026-08-15",-4,"2026-07-18","Overall","quantile","0.95",459
"Regular Baseline","2026-08-15",-4,"2026-07-18","Overall","quantile","0.975",516
"Regular Baseline","2026-08-15",-4,"2026-07-18","Overall","quantile","0.99",608
"Regular Baseline","2026-08-15",-3,"2026-07-25","Overall","quantile","0.01",26
"Regular Baseline","2026-08-15",-3,"2026-07-25","Overall","quantile","0.025",48
"Regular Baseline","2026-08-15",-3,"2026-07-25","Overall","quantile","0.05",67
"Regular Baseline","2026-08-15",-3,"2026-07-25","Overall","quantile","0.1",94
"Regular Baseline","2026-08-15",-3,"2026-07-25","Overall","quantile","0.15",117
"Regular Baseline","2026-08-15",-3,"2026-07-25","Overall","quantile","0.2",136
"Regular Baseline","2026-08-15",-3,"2026-07-25","Overall","quantile","0.25",153
"Regular Baseline","2026-08-15",-3,"2026-07-25","Overall","quantile","0.3",169
"Regular Baseline","2026-08-15",-3,"2026-07-25","Overall","quantile","0.35",184
"Regular Baseline","2026-08-15",-3,"2026-07-25","Overall","quantile","0.4",198
"Regular Baseline","2026-08-15",-3,"2026-07-25","Overall","quantile","0.45",213
"Regular Baseline","2026-08-15",-3,"2026-07-25","Overall","quantile","0.5",228
"Regular Baseline","2026-08-15",-3,"2026-07-25","Overall","quantile","0.55",244
"Regular Baseline","2026-08-15",-3,"2026-07-25","Overall","quantile","0.6",261
"Regular Baseline","2026-08-15",-3,"2026-07-25","Overall","quantile","0.65",280
"Regular Baseline","2026-08-15",-3,"2026-07-25","Overall","quantile","0.7",300
"Regular Baseline","2026-08-15",-3,"2026-07-25","Overall","quantile","0.75",323
"Regular Baseline","2026-08-15",-3,"2026-07-25","Overall","quantile","0.8",347
"Regular Baseline","2026-08-15",-3,"2026-07-25","Overall","quantile","0.85",377
"Regular Baseline","2026-08-15",-3,"2026-07-25","Overall","quantile","0.9",421
"Regular Baseline","2026-08-15",-3,"2026-07-25","Overall","quantile","0.95",492
"Regular Baseline","2026-08-15",-3,"2026-07-25","Overall","quantile","0.975",561
"Regular Baseline","2026-08-15",-3,"2026-07-25","Overall","quantile","0.99",667
"Regular Baseline","2026-08-15",-2,"2026-08-01","Overall","quantile","0.01",19
"Regular Baseline","2026-08-15",-2,"2026-08-01","Overall","quantile","0.025",36
"Regular Baseline","2026-08-15",-2,"2026-08-01","Overall","quantile","0.05",56
"Regular Baseline","2026-08-15",-2,"2026-08-01","Overall","quantile","0.1",84
"Regular Baseline","2026-08-15",-2,"2026-08-01","Overall","quantile","0.15",108
"Regular Baseline","2026-08-15",-2,"2026-08-01","Overall","quantile","0.2",127
"Regular Baseline","2026-08-15",-2,"2026-08-01","Overall","quantile","0.25",145
"Regular Baseline","2026-08-15",-2,"2026-08-01","Overall","quantile","0.3",162
"Regular Baseline","2026-08-15",-2,"2026-08-01","Overall","quantile","0.35",177
"Regular Baseline","2026-08-15",-2,"2026-08-01","Overall","quantile","0.4",194
"Regular Baseline","2026-08-15",-2,"2026-08-01","Overall","quantile","0.45",212
"Regular Baseline","2026-08-15",-2,"2026-08-01","Overall","quantile","0.5",228
"Regular Baseline","2026-08-15",-2,"2026-08-01","Overall","quantile","0.55",246
"Regular Baseline","2026-08-15",-2,"2026-08-01","Overall","quantile","0.6",263
"Regular Baseline","2026-08-15",-2,"2026-08-01","Overall","quantile","0.65",283
"Regular Baseline","2026-08-15",-2,"2026-08-01","Overall","quantile","0.7",303
"Regular Baseline","2026-08-15",-2,"2026-08-01","Overall","quantile","0.75",327
"Regular Baseline","2026-08-15",-2,"2026-08-01","Overall","quantile","0.8",356
"Regular Baseline","2026-08-15",-2,"2026-08-01","Overall","quantile","0.85",390
"Regular Baseline","2026-08-15",-2,"2026-08-01","Overall","quantile","0.9",438
"Regular Baseline","2026-08-15",-2,"2026-08-01","Overall","quantile","0.95",513
"Regular Baseline","2026-08-15",-2,"2026-08-01","Overall","quantile","0.975",588
"Regular Baseline","2026-08-15",-2,"2026-08-01","Overall","quantile","0.99",715
"Regular Baseline","2026-08-15",-1,"2026-08-08","Overall","quantile","0.01",13
"Regular Baseline","2026-08-15",-1,"2026-08-08","Overall","quantile","0.025",28
"Regular Baseline","2026-08-15",-1,"2026-08-08","Overall","quantile","0.05",48
"Regular Baseline","2026-08-15",-1,"2026-08-08","Overall","quantile","0.1",77
"Regular Baseline","2026-08-15",-1,"2026-08-08","Overall","quantile","0.15",101
"Regular Baseline","2026-08-15",-1,"2026-08-08","Overall","quantile","0.2",121
"Regular Baseline","2026-08-15",-1,"2026-08-08","Overall","quantile","0.25",140
"Regular Baseline","2026-08-15",-1,"2026-08-08","Overall","quantile","0.3",157
"Regular Baseline","2026-08-15",-1,"2026-08-08","Overall","quantile","0.35",174
"Regular Baseline","2026-08-15",-1,"2026-08-08","Overall","quantile","0.4",192
"Regular Baseline","2026-08-15",-1,"2026-08-08","Overall","quantile","0.45",209
"Regular Baseline","2026-08-15",-1,"2026-08-08","Overall","quantile","0.5",228
"Regular Baseline","2026-08-15",-1,"2026-08-08","Overall","quantile","0.55",246
"Regular Baseline","2026-08-15",-1,"2026-08-08","Overall","quantile","0.6",265
"Regular Baseline","2026-08-15",-1,"2026-08-08","Overall","quantile","0.65",288
"Regular Baseline","2026-08-15",-1,"2026-08-08","Overall","quantile","0.7",310
"Regular Baseline","2026-08-15",-1,"2026-08-08","Overall","quantile","0.75",335
"Regular Baseline","2026-08-15",-1,"2026-08-08","Overall","quantile","0.8",365
"Regular Baseline","2026-08-15",-1,"2026-08-08","Overall","quantile","0.85",401
"Regular Baseline","2026-08-15",-1,"2026-08-08","Overall","quantile","0.9",448
"Regular Baseline","2026-08-15",-1,"2026-08-08","Overall","quantile","0.95",531
"Regular Baseline","2026-08-15",-1,"2026-08-08","Overall","quantile","0.975",617
"Regular Baseline","2026-08-15",-1,"2026-08-08","Overall","quantile","0.99",736
"Regular Baseline","2026-08-15",0,"2026-08-15","Overall","quantile","0.01",7
"Regular Baseline","2026-08-15",0,"2026-08-15","Overall","quantile","0.025",24
"Regular Baseline","2026-08-15",0,"2026-08-15","Overall","quantile","0.05",42
"Regular Baseline","2026-08-15",0,"2026-08-15","Overall","quantile","0.1",71
"Regular Baseline","2026-08-15",0,"2026-08-15","Overall","quantile","0.15",93
"Regular Baseline","2026-08-15",0,"2026-08-15","Overall","quantile","0.2",116
"Regular Baseline","2026-08-15",0,"2026-08-15","Overall","quantile","0.25",135
"Regular Baseline","2026-08-15",0,"2026-08-15","Overall","quantile","0.3",154
"Regular Baseline","2026-08-15",0,"2026-08-15","Overall","quantile","0.35",171
"Regular Baseline","2026-08-15",0,"2026-08-15","Overall","quantile","0.4",190
"Regular Baseline","2026-08-15",0,"2026-08-15","Overall","quantile","0.45",208
"Regular Baseline","2026-08-15",0,"2026-08-15","Overall","quantile","0.5",228
"Regular Baseline","2026-08-15",0,"2026-08-15","Overall","quantile","0.55",248
"Regular Baseline","2026-08-15",0,"2026-08-15","Overall","quantile","0.6",269
"Regular Baseline","2026-08-15",0,"2026-08-15","Overall","quantile","0.65",292
"Regular Baseline","2026-08-15",0,"2026-08-15","Overall","quantile","0.7",316
"Regular Baseline","2026-08-15",0,"2026-08-15","Overall","quantile","0.75",342
"Regular Baseline","2026-08-15",0,"2026-08-15","Overall","quantile","0.8",375
"Regular Baseline","2026-08-15",0,"2026-08-15","Overall","quantile","0.85",414
"Regular Baseline","2026-08-15",0,"2026-08-15","Overall","quantile","0.9",465
"Regular Baseline","2026-08-15",0,"2026-08-15","Overall","quantile","0.95",557
"Regular Baseline","2026-08-15",0,"2026-08-15","Overall","quantile","0.975",642
"Regular Baseline","2026-08-15",0,"2026-08-15","Overall","quantile","0.99",762
"Regular Baseline","2026-08-15",1,"2026-08-22","Overall","quantile","0.01",3
"Regular Baseline","2026-08-15",1,"2026-08-22","Overall","quantile","0.025",18
"Regular Baseline","2026-08-15",1,"2026-08-22","Overall","quantile","0.05",38
"Regular Baseline","2026-08-15",1,"2026-08-22","Overall","quantile","0.1",66
"Regular Baseline","2026-08-15",1,"2026-08-22","Overall","quantile","0.15",90
"Regular Baseline","2026-08-15",1,"2026-08-22","Overall","quantile","0.2",112
"Regular Baseline","2026-08-15",1,"2026-08-22","Overall","quantile","0.25",133
"Regular Baseline","2026-08-15",1,"2026-08-22","Overall","quantile","0.3",152
"Regular Baseline","2026-08-15",1,"2026-08-22","Overall","quantile","0.35",170
"Regular Baseline","2026-08-15",1,"2026-08-22","Overall","quantile","0.4",188
"Regular Baseline","2026-08-15",1,"2026-08-22","Overall","quantile","0.45",208
"Regular Baseline","2026-08-15",1,"2026-08-22","Overall","quantile","0.5",228
"Regular Baseline","2026-08-15",1,"2026-08-22","Overall","quantile","0.55",250
"Regular Baseline","2026-08-15",1,"2026-08-22","Overall","quantile","0.6",270
"Regular Baseline","2026-08-15",1,"2026-08-22","Overall","quantile","0.65",296
"Regular Baseline","2026-08-15",1,"2026-08-22","Overall","quantile","0.7",322
"Regular Baseline","2026-08-15",1,"2026-08-22","Overall","quantile","0.75",350
"Regular Baseline","2026-08-15",1,"2026-08-22","Overall","quantile","0.8",385
"Regular Baseline","2026-08-15",1,"2026-08-22","Overall","quantile","0.85",430
"Regular Baseline","2026-08-15",1,"2026-08-22","Overall","quantile","0.9",486
"Regular Baseline","2026-08-15",1,"2026-08-22","Overall","quantile","0.95",586
"Regular Baseline","2026-08-15",1,"2026-08-22","Overall","quantile","0.975",674
"Regular Baseline","2026-08-15",1,"2026-08-22","Overall","quantile","0.99",804
"Regular Baseline","2026-08-15",2,"2026-08-29","Overall","quantile","0.01",2
"Regular Baseline","2026-08-15",2,"2026-08-29","Overall","quantile","0.025",15
"Regular Baseline","2026-08-15",2,"2026-08-29","Overall","quantile","0.05",32
"Regular Baseline","2026-08-15",2,"2026-08-29","Overall","quantile","0.1",62
"Regular Baseline","2026-08-15",2,"2026-08-29","Overall","quantile","0.15",87
"Regular Baseline","2026-08-15",2,"2026-08-29","Overall","quantile","0.2",109
"Regular Baseline","2026-08-15",2,"2026-08-29","Overall","quantile","0.25",130
"Regular Baseline","2026-08-15",2,"2026-08-29","Overall","quantile","0.3",149
"Regular Baseline","2026-08-15",2,"2026-08-29","Overall","quantile","0.35",168
"Regular Baseline","2026-08-15",2,"2026-08-29","Overall","quantile","0.4",187
"Regular Baseline","2026-08-15",2,"2026-08-29","Overall","quantile","0.45",207
"Regular Baseline","2026-08-15",2,"2026-08-29","Overall","quantile","0.5",228
"Regular Baseline","2026-08-15",2,"2026-08-29","Overall","quantile","0.55",251
"Regular Baseline","2026-08-15",2,"2026-08-29","Overall","quantile","0.6",274
"Regular Baseline","2026-08-15",2,"2026-08-29","Overall","quantile","0.65",300
"Regular Baseline","2026-08-15",2,"2026-08-29","Overall","quantile","0.7",328
"Regular Baseline","2026-08-15",2,"2026-08-29","Overall","quantile","0.75",360
"Regular Baseline","2026-08-15",2,"2026-08-29","Overall","quantile","0.8",397
"Regular Baseline","2026-08-15",2,"2026-08-29","Overall","quantile","0.85",440
"Regular Baseline","2026-08-15",2,"2026-08-29","Overall","quantile","0.9",507
"Regular Baseline","2026-08-15",2,"2026-08-29","Overall","quantile","0.95",613
"Regular Baseline","2026-08-15",2,"2026-08-29","Overall","quantile","0.975",704
"Regular Baseline","2026-08-15",2,"2026-08-29","Overall","quantile","0.99",837
"Regular Baseline","2026-08-15",3,"2026-09-05","Overall","quantile","0.01",0
"Regular Baseline","2026-08-15",3,"2026-09-05","Overall","quantile","0.025",9
"Regular Baseline","2026-08-15",3,"2026-09-05","Overall","quantile","0.05",27
"Regular Baseline","2026-08-15",3,"2026-09-05","Overall","quantile","0.1",56
"Regular Baseline","2026-08-15",3,"2026-09-05","Overall","quantile","0.15",81
"Regular Baseline","2026-08-15",3,"2026-09-05","Overall","quantile","0.2",103
"Regular Baseline","2026-08-15",3,"2026-09-05","Overall","quantile","0.25",124
"Regular Baseline","2026-08-15",3,"2026-09-05","Overall","quantile","0.3",145
"Regular Baseline","2026-08-15",3,"2026-09-05","Overall","quantile","0.35",166
"Regular Baseline","2026-08-15",3,"2026-09-05","Overall","quantile","0.4",185
"Regular Baseline","2026-08-15",3,"2026-09-05","Overall","quantile","0.45",206
"Regular Baseline","2026-08-15",3,"2026-09-05","Overall","quantile","0.5",228
"Regular Baseline","2026-08-15",3,"2026-09-05","Overall","quantile","0.55",250
"Regular Baseline","2026-08-15",3,"2026-09-05","Overall","quantile","0.6",275
"Regular Baseline","2026-08-15",3,"2026-09-05","Overall","quantile","0.65",303
"Regular Baseline","2026-08-15",3,"2026-09-05","Overall","quantile","0.7",334
"Regular Baseline","2026-08-15",3,"2026-09-05","Overall","quantile","0.75",369
"Regular Baseline","2026-08-15",3,"2026-09-05","Overall","quantile","0.8",408
"Regular Baseline","2026-08-15",3,"2026-09-05","Overall","quantile","0.85",453
"Regular Baseline","2026-08-15",3,"2026-09-05","Overall","quantile","0.9",517
"Regular Baseline","2026-08-15",3,"2026-09-05","Overall","quantile","0.95",629
"Regular Baseline","2026-08-15",3,"2026-09-05","Overall","quantile","0.975",736
"Regular Baseline","2026-08-15",3,"2026-09-05","Overall","quantile","0.99",878
"Regular Baseline","2026-08-15",-8,"2026-06-20","Pediatrics","quantile","0.01",62
"Regular Baseline","2026-08-15",-8,"2026-06-20","Pediatrics","quantile","0.025",74
"Regular Baseline","2026-08-15",-8,"2026-06-20","Pediatrics","quantile","0.05",83
"Regular Baseline","2026-08-15",-8,"2026-06-20","Pediatrics","quantile","0.1",90
"Regular Baseline","2026-08-15",-8,"2026-06-20","Pediatrics","quantile","0.15",95
"Regular Baseline","2026-08-15",-8,"2026-06-20","Pediatrics","quantile","0.2",102
"Regular Baseline","2026-08-15",-8,"2026-06-20","Pediatrics","quantile","0.25",107
"Regular Baseline","2026-08-15",-8,"2026-06-20","Pediatrics","quantile","0.3",113
"Regular Baseline","2026-08-15",-8,"2026-06-20","Pediatrics","quantile","0.35",115
"Regular Baseline","2026-08-15",-8,"2026-06-20","Pediatrics","quantile","0.4",118
"Regular Baseline","2026-08-15",-8,"2026-06-20","Pediatrics","quantile","0.45",123
"Regular Baseline","2026-08-15",-8,"2026-06-20","Pediatrics","quantile","0.5",126
"Regular Baseline","2026-08-15",-8,"2026-06-20","Pediatrics","quantile","0.55",129
"Regular Baseline","2026-08-15",-8,"2026-06-20","Pediatrics","quantile","0.6",134
"Regular Baseline","2026-08-15",-8,"2026-06-20","Pediatrics","quantile","0.65",137
"Regular Baseline","2026-08-15",-8,"2026-06-20","Pediatrics","quantile","0.7",140
"Regular Baseline","2026-08-15",-8,"2026-06-20","Pediatrics","quantile","0.75",147
"Regular Baseline","2026-08-15",-8,"2026-06-20","Pediatrics","quantile","0.8",153
"Regular Baseline","2026-08-15",-8,"2026-06-20","Pediatrics","quantile","0.85",161
"Regular Baseline","2026-08-15",-8,"2026-06-20","Pediatrics","quantile","0.9",169
"Regular Baseline","2026-08-15",-8,"2026-06-20","Pediatrics","quantile","0.95",178
"Regular Baseline","2026-08-15",-8,"2026-06-20","Pediatrics","quantile","0.975",192
"Regular Baseline","2026-08-15",-8,"2026-06-20","Pediatrics","quantile","0.99",213
"Regular Baseline","2026-08-15",-7,"2026-06-27","Pediatrics","quantile","0.01",42
"Regular Baseline","2026-08-15",-7,"2026-06-27","Pediatrics","quantile","0.025",54
"Regular Baseline","2026-08-15",-7,"2026-06-27","Pediatrics","quantile","0.05",64
"Regular Baseline","2026-08-15",-7,"2026-06-27","Pediatrics","quantile","0.1",77
"Regular Baseline","2026-08-15",-7,"2026-06-27","Pediatrics","quantile","0.15",85
"Regular Baseline","2026-08-15",-7,"2026-06-27","Pediatrics","quantile","0.2",92
"Regular Baseline","2026-08-15",-7,"2026-06-27","Pediatrics","quantile","0.25",98
"Regular Baseline","2026-08-15",-7,"2026-06-27","Pediatrics","quantile","0.3",104
"Regular Baseline","2026-08-15",-7,"2026-06-27","Pediatrics","quantile","0.35",110
"Regular Baseline","2026-08-15",-7,"2026-06-27","Pediatrics","quantile","0.4",115
"Regular Baseline","2026-08-15",-7,"2026-06-27","Pediatrics","quantile","0.45",121
"Regular Baseline","2026-08-15",-7,"2026-06-27","Pediatrics","quantile","0.5",126
"Regular Baseline","2026-08-15",-7,"2026-06-27","Pediatrics","quantile","0.55",131
"Regular Baseline","2026-08-15",-7,"2026-06-27","Pediatrics","quantile","0.6",138
"Regular Baseline","2026-08-15",-7,"2026-06-27","Pediatrics","quantile","0.65",143
"Regular Baseline","2026-08-15",-7,"2026-06-27","Pediatrics","quantile","0.7",150
"Regular Baseline","2026-08-15",-7,"2026-06-27","Pediatrics","quantile","0.75",156
"Regular Baseline","2026-08-15",-7,"2026-06-27","Pediatrics","quantile","0.8",165
"Regular Baseline","2026-08-15",-7,"2026-06-27","Pediatrics","quantile","0.85",174
"Regular Baseline","2026-08-15",-7,"2026-06-27","Pediatrics","quantile","0.9",188
"Regular Baseline","2026-08-15",-7,"2026-06-27","Pediatrics","quantile","0.95",209
"Regular Baseline","2026-08-15",-7,"2026-06-27","Pediatrics","quantile","0.975",229
"Regular Baseline","2026-08-15",-7,"2026-06-27","Pediatrics","quantile","0.99",255
"Regular Baseline","2026-08-15",-6,"2026-07-04","Pediatrics","quantile","0.01",29
"Regular Baseline","2026-08-15",-6,"2026-07-04","Pediatrics","quantile","0.025",42
"Regular Baseline","2026-08-15",-6,"2026-07-04","Pediatrics","quantile","0.05",53
"Regular Baseline","2026-08-15",-6,"2026-07-04","Pediatrics","quantile","0.1",67
"Regular Baseline","2026-08-15",-6,"2026-07-04","Pediatrics","quantile","0.15",77
"Regular Baseline","2026-08-15",-6,"2026-07-04","Pediatrics","quantile","0.2",85
"Regular Baseline","2026-08-15",-6,"2026-07-04","Pediatrics","quantile","0.25",92
"Regular Baseline","2026-08-15",-6,"2026-07-04","Pediatrics","quantile","0.3",99
"Regular Baseline","2026-08-15",-6,"2026-07-04","Pediatrics","quantile","0.35",107
"Regular Baseline","2026-08-15",-6,"2026-07-04","Pediatrics","quantile","0.4",113
"Regular Baseline","2026-08-15",-6,"2026-07-04","Pediatrics","quantile","0.45",119
"Regular Baseline","2026-08-15",-6,"2026-07-04","Pediatrics","quantile","0.5",126
"Regular Baseline","2026-08-15",-6,"2026-07-04","Pediatrics","quantile","0.55",133
"Regular Baseline","2026-08-15",-6,"2026-07-04","Pediatrics","quantile","0.6",140
"Regular Baseline","2026-08-15",-6,"2026-07-04","Pediatrics","quantile","0.65",148
"Regular Baseline","2026-08-15",-6,"2026-07-04","Pediatrics","quantile","0.7",156
"Regular Baseline","2026-08-15",-6,"2026-07-04","Pediatrics","quantile","0.75",164
"Regular Baseline","2026-08-15",-6,"2026-07-04","Pediatrics","quantile","0.8",173
"Regular Baseline","2026-08-15",-6,"2026-07-04","Pediatrics","quantile","0.85",186
"Regular Baseline","2026-08-15",-6,"2026-07-04","Pediatrics","quantile","0.9",204
"Regular Baseline","2026-08-15",-6,"2026-07-04","Pediatrics","quantile","0.95",231
"Regular Baseline","2026-08-15",-6,"2026-07-04","Pediatrics","quantile","0.975",256
"Regular Baseline","2026-08-15",-6,"2026-07-04","Pediatrics","quantile","0.99",291
"Regular Baseline","2026-08-15",-5,"2026-07-11","Pediatrics","quantile","0.01",21
"Regular Baseline","2026-08-15",-5,"2026-07-11","Pediatrics","quantile","0.025",33
"Regular Baseline","2026-08-15",-5,"2026-07-11","Pediatrics","quantile","0.05",45
"Regular Baseline","2026-08-15",-5,"2026-07-11","Pediatrics","quantile","0.1",60
"Regular Baseline","2026-08-15",-5,"2026-07-11","Pediatrics","quantile","0.15",70
"Regular Baseline","2026-08-15",-5,"2026-07-11","Pediatrics","quantile","0.2",80
"Regular Baseline","2026-08-15",-5,"2026-07-11","Pediatrics","quantile","0.25",89
"Regular Baseline","2026-08-15",-5,"2026-07-11","Pediatrics","quantile","0.3",96
"Regular Baseline","2026-08-15",-5,"2026-07-11","Pediatrics","quantile","0.35",104
"Regular Baseline","2026-08-15",-5,"2026-07-11","Pediatrics","quantile","0.4",111
"Regular Baseline","2026-08-15",-5,"2026-07-11","Pediatrics","quantile","0.45",118
"Regular Baseline","2026-08-15",-5,"2026-07-11","Pediatrics","quantile","0.5",126
"Regular Baseline","2026-08-15",-5,"2026-07-11","Pediatrics","quantile","0.55",134
"Regular Baseline","2026-08-15",-5,"2026-07-11","Pediatrics","quantile","0.6",143
"Regular Baseline","2026-08-15",-5,"2026-07-11","Pediatrics","quantile","0.65",152
"Regular Baseline","2026-08-15",-5,"2026-07-11","Pediatrics","quantile","0.7",161
"Regular Baseline","2026-08-15",-5,"2026-07-11","Pediatrics","quantile","0.75",172
"Regular Baseline","2026-08-15",-5,"2026-07-11","Pediatrics","quantile","0.8",185
"Regular Baseline","2026-08-15",-5,"2026-07-11","Pediatrics","quantile","0.85",200
"Regular Baseline","2026-08-15",-5,"2026-07-11","Pediatrics","quantile","0.9",219
"Regular Baseline","2026-08-15",-5,"2026-07-11","Pediatrics","quantile","0.95",249
"Regular Baseline","2026-08-15",-5,"2026-07-11","Pediatrics","quantile","0.975",279
"Regular Baseline","2026-08-15",-5,"2026-07-11","Pediatrics","quantile","0.99",318
"Regular Baseline","2026-08-15",-4,"2026-07-18","Pediatrics","quantile","0.01",14
"Regular Baseline","2026-08-15",-4,"2026-07-18","Pediatrics","quantile","0.025",26
"Regular Baseline","2026-08-15",-4,"2026-07-18","Pediatrics","quantile","0.05",38
"Regular Baseline","2026-08-15",-4,"2026-07-18","Pediatrics","quantile","0.1",54
"Regular Baseline","2026-08-15",-4,"2026-07-18","Pediatrics","quantile","0.15",66
"Regular Baseline","2026-08-15",-4,"2026-07-18","Pediatrics","quantile","0.2",75
"Regular Baseline","2026-08-15",-4,"2026-07-18","Pediatrics","quantile","0.25",85
"Regular Baseline","2026-08-15",-4,"2026-07-18","Pediatrics","quantile","0.3",92
"Regular Baseline","2026-08-15",-4,"2026-07-18","Pediatrics","quantile","0.35",101
"Regular Baseline","2026-08-15",-4,"2026-07-18","Pediatrics","quantile","0.4",109
"Regular Baseline","2026-08-15",-4,"2026-07-18","Pediatrics","quantile","0.45",117
"Regular Baseline","2026-08-15",-4,"2026-07-18","Pediatrics","quantile","0.5",126
"Regular Baseline","2026-08-15",-4,"2026-07-18","Pediatrics","quantile","0.55",135
"Regular Baseline","2026-08-15",-4,"2026-07-18","Pediatrics","quantile","0.6",144
"Regular Baseline","2026-08-15",-4,"2026-07-18","Pediatrics","quantile","0.65",153
"Regular Baseline","2026-08-15",-4,"2026-07-18","Pediatrics","quantile","0.7",165
"Regular Baseline","2026-08-15",-4,"2026-07-18","Pediatrics","quantile","0.75",177
"Regular Baseline","2026-08-15",-4,"2026-07-18","Pediatrics","quantile","0.8",192
"Regular Baseline","2026-08-15",-4,"2026-07-18","Pediatrics","quantile","0.85",208
"Regular Baseline","2026-08-15",-4,"2026-07-18","Pediatrics","quantile","0.9",231
"Regular Baseline","2026-08-15",-4,"2026-07-18","Pediatrics","quantile","0.95",265
"Regular Baseline","2026-08-15",-4,"2026-07-18","Pediatrics","quantile","0.975",303
"Regular Baseline","2026-08-15",-4,"2026-07-18","Pediatrics","quantile","0.99",348
"Regular Baseline","2026-08-15",-3,"2026-07-25","Pediatrics","quantile","0.01",8
"Regular Baseline","2026-08-15",-3,"2026-07-25","Pediatrics","quantile","0.025",20
"Regular Baseline","2026-08-15",-3,"2026-07-25","Pediatrics","quantile","0.05",33
"Regular Baseline","2026-08-15",-3,"2026-07-25","Pediatrics","quantile","0.1",49
"Regular Baseline","2026-08-15",-3,"2026-07-25","Pediatrics","quantile","0.15",60
"Regular Baseline","2026-08-15",-3,"2026-07-25","Pediatrics","quantile","0.2",71
"Regular Baseline","2026-08-15",-3,"2026-07-25","Pediatrics","quantile","0.25",80
"Regular Baseline","2026-08-15",-3,"2026-07-25","Pediatrics","quantile","0.3",90
"Regular Baseline","2026-08-15",-3,"2026-07-25","Pediatrics","quantile","0.35",98
"Regular Baseline","2026-08-15",-3,"2026-07-25","Pediatrics","quantile","0.4",107
"Regular Baseline","2026-08-15",-3,"2026-07-25","Pediatrics","quantile","0.45",117
"Regular Baseline","2026-08-15",-3,"2026-07-25","Pediatrics","quantile","0.5",126
"Regular Baseline","2026-08-15",-3,"2026-07-25","Pediatrics","quantile","0.55",135
"Regular Baseline","2026-08-15",-3,"2026-07-25","Pediatrics","quantile","0.6",145
"Regular Baseline","2026-08-15",-3,"2026-07-25","Pediatrics","quantile","0.65",156
"Regular Baseline","2026-08-15",-3,"2026-07-25","Pediatrics","quantile","0.7",168
"Regular Baseline","2026-08-15",-3,"2026-07-25","Pediatrics","quantile","0.75",182
"Regular Baseline","2026-08-15",-3,"2026-07-25","Pediatrics","quantile","0.8",198
"Regular Baseline","2026-08-15",-3,"2026-07-25","Pediatrics","quantile","0.85",216
"Regular Baseline","2026-08-15",-3,"2026-07-25","Pediatrics","quantile","0.9",242
"Regular Baseline","2026-08-15",-3,"2026-07-25","Pediatrics","quantile","0.95",285
"Regular Baseline","2026-08-15",-3,"2026-07-25","Pediatrics","quantile","0.975",324
"Regular Baseline","2026-08-15",-3,"2026-07-25","Pediatrics","quantile","0.99",376
"Regular Baseline","2026-08-15",-2,"2026-08-01","Pediatrics","quantile","0.01",6
"Regular Baseline","2026-08-15",-2,"2026-08-01","Pediatrics","quantile","0.025",16
"Regular Baseline","2026-08-15",-2,"2026-08-01","Pediatrics","quantile","0.05",28
"Regular Baseline","2026-08-15",-2,"2026-08-01","Pediatrics","quantile","0.1",43
"Regular Baseline","2026-08-15",-2,"2026-08-01","Pediatrics","quantile","0.15",55
"Regular Baseline","2026-08-15",-2,"2026-08-01","Pediatrics","quantile","0.2",66
"Regular Baseline","2026-08-15",-2,"2026-08-01","Pediatrics","quantile","0.25",77
"Regular Baseline","2026-08-15",-2,"2026-08-01","Pediatrics","quantile","0.3",87
"Regular Baseline","2026-08-15",-2,"2026-08-01","Pediatrics","quantile","0.35",97
"Regular Baseline","2026-08-15",-2,"2026-08-01","Pediatrics","quantile","0.4",106
"Regular Baseline","2026-08-15",-2,"2026-08-01","Pediatrics","quantile","0.45",116
"Regular Baseline","2026-08-15",-2,"2026-08-01","Pediatrics","quantile","0.5",126
"Regular Baseline","2026-08-15",-2,"2026-08-01","Pediatrics","quantile","0.55",136
"Regular Baseline","2026-08-15",-2,"2026-08-01","Pediatrics","quantile","0.6",147
"Regular Baseline","2026-08-15",-2,"2026-08-01","Pediatrics","quantile","0.65",159
"Regular Baseline","2026-08-15",-2,"2026-08-01","Pediatrics","quantile","0.7",172
"Regular Baseline","2026-08-15",-2,"2026-08-01","Pediatrics","quantile","0.75",186
"Regular Baseline","2026-08-15",-2,"2026-08-01","Pediatrics","quantile","0.8",203
"Regular Baseline","2026-08-15",-2,"2026-08-01","Pediatrics","quantile","0.85",225
"Regular Baseline","2026-08-15",-2,"2026-08-01","Pediatrics","quantile","0.9",252
"Regular Baseline","2026-08-15",-2,"2026-08-01","Pediatrics","quantile","0.95",300
"Regular Baseline","2026-08-15",-2,"2026-08-01","Pediatrics","quantile","0.975",346
"Regular Baseline","2026-08-15",-2,"2026-08-01","Pediatrics","quantile","0.99",406
"Regular Baseline","2026-08-15",-1,"2026-08-08","Pediatrics","quantile","0.01",3
"Regular Baseline","2026-08-15",-1,"2026-08-08","Pediatrics","quantile","0.025",12
"Regular Baseline","2026-08-15",-1,"2026-08-08","Pediatrics","quantile","0.05",22
"Regular Baseline","2026-08-15",-1,"2026-08-08","Pediatrics","quantile","0.1",39
"Regular Baseline","2026-08-15",-1,"2026-08-08","Pediatrics","quantile","0.15",51
"Regular Baseline","2026-08-15",-1,"2026-08-08","Pediatrics","quantile","0.2",62
"Regular Baseline","2026-08-15",-1,"2026-08-08","Pediatrics","quantile","0.25",74
"Regular Baseline","2026-08-15",-1,"2026-08-08","Pediatrics","quantile","0.3",84
"Regular Baseline","2026-08-15",-1,"2026-08-08","Pediatrics","quantile","0.35",94
"Regular Baseline","2026-08-15",-1,"2026-08-08","Pediatrics","quantile","0.4",104
"Regular Baseline","2026-08-15",-1,"2026-08-08","Pediatrics","quantile","0.45",115
"Regular Baseline","2026-08-15",-1,"2026-08-08","Pediatrics","quantile","0.5",126
"Regular Baseline","2026-08-15",-1,"2026-08-08","Pediatrics","quantile","0.55",137
"Regular Baseline","2026-08-15",-1,"2026-08-08","Pediatrics","quantile","0.6",149
"Regular Baseline","2026-08-15",-1,"2026-08-08","Pediatrics","quantile","0.65",161
"Regular Baseline","2026-08-15",-1,"2026-08-08","Pediatrics","quantile","0.7",174
"Regular Baseline","2026-08-15",-1,"2026-08-08","Pediatrics","quantile","0.75",190
"Regular Baseline","2026-08-15",-1,"2026-08-08","Pediatrics","quantile","0.8",209
"Regular Baseline","2026-08-15",-1,"2026-08-08","Pediatrics","quantile","0.85",232
"Regular Baseline","2026-08-15",-1,"2026-08-08","Pediatrics","quantile","0.9",263
"Regular Baseline","2026-08-15",-1,"2026-08-08","Pediatrics","quantile","0.95",311
"Regular Baseline","2026-08-15",-1,"2026-08-08","Pediatrics","quantile","0.975",358
"Regular Baseline","2026-08-15",-1,"2026-08-08","Pediatrics","quantile","0.99",420
"Regular Baseline","2026-08-15",0,"2026-08-15","Pediatrics","quantile","0.01",0
"Regular Baseline","2026-08-15",0,"2026-08-15","Pediatrics","quantile","0.025",7
"Regular Baseline","2026-08-15",0,"2026-08-15","Pediatrics","quantile","0.05",18
"Regular Baseline","2026-08-15",0,"2026-08-15","Pediatrics","quantile","0.1",35
"Regular Baseline","2026-08-15",0,"2026-08-15","Pediatrics","quantile","0.15",48
"Regular Baseline","2026-08-15",0,"2026-08-15","Pediatrics","quantile","0.2",59
"Regular Baseline","2026-08-15",0,"2026-08-15","Pediatrics","quantile","0.25",71
"Regular Baseline","2026-08-15",0,"2026-08-15","Pediatrics","quantile","0.3",82
"Regular Baseline","2026-08-15",0,"2026-08-15","Pediatrics","quantile","0.35",93
"Regular Baseline","2026-08-15",0,"2026-08-15","Pediatrics","quantile","0.4",103
"Regular Baseline","2026-08-15",0,"2026-08-15","Pediatrics","quantile","0.45",114
"Regular Baseline","2026-08-15",0,"2026-08-15","Pediatrics","quantile","0.5",126
"Regular Baseline","2026-08-15",0,"2026-08-15","Pediatrics","quantile","0.55",137
"Regular Baseline","2026-08-15",0,"2026-08-15","Pediatrics","quantile","0.6",149
"Regular Baseline","2026-08-15",0,"2026-08-15","Pediatrics","quantile","0.65",162
"Regular Baseline","2026-08-15",0,"2026-08-15","Pediatrics","quantile","0.7",177
"Regular Baseline","2026-08-15",0,"2026-08-15","Pediatrics","quantile","0.75",194
"Regular Baseline","2026-08-15",0,"2026-08-15","Pediatrics","quantile","0.8",214
"Regular Baseline","2026-08-15",0,"2026-08-15","Pediatrics","quantile","0.85",238
"Regular Baseline","2026-08-15",0,"2026-08-15","Pediatrics","quantile","0.9",272
"Regular Baseline","2026-08-15",0,"2026-08-15","Pediatrics","quantile","0.95",325
"Regular Baseline","2026-08-15",0,"2026-08-15","Pediatrics","quantile","0.975",380
"Regular Baseline","2026-08-15",0,"2026-08-15","Pediatrics","quantile","0.99",451
"Regular Baseline","2026-08-15",1,"2026-08-22","Pediatrics","quantile","0.01",0
"Regular Baseline","2026-08-15",1,"2026-08-22","Pediatrics","quantile","0.025",6
"Regular Baseline","2026-08-15",1,"2026-08-22","Pediatrics","quantile","0.05",16
"Regular Baseline","2026-08-15",1,"2026-08-22","Pediatrics","quantile","0.1",33
"Regular Baseline","2026-08-15",1,"2026-08-22","Pediatrics","quantile","0.15",46
"Regular Baseline","2026-08-15",1,"2026-08-22","Pediatrics","quantile","0.2",58
"Regular Baseline","2026-08-15",1,"2026-08-22","Pediatrics","quantile","0.25",70
"Regular Baseline","2026-08-15",1,"2026-08-22","Pediatrics","quantile","0.3",81
"Regular Baseline","2026-08-15",1,"2026-08-22","Pediatrics","quantile","0.35",93
"Regular Baseline","2026-08-15",1,"2026-08-22","Pediatrics","quantile","0.4",104
"Regular Baseline","2026-08-15",1,"2026-08-22","Pediatrics","quantile","0.45",115
"Regular Baseline","2026-08-15",1,"2026-08-22","Pediatrics","quantile","0.5",126
"Regular Baseline","2026-08-15",1,"2026-08-22","Pediatrics","quantile","0.55",139
"Regular Baseline","2026-08-15",1,"2026-08-22","Pediatrics","quantile","0.6",153
"Regular Baseline","2026-08-15",1,"2026-08-22","Pediatrics","quantile","0.65",167
"Regular Baseline","2026-08-15",1,"2026-08-22","Pediatrics","quantile","0.7",182
"Regular Baseline","2026-08-15",1,"2026-08-22","Pediatrics","quantile","0.75",201
"Regular Baseline","2026-08-15",1,"2026-08-22","Pediatrics","quantile","0.8",222
"Regular Baseline","2026-08-15",1,"2026-08-22","Pediatrics","quantile","0.85",249
"Regular Baseline","2026-08-15",1,"2026-08-22","Pediatrics","quantile","0.9",284
"Regular Baseline","2026-08-15",1,"2026-08-22","Pediatrics","quantile","0.95",343
"Regular Baseline","2026-08-15",1,"2026-08-22","Pediatrics","quantile","0.975",404
"Regular Baseline","2026-08-15",1,"2026-08-22","Pediatrics","quantile","0.99",472
"Regular Baseline","2026-08-15",2,"2026-08-29","Pediatrics","quantile","0.01",0
"Regular Baseline","2026-08-15",2,"2026-08-29","Pediatrics","quantile","0.025",3
"Regular Baseline","2026-08-15",2,"2026-08-29","Pediatrics","quantile","0.05",13
"Regular Baseline","2026-08-15",2,"2026-08-29","Pediatrics","quantile","0.1",28
"Regular Baseline","2026-08-15",2,"2026-08-29","Pediatrics","quantile","0.15",42
"Regular Baseline","2026-08-15",2,"2026-08-29","Pediatrics","quantile","0.2",55
"Regular Baseline","2026-08-15",2,"2026-08-29","Pediatrics","quantile","0.25",67
"Regular Baseline","2026-08-15",2,"2026-08-29","Pediatrics","quantile","0.3",79
"Regular Baseline","2026-08-15",2,"2026-08-29","Pediatrics","quantile","0.35",91
"Regular Baseline","2026-08-15",2,"2026-08-29","Pediatrics","quantile","0.4",103
"Regular Baseline","2026-08-15",2,"2026-08-29","Pediatrics","quantile","0.45",114
"Regular Baseline","2026-08-15",2,"2026-08-29","Pediatrics","quantile","0.5",126
"Regular Baseline","2026-08-15",2,"2026-08-29","Pediatrics","quantile","0.55",138
"Regular Baseline","2026-08-15",2,"2026-08-29","Pediatrics","quantile","0.6",152
"Regular Baseline","2026-08-15",2,"2026-08-29","Pediatrics","quantile","0.65",167
"Regular Baseline","2026-08-15",2,"2026-08-29","Pediatrics","quantile","0.7",185
"Regular Baseline","2026-08-15",2,"2026-08-29","Pediatrics","quantile","0.75",204
"Regular Baseline","2026-08-15",2,"2026-08-29","Pediatrics","quantile","0.8",227
"Regular Baseline","2026-08-15",2,"2026-08-29","Pediatrics","quantile","0.85",257
"Regular Baseline","2026-08-15",2,"2026-08-29","Pediatrics","quantile","0.9",295
"Regular Baseline","2026-08-15",2,"2026-08-29","Pediatrics","quantile","0.95",361
"Regular Baseline","2026-08-15",2,"2026-08-29","Pediatrics","quantile","0.975",419
"Regular Baseline","2026-08-15",2,"2026-08-29","Pediatrics","quantile","0.99",479
"Regular Baseline","2026-08-15",3,"2026-09-05","Pediatrics","quantile","0.01",0
"Regular Baseline","2026-08-15",3,"2026-09-05","Pediatrics","quantile","0.025",2
"Regular Baseline","2026-08-15",3,"2026-09-05","Pediatrics","quantile","0.05",10
"Regular Baseline","2026-08-15",3,"2026-09-05","Pediatrics","quantile","0.1",25
"Regular Baseline","2026-08-15",3,"2026-09-05","Pediatrics","quantile","0.15",39
"Regular Baseline","2026-08-15",3,"2026-09-05","Pediatrics","quantile","0.2",52
"Regular Baseline","2026-08-15",3,"2026-09-05","Pediatrics","quantile","0.25",64
"Regular Baseline","2026-08-15",3,"2026-09-05","Pediatrics","quantile","0.3",76
"Regular Baseline","2026-08-15",3,"2026-09-05","Pediatrics","quantile","0.35",88
"Regular Baseline","2026-08-15",3,"2026-09-05","Pediatrics","quantile","0.4",101
"Regular Baseline","2026-08-15",3,"2026-09-05","Pediatrics","quantile","0.45",113
"Regular Baseline","2026-08-15",3,"2026-09-05","Pediatrics","quantile","0.5",126
"Regular Baseline","2026-08-15",3,"2026-09-05","Pediatrics","quantile","0.55",139
"Regular Baseline","2026-08-15",3,"2026-09-05","Pediatrics","quantile","0.6",154
"Regular Baseline","2026-08-15",3,"2026-09-05","Pediatrics","quantile","0.65",169
"Regular Baseline","2026-08-15",3,"2026-09-05","Pediatrics","quantile","0.7",187
"Regular Baseline","2026-08-15",3,"2026-09-05","Pediatrics","quantile","0.75",207
"Regular Baseline","2026-08-15",3,"2026-09-05","Pediatrics","quantile","0.8",233
"Regular Baseline","2026-08-15",3,"2026-09-05","Pediatrics","quantile","0.85",264
"Regular Baseline","2026-08-15",3,"2026-09-05","Pediatrics","quantile","0.9",305
"Regular Baseline","2026-08-15",3,"2026-09-05","Pediatrics","quantile","0.95",374
"Regular Baseline","2026-08-15",3,"2026-09-05","Pediatrics","quantile","0.975",433
"Regular Baseline","2026-08-15",3,"2026-09-05","Pediatrics","quantile","0.99",504
"Seasonal Baseline","2026-08-15",-8,"2026-06-20","Adults","quantile","0.01",94
"Seasonal Baseline","2026-08-15",-8,"2026-06-20","Adults","quantile","0.025",112
"Seasonal Baseline","2026-08-15",-8,"2026-06-20","Adults","quantile","0.05",131
"Seasonal Baseline","2026-08-15",-8,"2026-06-20","Adults","quantile","0.1",159
"Seasonal Baseline","2026-08-15",-8,"2026-06-20","Adults","quantile","0.15",182
"Seasonal Baseline","2026-08-15",-8,"2026-06-20","Adults","quantile","0.2",204
"Seasonal Baseline","2026-08-15",-8,"2026-06-20","Adults","quantile","0.25",223
"Seasonal Baseline","2026-08-15",-8,"2026-06-20","Adults","quantile","0.3",241
"Seasonal Baseline","2026-08-15",-8,"2026-06-20","Adults","quantile","0.35",261
"Seasonal Baseline","2026-08-15",-8,"2026-06-20","Adults","quantile","0.4",280
"Seasonal Baseline","2026-08-15",-8,"2026-06-20","Adults","quantile","0.45",300
"Seasonal Baseline","2026-08-15",-8,"2026-06-20","Adults","quantile","0.5",321
"Seasonal Baseline","2026-08-15",-8,"2026-06-20","Adults","quantile","0.55",343
"Seasonal Baseline","2026-08-15",-8,"2026-06-20","Adults","quantile","0.6",364
"Seasonal Baseline","2026-08-15",-8,"2026-06-20","Adults","quantile","0.65",390
"Seasonal Baseline","2026-08-15",-8,"2026-06-20","Adults","quantile","0.7",422
"Seasonal Baseline","2026-08-15",-8,"2026-06-20","Adults","quantile","0.75",458
"Seasonal Baseline","2026-08-15",-8,"2026-06-20","Adults","quantile","0.8",504
"Seasonal Baseline","2026-08-15",-8,"2026-06-20","Adults","quantile","0.85",557
"Seasonal Baseline","2026-08-15",-8,"2026-06-20","Adults","quantile","0.9",630
"Seasonal Baseline","2026-08-15",-8,"2026-06-20","Adults","quantile","0.95",755
"Seasonal Baseline","2026-08-15",-8,"2026-06-20","Adults","quantile","0.975",881
"Seasonal Baseline","2026-08-15",-8,"2026-06-20","Adults","quantile","0.99",1077
"Seasonal Baseline","2026-08-15",-7,"2026-06-27","Adults","quantile","0.01",92
"Seasonal Baseline","2026-08-15",-7,"2026-06-27","Adults","quantile","0.025",112
"Seasonal Baseline","2026-08-15",-7,"2026-06-27","Adults","quantile","0.05",135
"Seasonal Baseline","2026-08-15",-7,"2026-06-27","Adults","quantile","0.1",163
"Seasonal Baseline","2026-08-15",-7,"2026-06-27","Adults","quantile","0.15",186
"Seasonal Baseline","2026-08-15",-7,"2026-06-27","Adults","quantile","0.2",208
"Seasonal Baseline","2026-08-15",-7,"2026-06-27","Adults","quantile","0.25",227
"Seasonal Baseline","2026-08-15",-7,"2026-06-27","Adults","quantile","0.3",245
"Seasonal Baseline","2026-08-15",-7,"2026-06-27","Adults","quantile","0.35",264
"Seasonal Baseline","2026-08-15",-7,"2026-06-27","Adults","quantile","0.4",283
"Seasonal Baseline","2026-08-15",-7,"2026-06-27","Adults","quantile","0.45",304
"Seasonal Baseline","2026-08-15",-7,"2026-06-27","Adults","quantile","0.5",326
"Seasonal Baseline","2026-08-15",-7,"2026-06-27","Adults","quantile","0.55",349
"Seasonal Baseline","2026-08-15",-7,"2026-06-27","Adults","quantile","0.6",374
"Seasonal Baseline","2026-08-15",-7,"2026-06-27","Adults","quantile","0.65",402
"Seasonal Baseline","2026-08-15",-7,"2026-06-27","Adults","quantile","0.7",434
"Seasonal Baseline","2026-08-15",-7,"2026-06-27","Adults","quantile","0.75",468
"Seasonal Baseline","2026-08-15",-7,"2026-06-27","Adults","quantile","0.8",514
"Seasonal Baseline","2026-08-15",-7,"2026-06-27","Adults","quantile","0.85",572
"Seasonal Baseline","2026-08-15",-7,"2026-06-27","Adults","quantile","0.9",648
"Seasonal Baseline","2026-08-15",-7,"2026-06-27","Adults","quantile","0.95",800
"Seasonal Baseline","2026-08-15",-7,"2026-06-27","Adults","quantile","0.975",941
"Seasonal Baseline","2026-08-15",-7,"2026-06-27","Adults","quantile","0.99",1137
"Seasonal Baseline","2026-08-15",-6,"2026-07-04","Adults","quantile","0.01",88
"Seasonal Baseline","2026-08-15",-6,"2026-07-04","Adults","quantile","0.025",107
"Seasonal Baseline","2026-08-15",-6,"2026-07-04","Adults","quantile","0.05",128
"Seasonal Baseline","2026-08-15",-6,"2026-07-04","Adults","quantile","0.1",159
"Seasonal Baseline","2026-08-15",-6,"2026-07-04","Adults","quantile","0.15",182
"Seasonal Baseline","2026-08-15",-6,"2026-07-04","Adults","quantile","0.2",203
"Seasonal Baseline","2026-08-15",-6,"2026-07-04","Adults","quantile","0.25",223
"Seasonal Baseline","2026-08-15",-6,"2026-07-04","Adults","quantile","0.3",243
"Seasonal Baseline","2026-08-15",-6,"2026-07-04","Adults","quantile","0.35",262
"Seasonal Baseline","2026-08-15",-6,"2026-07-04","Adults","quantile","0.4",282
"Seasonal Baseline","2026-08-15",-6,"2026-07-04","Adults","quantile","0.45",302
"Seasonal Baseline","2026-08-15",-6,"2026-07-04","Adults","quantile","0.5",323
"Seasonal Baseline","2026-08-15",-6,"2026-07-04","Adults","quantile","0.55",345
"Seasonal Baseline","2026-08-15",-6,"2026-07-04","Adults","quantile","0.6",371
"Seasonal Baseline","2026-08-15",-6,"2026-07-04","Adults","quantile","0.65",398
"Seasonal Baseline","2026-08-15",-6,"2026-07-04","Adults","quantile","0.7",431
"Seasonal Baseline","2026-08-15",-6,"2026-07-04","Adults","quantile","0.75",466
"Seasonal Baseline","2026-08-15",-6,"2026-07-04","Adults","quantile","0.8",508
"Seasonal Baseline","2026-08-15",-6,"2026-07-04","Adults","quantile","0.85",564
"Seasonal Baseline","2026-08-15",-6,"2026-07-04","Adults","quantile","0.9",647
"Seasonal Baseline","2026-08-15",-6,"2026-07-04","Adults","quantile","0.95",780
"Seasonal Baseline","2026-08-15",-6,"2026-07-04","Adults","quantile","0.975",918
"Seasonal Baseline","2026-08-15",-6,"2026-07-04","Adults","quantile","0.99",1145
"Seasonal Baseline","2026-08-15",-5,"2026-07-11","Adults","quantile","0.01",87
"Seasonal Baseline","2026-08-15",-5,"2026-07-11","Adults","quantile","0.025",106
"Seasonal Baseline","2026-08-15",-5,"2026-07-11","Adults","quantile","0.05",125
"Seasonal Baseline","2026-08-15",-5,"2026-07-11","Adults","quantile","0.1",154
"Seasonal Baseline","2026-08-15",-5,"2026-07-11","Adults","quantile","0.15",178
"Seasonal Baseline","2026-08-15",-5,"2026-07-11","Adults","quantile","0.2",198
"Seasonal Baseline","2026-08-15",-5,"2026-07-11","Adults","quantile","0.25",217
"Seasonal Baseline","2026-08-15",-5,"2026-07-11","Adults","quantile","0.3",235
"Seasonal Baseline","2026-08-15",-5,"2026-07-11","Adults","quantile","0.35",254
"Seasonal Baseline","2026-08-15",-5,"2026-07-11","Adults","quantile","0.4",274
"Seasonal Baseline","2026-08-15",-5,"2026-07-11","Adults","quantile","0.45",294
"Seasonal Baseline","2026-08-15",-5,"2026-07-11","Adults","quantile","0.5",314
"Seasonal Baseline","2026-08-15",-5,"2026-07-11","Adults","quantile","0.55",334
"Seasonal Baseline","2026-08-15",-5,"2026-07-11","Adults","quantile","0.6",356
"Seasonal Baseline","2026-08-15",-5,"2026-07-11","Adults","quantile","0.65",380
"Seasonal Baseline","2026-08-15",-5,"2026-07-11","Adults","quantile","0.7",409
"Seasonal Baseline","2026-08-15",-5,"2026-07-11","Adults","quantile","0.75",446
"Seasonal Baseline","2026-08-15",-5,"2026-07-11","Adults","quantile","0.8",487
"Seasonal Baseline","2026-08-15",-5,"2026-07-11","Adults","quantile","0.85",540
"Seasonal Baseline","2026-08-15",-5,"2026-07-11","Adults","quantile","0.9",618
"Seasonal Baseline","2026-08-15",-5,"2026-07-11","Adults","quantile","0.95",759
"Seasonal Baseline","2026-08-15",-5,"2026-07-11","Adults","quantile","0.975",904
"Seasonal Baseline","2026-08-15",-5,"2026-07-11","Adults","quantile","0.99",1097
"Seasonal Baseline","2026-08-15",-4,"2026-07-18","Adults","quantile","0.01",83
"Seasonal Baseline","2026-08-15",-4,"2026-07-18","Adults","quantile","0.025",101
"Seasonal Baseline","2026-08-15",-4,"2026-07-18","Adults","quantile","0.05",121
"Seasonal Baseline","2026-08-15",-4,"2026-07-18","Adults","quantile","0.1",147
"Seasonal Baseline","2026-08-15",-4,"2026-07-18","Adults","quantile","0.15",167
"Seasonal Baseline","2026-08-15",-4,"2026-07-18","Adults","quantile","0.2",186
"Seasonal Baseline","2026-08-15",-4,"2026-07-18","Adults","quantile","0.25",205
"Seasonal Baseline","2026-08-15",-4,"2026-07-18","Adults","quantile","0.3",221
"Seasonal Baseline","2026-08-15",-4,"2026-07-18","Adults","quantile","0.35",239
"Seasonal Baseline","2026-08-15",-4,"2026-07-18","Adults","quantile","0.4",257
"Seasonal Baseline","2026-08-15",-4,"2026-07-18","Adults","quantile","0.45",277
"Seasonal Baseline","2026-08-15",-4,"2026-07-18","Adults","quantile","0.5",296
"Seasonal Baseline","2026-08-15",-4,"2026-07-18","Adults","quantile","0.55",317
"Seasonal Baseline","2026-08-15",-4,"2026-07-18","Adults","quantile","0.6",339
"Seasonal Baseline","2026-08-15",-4,"2026-07-18","Adults","quantile","0.65",366
"Seasonal Baseline","2026-08-15",-4,"2026-07-18","Adults","quantile","0.7",395
"Seasonal Baseline","2026-08-15",-4,"2026-07-18","Adults","quantile","0.75",430
"Seasonal Baseline","2026-08-15",-4,"2026-07-18","Adults","quantile","0.8",469
"Seasonal Baseline","2026-08-15",-4,"2026-07-18","Adults","quantile","0.85",524
"Seasonal Baseline","2026-08-15",-4,"2026-07-18","Adults","quantile","0.9",594
"Seasonal Baseline","2026-08-15",-4,"2026-07-18","Adults","quantile","0.95",718
"Seasonal Baseline","2026-08-15",-4,"2026-07-18","Adults","quantile","0.975",857
"Seasonal Baseline","2026-08-15",-4,"2026-07-18","Adults","quantile","0.99",1037
"Seasonal Baseline","2026-08-15",-3,"2026-07-25","Adults","quantile","0.01",78
"Seasonal Baseline","2026-08-15",-3,"2026-07-25","Adults","quantile","0.025",95
"Seasonal Baseline","2026-08-15",-3,"2026-07-25","Adults","quantile","0.05",114
"Seasonal Baseline","2026-08-15",-3,"2026-07-25","Adults","quantile","0.1",139
"Seasonal Baseline","2026-08-15",-3,"2026-07-25","Adults","quantile","0.15",159
"Seasonal Baseline","2026-08-15",-3,"2026-07-25","Adults","quantile","0.2",176
"Seasonal Baseline","2026-08-15",-3,"2026-07-25","Adults","quantile","0.25",192
"Seasonal Baseline","2026-08-15",-3,"2026-07-25","Adults","quantile","0.3",209
"Seasonal Baseline","2026-08-15",-3,"2026-07-25","Adults","quantile","0.35",224
"Seasonal Baseline","2026-08-15",-3,"2026-07-25","Adults","quantile","0.4",240
"Seasonal Baseline","2026-08-15",-3,"2026-07-25","Adults","quantile","0.45",257
"Seasonal Baseline","2026-08-15",-3,"2026-07-25","Adults","quantile","0.5",275
"Seasonal Baseline","2026-08-15",-3,"2026-07-25","Adults","quantile","0.55",294
"Seasonal Baseline","2026-08-15",-3,"2026-07-25","Adults","quantile","0.6",316
"Seasonal Baseline","2026-08-15",-3,"2026-07-25","Adults","quantile","0.65",341
"Seasonal Baseline","2026-08-15",-3,"2026-07-25","Adults","quantile","0.7",367
"Seasonal Baseline","2026-08-15",-3,"2026-07-25","Adults","quantile","0.75",399
"Seasonal Baseline","2026-08-15",-3,"2026-07-25","Adults","quantile","0.8",436
"Seasonal Baseline","2026-08-15",-3,"2026-07-25","Adults","quantile","0.85",483
"Seasonal Baseline","2026-08-15",-3,"2026-07-25","Adults","quantile","0.9",549
"Seasonal Baseline","2026-08-15",-3,"2026-07-25","Adults","quantile","0.95",674
"Seasonal Baseline","2026-08-15",-3,"2026-07-25","Adults","quantile","0.975",811
"Seasonal Baseline","2026-08-15",-3,"2026-07-25","Adults","quantile","0.99",987
"Seasonal Baseline","2026-08-15",-2,"2026-08-01","Adults","quantile","0.01",73
"Seasonal Baseline","2026-08-15",-2,"2026-08-01","Adults","quantile","0.025",89
"Seasonal Baseline","2026-08-15",-2,"2026-08-01","Adults","quantile","0.05",106
"Seasonal Baseline","2026-08-15",-2,"2026-08-01","Adults","quantile","0.1",130
"Seasonal Baseline","2026-08-15",-2,"2026-08-01","Adults","quantile","0.15",148
"Seasonal Baseline","2026-08-15",-2,"2026-08-01","Adults","quantile","0.2",165
"Seasonal Baseline","2026-08-15",-2,"2026-08-01","Adults","quantile","0.25",181
"Seasonal Baseline","2026-08-15",-2,"2026-08-01","Adults","quantile","0.3",196
"Seasonal Baseline","2026-08-15",-2,"2026-08-01","Adults","quantile","0.35",211
"Seasonal Baseline","2026-08-15",-2,"2026-08-01","Adults","quantile","0.4",228
"Seasonal Baseline","2026-08-15",-2,"2026-08-01","Adults","quantile","0.45",244
"Seasonal Baseline","2026-08-15",-2,"2026-08-01","Adults","quantile","0.5",262
"Seasonal Baseline","2026-08-15",-2,"2026-08-01","Adults","quantile","0.55",280
"Seasonal Baseline","2026-08-15",-2,"2026-08-01","Adults","quantile","0.6",301
"Seasonal Baseline","2026-08-15",-2,"2026-08-01","Adults","quantile","0.65",323
"Seasonal Baseline","2026-08-15",-2,"2026-08-01","Adults","quantile","0.7",349
"Seasonal Baseline","2026-08-15",-2,"2026-08-01","Adults","quantile","0.75",375
"Seasonal Baseline","2026-08-15",-2,"2026-08-01","Adults","quantile","0.8",408
"Seasonal Baseline","2026-08-15",-2,"2026-08-01","Adults","quantile","0.85",454
"Seasonal Baseline","2026-08-15",-2,"2026-08-01","Adults","quantile","0.9",519
"Seasonal Baseline","2026-08-15",-2,"2026-08-01","Adults","quantile","0.95",640
"Seasonal Baseline","2026-08-15",-2,"2026-08-01","Adults","quantile","0.975",757
"Seasonal Baseline","2026-08-15",-2,"2026-08-01","Adults","quantile","0.99",918
"Seasonal Baseline","2026-08-15",-1,"2026-08-08","Adults","quantile","0.01",69
"Seasonal Baseline","2026-08-15",-1,"2026-08-08","Adults","quantile","0.025",83
"Seasonal Baseline","2026-08-15",-1,"2026-08-08","Adults","quantile","0.05",99
"Seasonal Baseline","2026-08-15",-1,"2026-08-08","Adults","quantile","0.1",120
"Seasonal Baseline","2026-08-15",-1,"2026-08-08","Adults","quantile","0.15",138
"Seasonal Baseline","2026-08-15",-1,"2026-08-08","Adults","quantile","0.2",154
"Seasonal Baseline","2026-08-15",-1,"2026-08-08","Adults","quantile","0.25",169
"Seasonal Baseline","2026-08-15",-1,"2026-08-08","Adults","quantile","0.3",182
"Seasonal Baseline","2026-08-15",-1,"2026-08-08","Adults","quantile","0.35",197
"Seasonal Baseline","2026-08-15",-1,"2026-08-08","Adults","quantile","0.4",211
"Seasonal Baseline","2026-08-15",-1,"2026-08-08","Adults","quantile","0.45",226
"Seasonal Baseline","2026-08-15",-1,"2026-08-08","Adults","quantile","0.5",244
"Seasonal Baseline","2026-08-15",-1,"2026-08-08","Adults","quantile","0.55",262
"Seasonal Baseline","2026-08-15",-1,"2026-08-08","Adults","quantile","0.6",280
"Seasonal Baseline","2026-08-15",-1,"2026-08-08","Adults","quantile","0.65",302
"Seasonal Baseline","2026-08-15",-1,"2026-08-08","Adults","quantile","0.7",325
"Seasonal Baseline","2026-08-15",-1,"2026-08-08","Adults","quantile","0.75",354
"Seasonal Baseline","2026-08-15",-1,"2026-08-08","Adults","quantile","0.8",389
"Seasonal Baseline","2026-08-15",-1,"2026-08-08","Adults","quantile","0.85",429
"Seasonal Baseline","2026-08-15",-1,"2026-08-08","Adults","quantile","0.9",490
"Seasonal Baseline","2026-08-15",-1,"2026-08-08","Adults","quantile","0.95",599
"Seasonal Baseline","2026-08-15",-1,"2026-08-08","Adults","quantile","0.975",718
"Seasonal Baseline","2026-08-15",-1,"2026-08-08","Adults","quantile","0.99",867
"Seasonal Baseline","2026-08-15",0,"2026-08-15","Adults","quantile","0.01",63
"Seasonal Baseline","2026-08-15",0,"2026-08-15","Adults","quantile","0.025",78
"Seasonal Baseline","2026-08-15",0,"2026-08-15","Adults","quantile","0.05",92
"Seasonal Baseline","2026-08-15",0,"2026-08-15","Adults","quantile","0.1",113
"Seasonal Baseline","2026-08-15",0,"2026-08-15","Adults","quantile","0.15",129
"Seasonal Baseline","2026-08-15",0,"2026-08-15","Adults","quantile","0.2",143
"Seasonal Baseline","2026-08-15",0,"2026-08-15","Adults","quantile","0.25",157
"Seasonal Baseline","2026-08-15",0,"2026-08-15","Adults","quantile","0.3",170
"Seasonal Baseline","2026-08-15",0,"2026-08-15","Adults","quantile","0.35",183
"Seasonal Baseline","2026-08-15",0,"2026-08-15","Adults","quantile","0.4",197
"Seasonal Baseline","2026-08-15",0,"2026-08-15","Adults","quantile","0.45",212
"Seasonal Baseline","2026-08-15",0,"2026-08-15","Adults","quantile","0.5",226
"Seasonal Baseline","2026-08-15",0,"2026-08-15","Adults","quantile","0.55",242
"Seasonal Baseline","2026-08-15",0,"2026-08-15","Adults","quantile","0.6",260
"Seasonal Baseline","2026-08-15",0,"2026-08-15","Adults","quantile","0.65",279
"Seasonal Baseline","2026-08-15",0,"2026-08-15","Adults","quantile","0.7",300
"Seasonal Baseline","2026-08-15",0,"2026-08-15","Adults","quantile","0.75",325
"Seasonal Baseline","2026-08-15",0,"2026-08-15","Adults","quantile","0.8",358
"Seasonal Baseline","2026-08-15",0,"2026-08-15","Adults","quantile","0.85",396
"Seasonal Baseline","2026-08-15",0,"2026-08-15","Adults","quantile","0.9",455
"Seasonal Baseline","2026-08-15",0,"2026-08-15","Adults","quantile","0.95",547
"Seasonal Baseline","2026-08-15",0,"2026-08-15","Adults","quantile","0.975",637
"Seasonal Baseline","2026-08-15",0,"2026-08-15","Adults","quantile","0.99",782
"Seasonal Baseline","2026-08-15",1,"2026-08-22","Adults","quantile","0.01",60
"Seasonal Baseline","2026-08-15",1,"2026-08-22","Adults","quantile","0.025",73
"Seasonal Baseline","2026-08-15",1,"2026-08-22","Adults","quantile","0.05",88
"Seasonal Baseline","2026-08-15",1,"2026-08-22","Adults","quantile","0.1",108
"Seasonal Baseline","2026-08-15",1,"2026-08-22","Adults","quantile","0.15",122
"Seasonal Baseline","2026-08-15",1,"2026-08-22","Adults","quantile","0.2",135
"Seasonal Baseline","2026-08-15",1,"2026-08-22","Adults","quantile","0.25",149
"Seasonal Baseline","2026-08-15",1,"2026-08-22","Adults","quantile","0.3",162
"Seasonal Baseline","2026-08-15",1,"2026-08-22","Adults","quantile","0.35",174
"Seasonal Baseline","2026-08-15",1,"2026-08-22","Adults","quantile","0.4",186
"Seasonal Baseline","2026-08-15",1,"2026-08-22","Adults","quantile","0.45",200
"Seasonal Baseline","2026-08-15",1,"2026-08-22","Adults","quantile","0.5",214
"Seasonal Baseline","2026-08-15",1,"2026-08-22","Adults","quantile","0.55",230
"Seasonal Baseline","2026-08-15",1,"2026-08-22","Adults","quantile","0.6",247
"Seasonal Baseline","2026-08-15",1,"2026-08-22","Adults","quantile","0.65",265
"Seasonal Baseline","2026-08-15",1,"2026-08-22","Adults","quantile","0.7",285
"Seasonal Baseline","2026-08-15",1,"2026-08-22","Adults","quantile","0.75",309
"Seasonal Baseline","2026-08-15",1,"2026-08-22","Adults","quantile","0.8",339
"Seasonal Baseline","2026-08-15",1,"2026-08-22","Adults","quantile","0.85",377
"Seasonal Baseline","2026-08-15",1,"2026-08-22","Adults","quantile","0.9",431
"Seasonal Baseline","2026-08-15",1,"2026-08-22","Adults","quantile","0.95",530
"Seasonal Baseline","2026-08-15",1,"2026-08-22","Adults","quantile","0.975",624
"Seasonal Baseline","2026-08-15",1,"2026-08-22","Adults","quantile","0.99",780
"Seasonal Baseline","2026-08-15",2,"2026-08-29","Adults","quantile","0.01",59
"Seasonal Baseline","2026-08-15",2,"2026-08-29","Adults","quantile","0.025",71
"Seasonal Baseline","2026-08-15",2,"2026-08-29","Adults","quantile","0.05",84
"Seasonal Baseline","2026-08-15",2,"2026-08-29","Adults","quantile","0.1",103
"Seasonal Baseline","2026-08-15",2,"2026-08-29","Adults","quantile","0.15",117
"Seasonal Baseline","2026-08-15",2,"2026-08-29","Adults","quantile","0.2",131
"Seasonal Baseline","2026-08-15",2,"2026-08-29","Adults","quantile","0.25",144
"Seasonal Baseline","2026-08-15",2,"2026-08-29","Adults","quantile","0.3",156
"Seasonal Baseline","2026-08-15",2,"2026-08-29","Adults","quantile","0.35",168
"Seasonal Baseline","2026-08-15",2,"2026-08-29","Adults","quantile","0.4",180
"Seasonal Baseline","2026-08-15",2,"2026-08-29","Adults","quantile","0.45",193
"Seasonal Baseline","2026-08-15",2,"2026-08-29","Adults","quantile","0.5",207
"Seasonal Baseline","2026-08-15",2,"2026-08-29","Adults","quantile","0.55",221
"Seasonal Baseline","2026-08-15",2,"2026-08-29","Adults","quantile","0.6",236
"Seasonal Baseline","2026-08-15",2,"2026-08-29","Adults","quantile","0.65",254
"Seasonal Baseline","2026-08-15",2,"2026-08-29","Adults","quantile","0.7",274
"Seasonal Baseline","2026-08-15",2,"2026-08-29","Adults","quantile","0.75",297
"Seasonal Baseline","2026-08-15",2,"2026-08-29","Adults","quantile","0.8",326
"Seasonal Baseline","2026-08-15",2,"2026-08-29","Adults","quantile","0.85",360
"Seasonal Baseline","2026-08-15",2,"2026-08-29","Adults","quantile","0.9",412
"Seasonal Baseline","2026-08-15",2,"2026-08-29","Adults","quantile","0.95",508
"Seasonal Baseline","2026-08-15",2,"2026-08-29","Adults","quantile","0.975",601
"Seasonal Baseline","2026-08-15",2,"2026-08-29","Adults","quantile","0.99",732
"Seasonal Baseline","2026-08-15",3,"2026-09-05","Adults","quantile","0.01",55
"Seasonal Baseline","2026-08-15",3,"2026-09-05","Adults","quantile","0.025",68
"Seasonal Baseline","2026-08-15",3,"2026-09-05","Adults","quantile","0.05",81
"Seasonal Baseline","2026-08-15",3,"2026-09-05","Adults","quantile","0.1",98
"Seasonal Baseline","2026-08-15",3,"2026-09-05","Adults","quantile","0.15",111
"Seasonal Baseline","2026-08-15",3,"2026-09-05","Adults","quantile","0.2",124
"Seasonal Baseline","2026-08-15",3,"2026-09-05","Adults","quantile","0.25",135
"Seasonal Baseline","2026-08-15",3,"2026-09-05","Adults","quantile","0.3",147
"Seasonal Baseline","2026-08-15",3,"2026-09-05","Adults","quantile","0.35",158
"Seasonal Baseline","2026-08-15",3,"2026-09-05","Adults","quantile","0.4",170
"Seasonal Baseline","2026-08-15",3,"2026-09-05","Adults","quantile","0.45",182
"Seasonal Baseline","2026-08-15",3,"2026-09-05","Adults","quantile","0.5",195
"Seasonal Baseline","2026-08-15",3,"2026-09-05","Adults","quantile","0.55",210
"Seasonal Baseline","2026-08-15",3,"2026-09-05","Adults","quantile","0.6",224
"Seasonal Baseline","2026-08-15",3,"2026-09-05","Adults","quantile","0.65",240
"Seasonal Baseline","2026-08-15",3,"2026-09-05","Adults","quantile","0.7",258
"Seasonal Baseline","2026-08-15",3,"2026-09-05","Adults","quantile","0.75",281
"Seasonal Baseline","2026-08-15",3,"2026-09-05","Adults","quantile","0.8",305
"Seasonal Baseline","2026-08-15",3,"2026-09-05","Adults","quantile","0.85",341
"Seasonal Baseline","2026-08-15",3,"2026-09-05","Adults","quantile","0.9",384
"Seasonal Baseline","2026-08-15",3,"2026-09-05","Adults","quantile","0.95",473
"Seasonal Baseline","2026-08-15",3,"2026-09-05","Adults","quantile","0.975",566
"Seasonal Baseline","2026-08-15",3,"2026-09-05","Adults","quantile","0.99",690
"Seasonal Baseline","2026-08-15",-8,"2026-06-20","Overall","quantile","0.01",295
"Seasonal Baseline","2026-08-15",-8,"2026-06-20","Overall","quantile","0.025",345
"Seasonal Baseline","2026-08-15",-8,"2026-06-20","Overall","quantile","0.05",391
"Seasonal Baseline","2026-08-15",-8,"2026-06-20","Overall","quantile","0.1",458
"Seasonal Baseline","2026-08-15",-8,"2026-06-20","Overall","quantile","0.15",509
"Seasonal Baseline","2026-08-15",-8,"2026-06-20","Overall","quantile","0.2",551
"Seasonal Baseline","2026-08-15",-8,"2026-06-20","Overall","quantile","0.25",591
"Seasonal Baseline","2026-08-15",-8,"2026-06-20","Overall","quantile","0.3",631
"Seasonal Baseline","2026-08-15",-8,"2026-06-20","Overall","quantile","0.35",673
"Seasonal Baseline","2026-08-15",-8,"2026-06-20","Overall","quantile","0.4",713
"Seasonal Baseline","2026-08-15",-8,"2026-06-20","Overall","quantile","0.45",750
"Seasonal Baseline","2026-08-15",-8,"2026-06-20","Overall","quantile","0.5",789
"Seasonal Baseline","2026-08-15",-8,"2026-06-20","Overall","quantile","0.55",832
"Seasonal Baseline","2026-08-15",-8,"2026-06-20","Overall","quantile","0.6",880
"Seasonal Baseline","2026-08-15",-8,"2026-06-20","Overall","quantile","0.65",931
"Seasonal Baseline","2026-08-15",-8,"2026-06-20","Overall","quantile","0.7",984
"Seasonal Baseline","2026-08-15",-8,"2026-06-20","Overall","quantile","0.75",1051
"Seasonal Baseline","2026-08-15",-8,"2026-06-20","Overall","quantile","0.8",1130
"Seasonal Baseline","2026-08-15",-8,"2026-06-20","Overall","quantile","0.85",1216
"Seasonal Baseline","2026-08-15",-8,"2026-06-20","Overall","quantile","0.9",1346
"Seasonal Baseline","2026-08-15",-8,"2026-06-20","Overall","quantile","0.95",1559
"Seasonal Baseline","2026-08-15",-8,"2026-06-20","Overall","quantile","0.975",1777
"Seasonal Baseline","2026-08-15",-8,"2026-06-20","Overall","quantile","0.99",2062
"Seasonal Baseline","2026-08-15",-7,"2026-06-27","Overall","quantile","0.01",297
"Seasonal Baseline","2026-08-15",-7,"2026-06-27","Overall","quantile","0.025",347
"Seasonal Baseline","2026-08-15",-7,"2026-06-27","Overall","quantile","0.05",394
"Seasonal Baseline","2026-08-15",-7,"2026-06-27","Overall","quantile","0.1",460
"Seasonal Baseline","2026-08-15",-7,"2026-06-27","Overall","quantile","0.15",512
"Seasonal Baseline","2026-08-15",-7,"2026-06-27","Overall","quantile","0.2",554
"Seasonal Baseline","2026-08-15",-7,"2026-06-27","Overall","quantile","0.25",598
"Seasonal Baseline","2026-08-15",-7,"2026-06-27","Overall","quantile","0.3",638
"Seasonal Baseline","2026-08-15",-7,"2026-06-27","Overall","quantile","0.35",678
"Seasonal Baseline","2026-08-15",-7,"2026-06-27","Overall","quantile","0.4",716
"Seasonal Baseline","2026-08-15",-7,"2026-06-27","Overall","quantile","0.45",756
"Seasonal Baseline","2026-08-15",-7,"2026-06-27","Overall","quantile","0.5",795
"Seasonal Baseline","2026-08-15",-7,"2026-06-27","Overall","quantile","0.55",839
"Seasonal Baseline","2026-08-15",-7,"2026-06-27","Overall","quantile","0.6",885
"Seasonal Baseline","2026-08-15",-7,"2026-06-27","Overall","quantile","0.65",934
"Seasonal Baseline","2026-08-15",-7,"2026-06-27","Overall","quantile","0.7",989
"Seasonal Baseline","2026-08-15",-7,"2026-06-27","Overall","quantile","0.75",1052
"Seasonal Baseline","2026-08-15",-7,"2026-06-27","Overall","quantile","0.8",1127
"Seasonal Baseline","2026-08-15",-7,"2026-06-27","Overall","quantile","0.85",1227
"Seasonal Baseline","2026-08-15",-7,"2026-06-27","Overall","quantile","0.9",1359
"Seasonal Baseline","2026-08-15",-7,"2026-06-27","Overall","quantile","0.95",1599
"Seasonal Baseline","2026-08-15",-7,"2026-06-27","Overall","quantile","0.975",1838
"Seasonal Baseline","2026-08-15",-7,"2026-06-27","Overall","quantile","0.99",2142
"Seasonal Baseline","2026-08-15",-6,"2026-07-04","Overall","quantile","0.01",295
"Seasonal Baseline","2026-08-15",-6,"2026-07-04","Overall","quantile","0.025",345
"Seasonal Baseline","2026-08-15",-6,"2026-07-04","Overall","quantile","0.05",398
"Seasonal Baseline","2026-08-15",-6,"2026-07-04","Overall","quantile","0.1",464
"Seasonal Baseline","2026-08-15",-6,"2026-07-04","Overall","quantile","0.15",511
"Seasonal Baseline","2026-08-15",-6,"2026-07-04","Overall","quantile","0.2",554
"Seasonal Baseline","2026-08-15",-6,"2026-07-04","Overall","quantile","0.25",595
"Seasonal Baseline","2026-08-15",-6,"2026-07-04","Overall","quantile","0.3",634
"Seasonal Baseline","2026-08-15",-6,"2026-07-04","Overall","quantile","0.35",674
"Seasonal Baseline","2026-08-15",-6,"2026-07-04","Overall","quantile","0.4",711
"Seasonal Baseline","2026-08-15",-6,"2026-07-04","Overall","quantile","0.45",751
"Seasonal Baseline","2026-08-15",-6,"2026-07-04","Overall","quantile","0.5",791
"Seasonal Baseline","2026-08-15",-6,"2026-07-04","Overall","quantile","0.55",832
"Seasonal Baseline","2026-08-15",-6,"2026-07-04","Overall","quantile","0.6",878
"Seasonal Baseline","2026-08-15",-6,"2026-07-04","Overall","quantile","0.65",931
"Seasonal Baseline","2026-08-15",-6,"2026-07-04","Overall","quantile","0.7",991
"Seasonal Baseline","2026-08-15",-6,"2026-07-04","Overall","quantile","0.75",1054
"Seasonal Baseline","2026-08-15",-6,"2026-07-04","Overall","quantile","0.8",1132
"Seasonal Baseline","2026-08-15",-6,"2026-07-04","Overall","quantile","0.85",1230
"Seasonal Baseline","2026-08-15",-6,"2026-07-04","Overall","quantile","0.9",1365
"Seasonal Baseline","2026-08-15",-6,"2026-07-04","Overall","quantile","0.95",1567
"Seasonal Baseline","2026-08-15",-6,"2026-07-04","Overall","quantile","0.975",1782
"Seasonal Baseline","2026-08-15",-6,"2026-07-04","Overall","quantile","0.99",2082
"Seasonal Baseline","2026-08-15",-5,"2026-07-11","Overall","quantile","0.01",294
"Seasonal Baseline","2026-08-15",-5,"2026-07-11","Overall","quantile","0.025",347
"Seasonal Baseline","2026-08-15",-5,"2026-07-11","Overall","quantile","0.05",393
"Seasonal Baseline","2026-08-15",-5,"2026-07-11","Overall","quantile","0.1",461
"Seasonal Baseline","2026-08-15",-5,"2026-07-11","Overall","quantile","0.15",509
"Seasonal Baseline","2026-08-15",-5,"2026-07-11","Overall","quantile","0.2",553
"Seasonal Baseline","2026-08-15",-5,"2026-07-11","Overall","quantile","0.25",590
"Seasonal Baseline","2026-08-15",-5,"2026-07-11","Overall","quantile","0.3",629
"Seasonal Baseline","2026-08-15",-5,"2026-07-11","Overall","quantile","0.35",665
"Seasonal Baseline","2026-08-15",-5,"2026-07-11","Overall","quantile","0.4",703
"Seasonal Baseline","2026-08-15",-5,"2026-07-11","Overall","quantile","0.45",741
"Seasonal Baseline","2026-08-15",-5,"2026-07-11","Overall","quantile","0.5",781
"Seasonal Baseline","2026-08-15",-5,"2026-07-11","Overall","quantile","0.55",821
"Seasonal Baseline","2026-08-15",-5,"2026-07-11","Overall","quantile","0.6",867
"Seasonal Baseline","2026-08-15",-5,"2026-07-11","Overall","quantile","0.65",916
"Seasonal Baseline","2026-08-15",-5,"2026-07-11","Overall","quantile","0.7",971
"Seasonal Baseline","2026-08-15",-5,"2026-07-11","Overall","quantile","0.75",1034
"Seasonal Baseline","2026-08-15",-5,"2026-07-11","Overall","quantile","0.8",1106
"Seasonal Baseline","2026-08-15",-5,"2026-07-11","Overall","quantile","0.85",1200
"Seasonal Baseline","2026-08-15",-5,"2026-07-11","Overall","quantile","0.9",1329
"Seasonal Baseline","2026-08-15",-5,"2026-07-11","Overall","quantile","0.95",1537
"Seasonal Baseline","2026-08-15",-5,"2026-07-11","Overall","quantile","0.975",1761
"Seasonal Baseline","2026-08-15",-5,"2026-07-11","Overall","quantile","0.99",2002
"Seasonal Baseline","2026-08-15",-4,"2026-07-18","Overall","quantile","0.01",286
"Seasonal Baseline","2026-08-15",-4,"2026-07-18","Overall","quantile","0.025",327
"Seasonal Baseline","2026-08-15",-4,"2026-07-18","Overall","quantile","0.05",375
"Seasonal Baseline","2026-08-15",-4,"2026-07-18","Overall","quantile","0.1",440
"Seasonal Baseline","2026-08-15",-4,"2026-07-18","Overall","quantile","0.15",490
"Seasonal Baseline","2026-08-15",-4,"2026-07-18","Overall","quantile","0.2",531
"Seasonal Baseline","2026-08-15",-4,"2026-07-18","Overall","quantile","0.25",568
"Seasonal Baseline","2026-08-15",-4,"2026-07-18","Overall","quantile","0.3",603
"Seasonal Baseline","2026-08-15",-4,"2026-07-18","Overall","quantile","0.35",640
"Seasonal Baseline","2026-08-15",-4,"2026-07-18","Overall","quantile","0.4",677
"Seasonal Baseline","2026-08-15",-4,"2026-07-18","Overall","quantile","0.45",714
"Seasonal Baseline","2026-08-15",-4,"2026-07-18","Overall","quantile","0.5",753
"Seasonal Baseline","2026-08-15",-4,"2026-07-18","Overall","quantile","0.55",792
"Seasonal Baseline","2026-08-15",-4,"2026-07-18","Overall","quantile","0.6",835
"Seasonal Baseline","2026-08-15",-4,"2026-07-18","Overall","quantile","0.65",884
"Seasonal Baseline","2026-08-15",-4,"2026-07-18","Overall","quantile","0.7",935
"Seasonal Baseline","2026-08-15",-4,"2026-07-18","Overall","quantile","0.75",994
"Seasonal Baseline","2026-08-15",-4,"2026-07-18","Overall","quantile","0.8",1067
"Seasonal Baseline","2026-08-15",-4,"2026-07-18","Overall","quantile","0.85",1159
"Seasonal Baseline","2026-08-15",-4,"2026-07-18","Overall","quantile","0.9",1278
"Seasonal Baseline","2026-08-15",-4,"2026-07-18","Overall","quantile","0.95",1490
"Seasonal Baseline","2026-08-15",-4,"2026-07-18","Overall","quantile","0.975",1689
"Seasonal Baseline","2026-08-15",-4,"2026-07-18","Overall","quantile","0.99",1985
"Seasonal Baseline","2026-08-15",-3,"2026-07-25","Overall","quantile","0.01",270
"Seasonal Baseline","2026-08-15",-3,"2026-07-25","Overall","quantile","0.025",317
"Seasonal Baseline","2026-08-15",-3,"2026-07-25","Overall","quantile","0.05",364
"Seasonal Baseline","2026-08-15",-3,"2026-07-25","Overall","quantile","0.1",421
"Seasonal Baseline","2026-08-15",-3,"2026-07-25","Overall","quantile","0.15",465
"Seasonal Baseline","2026-08-15",-3,"2026-07-25","Overall","quantile","0.2",502
"Seasonal Baseline","2026-08-15",-3,"2026-07-25","Overall","quantile","0.25",543
"Seasonal Baseline","2026-08-15",-3,"2026-07-25","Overall","quantile","0.3",578
"Seasonal Baseline","2026-08-15",-3,"2026-07-25","Overall","quantile","0.35",614
"Seasonal Baseline","2026-08-15",-3,"2026-07-25","Overall","quantile","0.4",650
"Seasonal Baseline","2026-08-15",-3,"2026-07-25","Overall","quantile","0.45",686
"Seasonal Baseline","2026-08-15",-3,"2026-07-25","Overall","quantile","0.5",721
"Seasonal Baseline","2026-08-15",-3,"2026-07-25","Overall","quantile","0.55",761
"Seasonal Baseline","2026-08-15",-3,"2026-07-25","Overall","quantile","0.6",805
"Seasonal Baseline","2026-08-15",-3,"2026-07-25","Overall","quantile","0.65",850
"Seasonal Baseline","2026-08-15",-3,"2026-07-25","Overall","quantile","0.7",899
"Seasonal Baseline","2026-08-15",-3,"2026-07-25","Overall","quantile","0.75",956
"Seasonal Baseline","2026-08-15",-3,"2026-07-25","Overall","quantile","0.8",1024
"Seasonal Baseline","2026-08-15",-3,"2026-07-25","Overall","quantile","0.85",1112
"Seasonal Baseline","2026-08-15",-3,"2026-07-25","Overall","quantile","0.9",1230
"Seasonal Baseline","2026-08-15",-3,"2026-07-25","Overall","quantile","0.95",1432
"Seasonal Baseline","2026-08-15",-3,"2026-07-25","Overall","quantile","0.975",1616
"Seasonal Baseline","2026-08-15",-3,"2026-07-25","Overall","quantile","0.99",1845
"Seasonal Baseline","2026-08-15",-2,"2026-08-01","Overall","quantile","0.01",260
"Seasonal Baseline","2026-08-15",-2,"2026-08-01","Overall","quantile","0.025",304
"Seasonal Baseline","2026-08-15",-2,"2026-08-01","Overall","quantile","0.05",344
"Seasonal Baseline","2026-08-15",-2,"2026-08-01","Overall","quantile","0.1",402
"Seasonal Baseline","2026-08-15",-2,"2026-08-01","Overall","quantile","0.15",444
"Seasonal Baseline","2026-08-15",-2,"2026-08-01","Overall","quantile","0.2",479
"Seasonal Baseline","2026-08-15",-2,"2026-08-01","Overall","quantile","0.25",513
"Seasonal Baseline","2026-08-15",-2,"2026-08-01","Overall","quantile","0.3",548
"Seasonal Baseline","2026-08-15",-2,"2026-08-01","Overall","quantile","0.35",579
"Seasonal Baseline","2026-08-15",-2,"2026-08-01","Overall","quantile","0.4",612
"Seasonal Baseline","2026-08-15",-2,"2026-08-01","Overall","quantile","0.45",647
"Seasonal Baseline","2026-08-15",-2,"2026-08-01","Overall","quantile","0.5",682
"Seasonal Baseline","2026-08-15",-2,"2026-08-01","Overall","quantile","0.55",717
"Seasonal Baseline","2026-08-15",-2,"2026-08-01","Overall","quantile","0.6",756
"Seasonal Baseline","2026-08-15",-2,"2026-08-01","Overall","quantile","0.65",798
"Seasonal Baseline","2026-08-15",-2,"2026-08-01","Overall","quantile","0.7",846
"Seasonal Baseline","2026-08-15",-2,"2026-08-01","Overall","quantile","0.75",899
"Seasonal Baseline","2026-08-15",-2,"2026-08-01","Overall","quantile","0.8",976
"Seasonal Baseline","2026-08-15",-2,"2026-08-01","Overall","quantile","0.85",1054
"Seasonal Baseline","2026-08-15",-2,"2026-08-01","Overall","quantile","0.9",1170
"Seasonal Baseline","2026-08-15",-2,"2026-08-01","Overall","quantile","0.95",1380
"Seasonal Baseline","2026-08-15",-2,"2026-08-01","Overall","quantile","0.975",1550
"Seasonal Baseline","2026-08-15",-2,"2026-08-01","Overall","quantile","0.99",1781
"Seasonal Baseline","2026-08-15",-1,"2026-08-08","Overall","quantile","0.01",244
"Seasonal Baseline","2026-08-15",-1,"2026-08-08","Overall","quantile","0.025",285
"Seasonal Baseline","2026-08-15",-1,"2026-08-08","Overall","quantile","0.05",332
"Seasonal Baseline","2026-08-15",-1,"2026-08-08","Overall","quantile","0.1",382
"Seasonal Baseline","2026-08-15",-1,"2026-08-08","Overall","quantile","0.15",425
"Seasonal Baseline","2026-08-15",-1,"2026-08-08","Overall","quantile","0.2",459
"Seasonal Baseline","2026-08-15",-1,"2026-08-08","Overall","quantile","0.25",492
"Seasonal Baseline","2026-08-15",-1,"2026-08-08","Overall","quantile","0.3",525
"Seasonal Baseline","2026-08-15",-1,"2026-08-08","Overall","quantile","0.35",556
"Seasonal Baseline","2026-08-15",-1,"2026-08-08","Overall","quantile","0.4",585
"Seasonal Baseline","2026-08-15",-1,"2026-08-08","Overall","quantile","0.45",617
"Seasonal Baseline","2026-08-15",-1,"2026-08-08","Overall","quantile","0.5",649
"Seasonal Baseline","2026-08-15",-1,"2026-08-08","Overall","quantile","0.55",685
"Seasonal Baseline","2026-08-15",-1,"2026-08-08","Overall","quantile","0.6",722
"Seasonal Baseline","2026-08-15",-1,"2026-08-08","Overall","quantile","0.65",763
"Seasonal Baseline","2026-08-15",-1,"2026-08-08","Overall","quantile","0.7",808
"Seasonal Baseline","2026-08-15",-1,"2026-08-08","Overall","quantile","0.75",862
"Seasonal Baseline","2026-08-15",-1,"2026-08-08","Overall","quantile","0.8",921
"Seasonal Baseline","2026-08-15",-1,"2026-08-08","Overall","quantile","0.85",998
"Seasonal Baseline","2026-08-15",-1,"2026-08-08","Overall","quantile","0.9",1108
"Seasonal Baseline","2026-08-15",-1,"2026-08-08","Overall","quantile","0.95",1289
"Seasonal Baseline","2026-08-15",-1,"2026-08-08","Overall","quantile","0.975",1456
"Seasonal Baseline","2026-08-15",-1,"2026-08-08","Overall","quantile","0.99",1727
"Seasonal Baseline","2026-08-15",0,"2026-08-15","Overall","quantile","0.01",232
"Seasonal Baseline","2026-08-15",0,"2026-08-15","Overall","quantile","0.025",273
"Seasonal Baseline","2026-08-15",0,"2026-08-15","Overall","quantile","0.05",315
"Seasonal Baseline","2026-08-15",0,"2026-08-15","Overall","quantile","0.1",366
"Seasonal Baseline","2026-08-15",0,"2026-08-15","Overall","quantile","0.15",409
"Seasonal Baseline","2026-08-15",0,"2026-08-15","Overall","quantile","0.2",444
"Seasonal Baseline","2026-08-15",0,"2026-08-15","Overall","quantile","0.25",473
"Seasonal Baseline","2026-08-15",0,"2026-08-15","Overall","quantile","0.3",502
"Seasonal Baseline","2026-08-15",0,"2026-08-15","Overall","quantile","0.35",531
"Seasonal Baseline","2026-08-15",0,"2026-08-15","Overall","quantile","0.4",561
"Seasonal Baseline","2026-08-15",0,"2026-08-15","Overall","quantile","0.45",593
"Seasonal Baseline","2026-08-15",0,"2026-08-15","Overall","quantile","0.5",623
"Seasonal Baseline","2026-08-15",0,"2026-08-15","Overall","quantile","0.55",657
"Seasonal Baseline","2026-08-15",0,"2026-08-15","Overall","quantile","0.6",693
"Seasonal Baseline","2026-08-15",0,"2026-08-15","Overall","quantile","0.65",735
"Seasonal Baseline","2026-08-15",0,"2026-08-15","Overall","quantile","0.7",778
"Seasonal Baseline","2026-08-15",0,"2026-08-15","Overall","quantile","0.75",830
"Seasonal Baseline","2026-08-15",0,"2026-08-15","Overall","quantile","0.8",886
"Seasonal Baseline","2026-08-15",0,"2026-08-15","Overall","quantile","0.85",963
"Seasonal Baseline","2026-08-15",0,"2026-08-15","Overall","quantile","0.9",1068
"Seasonal Baseline","2026-08-15",0,"2026-08-15","Overall","quantile","0.95",1242
"Seasonal Baseline","2026-08-15",0,"2026-08-15","Overall","quantile","0.975",1410
"Seasonal Baseline","2026-08-15",0,"2026-08-15","Overall","quantile","0.99",1607
"Seasonal Baseline","2026-08-15",1,"2026-08-22","Overall","quantile","0.01",225
"Seasonal Baseline","2026-08-15",1,"2026-08-22","Overall","quantile","0.025",264
"Seasonal Baseline","2026-08-15",1,"2026-08-22","Overall","quantile","0.05",305
"Seasonal Baseline","2026-08-15",1,"2026-08-22","Overall","quantile","0.1",355
"Seasonal Baseline","2026-08-15",1,"2026-08-22","Overall","quantile","0.15",392
"Seasonal Baseline","2026-08-15",1,"2026-08-22","Overall","quantile","0.2",424
"Seasonal Baseline","2026-08-15",1,"2026-08-22","Overall","quantile","0.25",454
"Seasonal Baseline","2026-08-15",1,"2026-08-22","Overall","quantile","0.3",482
"Seasonal Baseline","2026-08-15",1,"2026-08-22","Overall","quantile","0.35",509
"Seasonal Baseline","2026-08-15",1,"2026-08-22","Overall","quantile","0.4",539
"Seasonal Baseline","2026-08-15",1,"2026-08-22","Overall","quantile","0.45",568
"Seasonal Baseline","2026-08-15",1,"2026-08-22","Overall","quantile","0.5",601
"Seasonal Baseline","2026-08-15",1,"2026-08-22","Overall","quantile","0.55",634
"Seasonal Baseline","2026-08-15",1,"2026-08-22","Overall","quantile","0.6",668
"Seasonal Baseline","2026-08-15",1,"2026-08-22","Overall","quantile","0.65",710
"Seasonal Baseline","2026-08-15",1,"2026-08-22","Overall","quantile","0.7",751
"Seasonal Baseline","2026-08-15",1,"2026-08-22","Overall","quantile","0.75",800
"Seasonal Baseline","2026-08-15",1,"2026-08-22","Overall","quantile","0.8",857
"Seasonal Baseline","2026-08-15",1,"2026-08-22","Overall","quantile","0.85",932
"Seasonal Baseline","2026-08-15",1,"2026-08-22","Overall","quantile","0.9",1037
"Seasonal Baseline","2026-08-15",1,"2026-08-22","Overall","quantile","0.95",1209
"Seasonal Baseline","2026-08-15",1,"2026-08-22","Overall","quantile","0.975",1370
"Seasonal Baseline","2026-08-15",1,"2026-08-22","Overall","quantile","0.99",1597
"Seasonal Baseline","2026-08-15",2,"2026-08-29","Overall","quantile","0.01",220
"Seasonal Baseline","2026-08-15",2,"2026-08-29","Overall","quantile","0.025",256
"Seasonal Baseline","2026-08-15",2,"2026-08-29","Overall","quantile","0.05",291
"Seasonal Baseline","2026-08-15",2,"2026-08-29","Overall","quantile","0.1",338
"Seasonal Baseline","2026-08-15",2,"2026-08-29","Overall","quantile","0.15",375
"Seasonal Baseline","2026-08-15",2,"2026-08-29","Overall","quantile","0.2",407
"Seasonal Baseline","2026-08-15",2,"2026-08-29","Overall","quantile","0.25",437
"Seasonal Baseline","2026-08-15",2,"2026-08-29","Overall","quantile","0.3",466
"Seasonal Baseline","2026-08-15",2,"2026-08-29","Overall","quantile","0.35",496
"Seasonal Baseline","2026-08-15",2,"2026-08-29","Overall","quantile","0.4",523
"Seasonal Baseline","2026-08-15",2,"2026-08-29","Overall","quantile","0.45",549
"Seasonal Baseline","2026-08-15",2,"2026-08-29","Overall","quantile","0.5",578
"Seasonal Baseline","2026-08-15",2,"2026-08-29","Overall","quantile","0.55",610
"Seasonal Baseline","2026-08-15",2,"2026-08-29","Overall","quantile","0.6",643
"Seasonal Baseline","2026-08-15",2,"2026-08-29","Overall","quantile","0.65",678
"Seasonal Baseline","2026-08-15",2,"2026-08-29","Overall","quantile","0.7",720
"Seasonal Baseline","2026-08-15",2,"2026-08-29","Overall","quantile","0.75",770
"Seasonal Baseline","2026-08-15",2,"2026-08-29","Overall","quantile","0.8",820
"Seasonal Baseline","2026-08-15",2,"2026-08-29","Overall","quantile","0.85",887
"Seasonal Baseline","2026-08-15",2,"2026-08-29","Overall","quantile","0.9",987
"Seasonal Baseline","2026-08-15",2,"2026-08-29","Overall","quantile","0.95",1145
"Seasonal Baseline","2026-08-15",2,"2026-08-29","Overall","quantile","0.975",1299
"Seasonal Baseline","2026-08-15",2,"2026-08-29","Overall","quantile","0.99",1511
"Seasonal Baseline","2026-08-15",3,"2026-09-05","Overall","quantile","0.01",208
"Seasonal Baseline","2026-08-15",3,"2026-09-05","Overall","quantile","0.025",249
"Seasonal Baseline","2026-08-15",3,"2026-09-05","Overall","quantile","0.05",282
"Seasonal Baseline","2026-08-15",3,"2026-09-05","Overall","quantile","0.1",327
"Seasonal Baseline","2026-08-15",3,"2026-09-05","Overall","quantile","0.15",364
"Seasonal Baseline","2026-08-15",3,"2026-09-05","Overall","quantile","0.2",396
"Seasonal Baseline","2026-08-15",3,"2026-09-05","Overall","quantile","0.25",423
"Seasonal Baseline","2026-08-15",3,"2026-09-05","Overall","quantile","0.3",450
"Seasonal Baseline","2026-08-15",3,"2026-09-05","Overall","quantile","0.35",478
"Seasonal Baseline","2026-08-15",3,"2026-09-05","Overall","quantile","0.4",504
"Seasonal Baseline","2026-08-15",3,"2026-09-05","Overall","quantile","0.45",531
"Seasonal Baseline","2026-08-15",3,"2026-09-05","Overall","quantile","0.5",559
"Seasonal Baseline","2026-08-15",3,"2026-09-05","Overall","quantile","0.55",589
"Seasonal Baseline","2026-08-15",3,"2026-09-05","Overall","quantile","0.6",622
"Seasonal Baseline","2026-08-15",3,"2026-09-05","Overall","quantile","0.65",658
"Seasonal Baseline","2026-08-15",3,"2026-09-05","Overall","quantile","0.7",697
"Seasonal Baseline","2026-08-15",3,"2026-09-05","Overall","quantile","0.75",742
"Seasonal Baseline","2026-08-15",3,"2026-09-05","Overall","quantile","0.8",792
"Seasonal Baseline","2026-08-15",3,"2026-09-05","Overall","quantile","0.85",863
"Seasonal Baseline","2026-08-15",3,"2026-09-05","Overall","quantile","0.9",969
"Seasonal Baseline","2026-08-15",3,"2026-09-05","Overall","quantile","0.95",1130
"Seasonal Baseline","2026-08-15",3,"2026-09-05","Overall","quantile","0.975",1291
"Seasonal Baseline","2026-08-15",3,"2026-09-05","Overall","quantile","0.99",1498
"Seasonal Baseline","2026-08-15",-8,"2026-06-20","Pediatrics","quantile","0.01",225
"Seasonal Baseline","2026-08-15",-8,"2026-06-20","Pediatrics","quantile","0.025",251
"Seasonal Baseline","2026-08-15",-8,"2026-06-20","Pediatrics","quantile","0.05",277
"Seasonal Baseline","2026-08-15",-8,"2026-06-20","Pediatrics","quantile","0.1",313
"Seasonal Baseline","2026-08-15",-8,"2026-06-20","Pediatrics","quantile","0.15",338
"Seasonal Baseline","2026-08-15",-8,"2026-06-20","Pediatrics","quantile","0.2",358
"Seasonal Baseline","2026-08-15",-8,"2026-06-20","Pediatrics","quantile","0.25",377
"Seasonal Baseline","2026-08-15",-8,"2026-06-20","Pediatrics","quantile","0.3",395
"Seasonal Baseline","2026-08-15",-8,"2026-06-20","Pediatrics","quantile","0.35",412
"Seasonal Baseline","2026-08-15",-8,"2026-06-20","Pediatrics","quantile","0.4",428
"Seasonal Baseline","2026-08-15",-8,"2026-06-20","Pediatrics","quantile","0.45",446
"Seasonal Baseline","2026-08-15",-8,"2026-06-20","Pediatrics","quantile","0.5",463
"Seasonal Baseline","2026-08-15",-8,"2026-06-20","Pediatrics","quantile","0.55",482
"Seasonal Baseline","2026-08-15",-8,"2026-06-20","Pediatrics","quantile","0.6",501
"Seasonal Baseline","2026-08-15",-8,"2026-06-20","Pediatrics","quantile","0.65",523
"Seasonal Baseline","2026-08-15",-8,"2026-06-20","Pediatrics","quantile","0.7",547
"Seasonal Baseline","2026-08-15",-8,"2026-06-20","Pediatrics","quantile","0.75",574
"Seasonal Baseline","2026-08-15",-8,"2026-06-20","Pediatrics","quantile","0.8",603
"Seasonal Baseline","2026-08-15",-8,"2026-06-20","Pediatrics","quantile","0.85",642
"Seasonal Baseline","2026-08-15",-8,"2026-06-20","Pediatrics","quantile","0.9",696
"Seasonal Baseline","2026-08-15",-8,"2026-06-20","Pediatrics","quantile","0.95",782
"Seasonal Baseline","2026-08-15",-8,"2026-06-20","Pediatrics","quantile","0.975",867
"Seasonal Baseline","2026-08-15",-8,"2026-06-20","Pediatrics","quantile","0.99",988
"Seasonal Baseline","2026-08-15",-7,"2026-06-27","Pediatrics","quantile","0.01",226
"Seasonal Baseline","2026-08-15",-7,"2026-06-27","Pediatrics","quantile","0.025",252
"Seasonal Baseline","2026-08-15",-7,"2026-06-27","Pediatrics","quantile","0.05",276
"Seasonal Baseline","2026-08-15",-7,"2026-06-27","Pediatrics","quantile","0.1",310
"Seasonal Baseline","2026-08-15",-7,"2026-06-27","Pediatrics","quantile","0.15",335
"Seasonal Baseline","2026-08-15",-7,"2026-06-27","Pediatrics","quantile","0.2",357
"Seasonal Baseline","2026-08-15",-7,"2026-06-27","Pediatrics","quantile","0.25",376
"Seasonal Baseline","2026-08-15",-7,"2026-06-27","Pediatrics","quantile","0.3",395
"Seasonal Baseline","2026-08-15",-7,"2026-06-27","Pediatrics","quantile","0.35",412
"Seasonal Baseline","2026-08-15",-7,"2026-06-27","Pediatrics","quantile","0.4",430
"Seasonal Baseline","2026-08-15",-7,"2026-06-27","Pediatrics","quantile","0.45",447
"Seasonal Baseline","2026-08-15",-7,"2026-06-27","Pediatrics","quantile","0.5",464
"Seasonal Baseline","2026-08-15",-7,"2026-06-27","Pediatrics","quantile","0.55",485
"Seasonal Baseline","2026-08-15",-7,"2026-06-27","Pediatrics","quantile","0.6",503
"Seasonal Baseline","2026-08-15",-7,"2026-06-27","Pediatrics","quantile","0.65",524
"Seasonal Baseline","2026-08-15",-7,"2026-06-27","Pediatrics","quantile","0.7",547
"Seasonal Baseline","2026-08-15",-7,"2026-06-27","Pediatrics","quantile","0.75",572
"Seasonal Baseline","2026-08-15",-7,"2026-06-27","Pediatrics","quantile","0.8",603
"Seasonal Baseline","2026-08-15",-7,"2026-06-27","Pediatrics","quantile","0.85",641
"Seasonal Baseline","2026-08-15",-7,"2026-06-27","Pediatrics","quantile","0.9",691
"Seasonal Baseline","2026-08-15",-7,"2026-06-27","Pediatrics","quantile","0.95",781
"Seasonal Baseline","2026-08-15",-7,"2026-06-27","Pediatrics","quantile","0.975",855
"Seasonal Baseline","2026-08-15",-7,"2026-06-27","Pediatrics","quantile","0.99",942
"Seasonal Baseline","2026-08-15",-6,"2026-07-04","Pediatrics","quantile","0.01",225
"Seasonal Baseline","2026-08-15",-6,"2026-07-04","Pediatrics","quantile","0.025",252
"Seasonal Baseline","2026-08-15",-6,"2026-07-04","Pediatrics","quantile","0.05",279
"Seasonal Baseline","2026-08-15",-6,"2026-07-04","Pediatrics","quantile","0.1",310
"Seasonal Baseline","2026-08-15",-6,"2026-07-04","Pediatrics","quantile","0.15",333
"Seasonal Baseline","2026-08-15",-6,"2026-07-04","Pediatrics","quantile","0.2",353
"Seasonal Baseline","2026-08-15",-6,"2026-07-04","Pediatrics","quantile","0.25",372
"Seasonal Baseline","2026-08-15",-6,"2026-07-04","Pediatrics","quantile","0.3",389
"Seasonal Baseline","2026-08-15",-6,"2026-07-04","Pediatrics","quantile","0.35",406
"Seasonal Baseline","2026-08-15",-6,"2026-07-04","Pediatrics","quantile","0.4",424
"Seasonal Baseline","2026-08-15",-6,"2026-07-04","Pediatrics","quantile","0.45",442
"Seasonal Baseline","2026-08-15",-6,"2026-07-04","Pediatrics","quantile","0.5",458
"Seasonal Baseline","2026-08-15",-6,"2026-07-04","Pediatrics","quantile","0.55",476
"Seasonal Baseline","2026-08-15",-6,"2026-07-04","Pediatrics","quantile","0.6",497
"Seasonal Baseline","2026-08-15",-6,"2026-07-04","Pediatrics","quantile","0.65",518
"Seasonal Baseline","2026-08-15",-6,"2026-07-04","Pediatrics","quantile","0.7",541
"Seasonal Baseline","2026-08-15",-6,"2026-07-04","Pediatrics","quantile","0.75",567
"Seasonal Baseline","2026-08-15",-6,"2026-07-04","Pediatrics","quantile","0.8",596
"Seasonal Baseline","2026-08-15",-6,"2026-07-04","Pediatrics","quantile","0.85",634
"Seasonal Baseline","2026-08-15",-6,"2026-07-04","Pediatrics","quantile","0.9",687
"Seasonal Baseline","2026-08-15",-6,"2026-07-04","Pediatrics","quantile","0.95",767
"Seasonal Baseline","2026-08-15",-6,"2026-07-04","Pediatrics","quantile","0.975",844
"Seasonal Baseline","2026-08-15",-6,"2026-07-04","Pediatrics","quantile","0.99",956
"Seasonal Baseline","2026-08-15",-5,"2026-07-11","Pediatrics","quantile","0.01",218
"Seasonal Baseline","2026-08-15",-5,"2026-07-11","Pediatrics","quantile","0.025",241
"Seasonal Baseline","2026-08-15",-5,"2026-07-11","Pediatrics","quantile","0.05",267
"Seasonal Baseline","2026-08-15",-5,"2026-07-11","Pediatrics","quantile","0.1",300
"Seasonal Baseline","2026-08-15",-5,"2026-07-11","Pediatrics","quantile","0.15",322
"Seasonal Baseline","2026-08-15",-5,"2026-07-11","Pediatrics","quantile","0.2",344
"Seasonal Baseline","2026-08-15",-5,"2026-07-11","Pediatrics","quantile","0.25",361
"Seasonal Baseline","2026-08-15",-5,"2026-07-11","Pediatrics","quantile","0.3",378
"Seasonal Baseline","2026-08-15",-5,"2026-07-11","Pediatrics","quantile","0.35",395
"Seasonal Baseline","2026-08-15",-5,"2026-07-11","Pediatrics","quantile","0.4",411
"Seasonal Baseline","2026-08-15",-5,"2026-07-11","Pediatrics","quantile","0.45",429
"Seasonal Baseline","2026-08-15",-5,"2026-07-11","Pediatrics","quantile","0.5",446
"Seasonal Baseline","2026-08-15",-5,"2026-07-11","Pediatrics","quantile","0.55",464
"Seasonal Baseline","2026-08-15",-5,"2026-07-11","Pediatrics","quantile","0.6",484
"Seasonal Baseline","2026-08-15",-5,"2026-07-11","Pediatrics","quantile","0.65",505
"Seasonal Baseline","2026-08-15",-5,"2026-07-11","Pediatrics","quantile","0.7",528
"Seasonal Baseline","2026-08-15",-5,"2026-07-11","Pediatrics","quantile","0.75",551
"Seasonal Baseline","2026-08-15",-5,"2026-07-11","Pediatrics","quantile","0.8",582
"Seasonal Baseline","2026-08-15",-5,"2026-07-11","Pediatrics","quantile","0.85",622
"Seasonal Baseline","2026-08-15",-5,"2026-07-11","Pediatrics","quantile","0.9",674
"Seasonal Baseline","2026-08-15",-5,"2026-07-11","Pediatrics","quantile","0.95",752
"Seasonal Baseline","2026-08-15",-5,"2026-07-11","Pediatrics","quantile","0.975",832
"Seasonal Baseline","2026-08-15",-5,"2026-07-11","Pediatrics","quantile","0.99",943
"Seasonal Baseline","2026-08-15",-4,"2026-07-18","Pediatrics","quantile","0.01",206
"Seasonal Baseline","2026-08-15",-4,"2026-07-18","Pediatrics","quantile","0.025",235
"Seasonal Baseline","2026-08-15",-4,"2026-07-18","Pediatrics","quantile","0.05",256
"Seasonal Baseline","2026-08-15",-4,"2026-07-18","Pediatrics","quantile","0.1",289
"Seasonal Baseline","2026-08-15",-4,"2026-07-18","Pediatrics","quantile","0.15",312
"Seasonal Baseline","2026-08-15",-4,"2026-07-18","Pediatrics","quantile","0.2",333
"Seasonal Baseline","2026-08-15",-4,"2026-07-18","Pediatrics","quantile","0.25",350
"Seasonal Baseline","2026-08-15",-4,"2026-07-18","Pediatrics","quantile","0.3",366
"Seasonal Baseline","2026-08-15",-4,"2026-07-18","Pediatrics","quantile","0.35",384
"Seasonal Baseline","2026-08-15",-4,"2026-07-18","Pediatrics","quantile","0.4",401
"Seasonal Baseline","2026-08-15",-4,"2026-07-18","Pediatrics","quantile","0.45",417
"Seasonal Baseline","2026-08-15",-4,"2026-07-18","Pediatrics","quantile","0.5",433
"Seasonal Baseline","2026-08-15",-4,"2026-07-18","Pediatrics","quantile","0.55",450
"Seasonal Baseline","2026-08-15",-4,"2026-07-18","Pediatrics","quantile","0.6",469
"Seasonal Baseline","2026-08-15",-4,"2026-07-18","Pediatrics","quantile","0.65",487
"Seasonal Baseline","2026-08-15",-4,"2026-07-18","Pediatrics","quantile","0.7",510
"Seasonal Baseline","2026-08-15",-4,"2026-07-18","Pediatrics","quantile","0.75",534
"Seasonal Baseline","2026-08-15",-4,"2026-07-18","Pediatrics","quantile","0.8",562
"Seasonal Baseline","2026-08-15",-4,"2026-07-18","Pediatrics","quantile","0.85",596
"Seasonal Baseline","2026-08-15",-4,"2026-07-18","Pediatrics","quantile","0.9",643
"Seasonal Baseline","2026-08-15",-4,"2026-07-18","Pediatrics","quantile","0.95",719
"Seasonal Baseline","2026-08-15",-4,"2026-07-18","Pediatrics","quantile","0.975",797
"Seasonal Baseline","2026-08-15",-4,"2026-07-18","Pediatrics","quantile","0.99",889
"Seasonal Baseline","2026-08-15",-3,"2026-07-25","Pediatrics","quantile","0.01",196
"Seasonal Baseline","2026-08-15",-3,"2026-07-25","Pediatrics","quantile","0.025",220
"Seasonal Baseline","2026-08-15",-3,"2026-07-25","Pediatrics","quantile","0.05",243
"Seasonal Baseline","2026-08-15",-3,"2026-07-25","Pediatrics","quantile","0.1",273
"Seasonal Baseline","2026-08-15",-3,"2026-07-25","Pediatrics","quantile","0.15",296
"Seasonal Baseline","2026-08-15",-3,"2026-07-25","Pediatrics","quantile","0.2",316
"Seasonal Baseline","2026-08-15",-3,"2026-07-25","Pediatrics","quantile","0.25",332
"Seasonal Baseline","2026-08-15",-3,"2026-07-25","Pediatrics","quantile","0.3",348
"Seasonal Baseline","2026-08-15",-3,"2026-07-25","Pediatrics","quantile","0.35",364
"Seasonal Baseline","2026-08-15",-3,"2026-07-25","Pediatrics","quantile","0.4",379
"Seasonal Baseline","2026-08-15",-3,"2026-07-25","Pediatrics","quantile","0.45",394
"Seasonal Baseline","2026-08-15",-3,"2026-07-25","Pediatrics","quantile","0.5",409
"Seasonal Baseline","2026-08-15",-3,"2026-07-25","Pediatrics","quantile","0.55",427
"Seasonal Baseline","2026-08-15",-3,"2026-07-25","Pediatrics","quantile","0.6",445
"Seasonal Baseline","2026-08-15",-3,"2026-07-25","Pediatrics","quantile","0.65",466
"Seasonal Baseline","2026-08-15",-3,"2026-07-25","Pediatrics","quantile","0.7",486
"Seasonal Baseline","2026-08-15",-3,"2026-07-25","Pediatrics","quantile","0.75",509
"Seasonal Baseline","2026-08-15",-3,"2026-07-25","Pediatrics","quantile","0.8",537
"Seasonal Baseline","2026-08-15",-3,"2026-07-25","Pediatrics","quantile","0.85",570
"Seasonal Baseline","2026-08-15",-3,"2026-07-25","Pediatrics","quantile","0.9",616
"Seasonal Baseline","2026-08-15",-3,"2026-07-25","Pediatrics","quantile","0.95",686
"Seasonal Baseline","2026-08-15",-3,"2026-07-25","Pediatrics","quantile","0.975",760
"Seasonal Baseline","2026-08-15",-3,"2026-07-25","Pediatrics","quantile","0.99",852
"Seasonal Baseline","2026-08-15",-2,"2026-08-01","Pediatrics","quantile","0.01",188
"Seasonal Baseline","2026-08-15",-2,"2026-08-01","Pediatrics","quantile","0.025",214
"Seasonal Baseline","2026-08-15",-2,"2026-08-01","Pediatrics","quantile","0.05",237
"Seasonal Baseline","2026-08-15",-2,"2026-08-01","Pediatrics","quantile","0.1",267
"Seasonal Baseline","2026-08-15",-2,"2026-08-01","Pediatrics","quantile","0.15",288
"Seasonal Baseline","2026-08-15",-2,"2026-08-01","Pediatrics","quantile","0.2",307
"Seasonal Baseline","2026-08-15",-2,"2026-08-01","Pediatrics","quantile","0.25",323
"Seasonal Baseline","2026-08-15",-2,"2026-08-01","Pediatrics","quantile","0.3",338
"Seasonal Baseline","2026-08-15",-2,"2026-08-01","Pediatrics","quantile","0.35",352
"Seasonal Baseline","2026-08-15",-2,"2026-08-01","Pediatrics","quantile","0.4",367
"Seasonal Baseline","2026-08-15",-2,"2026-08-01","Pediatrics","quantile","0.45",383
"Seasonal Baseline","2026-08-15",-2,"2026-08-01","Pediatrics","quantile","0.5",397
"Seasonal Baseline","2026-08-15",-2,"2026-08-01","Pediatrics","quantile","0.55",412
"Seasonal Baseline","2026-08-15",-2,"2026-08-01","Pediatrics","quantile","0.6",431
"Seasonal Baseline","2026-08-15",-2,"2026-08-01","Pediatrics","quantile","0.65",450
"Seasonal Baseline","2026-08-15",-2,"2026-08-01","Pediatrics","quantile","0.7",470
"Seasonal Baseline","2026-08-15",-2,"2026-08-01","Pediatrics","quantile","0.75",493
"Seasonal Baseline","2026-08-15",-2,"2026-08-01","Pediatrics","quantile","0.8",521
"Seasonal Baseline","2026-08-15",-2,"2026-08-01","Pediatrics","quantile","0.85",554
"Seasonal Baseline","2026-08-15",-2,"2026-08-01","Pediatrics","quantile","0.9",597
"Seasonal Baseline","2026-08-15",-2,"2026-08-01","Pediatrics","quantile","0.95",676
"Seasonal Baseline","2026-08-15",-2,"2026-08-01","Pediatrics","quantile","0.975",745
"Seasonal Baseline","2026-08-15",-2,"2026-08-01","Pediatrics","quantile","0.99",843
"Seasonal Baseline","2026-08-15",-1,"2026-08-08","Pediatrics","quantile","0.01",186
"Seasonal Baseline","2026-08-15",-1,"2026-08-08","Pediatrics","quantile","0.025",204
"Seasonal Baseline","2026-08-15",-1,"2026-08-08","Pediatrics","quantile","0.05",229
"Seasonal Baseline","2026-08-15",-1,"2026-08-08","Pediatrics","quantile","0.1",256
"Seasonal Baseline","2026-08-15",-1,"2026-08-08","Pediatrics","quantile","0.15",278
"Seasonal Baseline","2026-08-15",-1,"2026-08-08","Pediatrics","quantile","0.2",295
"Seasonal Baseline","2026-08-15",-1,"2026-08-08","Pediatrics","quantile","0.25",311
"Seasonal Baseline","2026-08-15",-1,"2026-08-08","Pediatrics","quantile","0.3",325
"Seasonal Baseline","2026-08-15",-1,"2026-08-08","Pediatrics","quantile","0.35",341
"Seasonal Baseline","2026-08-15",-1,"2026-08-08","Pediatrics","quantile","0.4",355
"Seasonal Baseline","2026-08-15",-1,"2026-08-08","Pediatrics","quantile","0.45",371
"Seasonal Baseline","2026-08-15",-1,"2026-08-08","Pediatrics","quantile","0.5",386
"Seasonal Baseline","2026-08-15",-1,"2026-08-08","Pediatrics","quantile","0.55",402
"Seasonal Baseline","2026-08-15",-1,"2026-08-08","Pediatrics","quantile","0.6",417
"Seasonal Baseline","2026-08-15",-1,"2026-08-08","Pediatrics","quantile","0.65",434
"Seasonal Baseline","2026-08-15",-1,"2026-08-08","Pediatrics","quantile","0.7",455
"Seasonal Baseline","2026-08-15",-1,"2026-08-08","Pediatrics","quantile","0.75",476
"Seasonal Baseline","2026-08-15",-1,"2026-08-08","Pediatrics","quantile","0.8",502
"Seasonal Baseline","2026-08-15",-1,"2026-08-08","Pediatrics","quantile","0.85",531
"Seasonal Baseline","2026-08-15",-1,"2026-08-08","Pediatrics","quantile","0.9",577
"Seasonal Baseline","2026-08-15",-1,"2026-08-08","Pediatrics","quantile","0.95",642
"Seasonal Baseline","2026-08-15",-1,"2026-08-08","Pediatrics","quantile","0.975",713
"Seasonal Baseline","2026-08-15",-1,"2026-08-08","Pediatrics","quantile","0.99",789
"Seasonal Baseline","2026-08-15",0,"2026-08-15","Pediatrics","quantile","0.01",181
"Seasonal Baseline","2026-08-15",0,"2026-08-15","Pediatrics","quantile","0.025",203
"Seasonal Baseline","2026-08-15",0,"2026-08-15","Pediatrics","quantile","0.05",224
"Seasonal Baseline","2026-08-15",0,"2026-08-15","Pediatrics","quantile","0.1",252
"Seasonal Baseline","2026-08-15",0,"2026-08-15","Pediatrics","quantile","0.15",271
"Seasonal Baseline","2026-08-15",0,"2026-08-15","Pediatrics","quantile","0.2",287
"Seasonal Baseline","2026-08-15",0,"2026-08-15","Pediatrics","quantile","0.25",302
"Seasonal Baseline","2026-08-15",0,"2026-08-15","Pediatrics","quantile","0.3",318
"Seasonal Baseline","2026-08-15",0,"2026-08-15","Pediatrics","quantile","0.35",332
"Seasonal Baseline","2026-08-15",0,"2026-08-15","Pediatrics","quantile","0.4",346
"Seasonal Baseline","2026-08-15",0,"2026-08-15","Pediatrics","quantile","0.45",360
"Seasonal Baseline","2026-08-15",0,"2026-08-15","Pediatrics","quantile","0.5",373
"Seasonal Baseline","2026-08-15",0,"2026-08-15","Pediatrics","quantile","0.55",389
"Seasonal Baseline","2026-08-15",0,"2026-08-15","Pediatrics","quantile","0.6",405
"Seasonal Baseline","2026-08-15",0,"2026-08-15","Pediatrics","quantile","0.65",422
"Seasonal Baseline","2026-08-15",0,"2026-08-15","Pediatrics","quantile","0.7",441
"Seasonal Baseline","2026-08-15",0,"2026-08-15","Pediatrics","quantile","0.75",461
"Seasonal Baseline","2026-08-15",0,"2026-08-15","Pediatrics","quantile","0.8",486
"Seasonal Baseline","2026-08-15",0,"2026-08-15","Pediatrics","quantile","0.85",514
"Seasonal Baseline","2026-08-15",0,"2026-08-15","Pediatrics","quantile","0.9",558
"Seasonal Baseline","2026-08-15",0,"2026-08-15","Pediatrics","quantile","0.95",622
"Seasonal Baseline","2026-08-15",0,"2026-08-15","Pediatrics","quantile","0.975",690
"Seasonal Baseline","2026-08-15",0,"2026-08-15","Pediatrics","quantile","0.99",767
"Seasonal Baseline","2026-08-15",1,"2026-08-22","Pediatrics","quantile","0.01",175
"Seasonal Baseline","2026-08-15",1,"2026-08-22","Pediatrics","quantile","0.025",196
"Seasonal Baseline","2026-08-15",1,"2026-08-22","Pediatrics","quantile","0.05",215
"Seasonal Baseline","2026-08-15",1,"2026-08-22","Pediatrics","quantile","0.1",243
"Seasonal Baseline","2026-08-15",1,"2026-08-22","Pediatrics","quantile","0.15",263
"Seasonal Baseline","2026-08-15",1,"2026-08-22","Pediatrics","quantile","0.2",280
"Seasonal Baseline","2026-08-15",1,"2026-08-22","Pediatrics","quantile","0.25",295
"Seasonal Baseline","2026-08-15",1,"2026-08-22","Pediatrics","quantile","0.3",309
"Seasonal Baseline","2026-08-15",1,"2026-08-22","Pediatrics","quantile","0.35",323
"Seasonal Baseline","2026-08-15",1,"2026-08-22","Pediatrics","quantile","0.4",337
"Seasonal Baseline","2026-08-15",1,"2026-08-22","Pediatrics","quantile","0.45",351
"Seasonal Baseline","2026-08-15",1,"2026-08-22","Pediatrics","quantile","0.5",366
"Seasonal Baseline","2026-08-15",1,"2026-08-22","Pediatrics","quantile","0.55",381
"Seasonal Baseline","2026-08-15",1,"2026-08-22","Pediatrics","quantile","0.6",397
"Seasonal Baseline","2026-08-15",1,"2026-08-22","Pediatrics","quantile","0.65",412
"Seasonal Baseline","2026-08-15",1,"2026-08-22","Pediatrics","quantile","0.7",430
"Seasonal Baseline","2026-08-15",1,"2026-08-22","Pediatrics","quantile","0.75",450
"Seasonal Baseline","2026-08-15",1,"2026-08-22","Pediatrics","quantile","0.8",474
"Seasonal Baseline","2026-08-15",1,"2026-08-22","Pediatrics","quantile","0.85",503
"Seasonal Baseline","2026-08-15",1,"2026-08-22","Pediatrics","quantile","0.9",547
"Seasonal Baseline","2026-08-15",1,"2026-08-22","Pediatrics","quantile","0.95",615
"Seasonal Baseline","2026-08-15",1,"2026-08-22","Pediatrics","quantile","0.975",680
"Seasonal Baseline","2026-08-15",1,"2026-08-22","Pediatrics","quantile","0.99",766
"Seasonal Baseline","2026-08-15",2,"2026-08-29","Pediatrics","quantile","0.01",175
"Seasonal Baseline","2026-08-15",2,"2026-08-29","Pediatrics","quantile","0.025",196
"Seasonal Baseline","2026-08-15",2,"2026-08-29","Pediatrics","quantile","0.05",217
"Seasonal Baseline","2026-08-15",2,"2026-08-29","Pediatrics","quantile","0.1",242
"Seasonal Baseline","2026-08-15",2,"2026-08-29","Pediatrics","quantile","0.15",262
"Seasonal Baseline","2026-08-15",2,"2026-08-29","Pediatrics","quantile","0.2",278
"Seasonal Baseline","2026-08-15",2,"2026-08-29","Pediatrics","quantile","0.25",293
"Seasonal Baseline","2026-08-15",2,"2026-08-29","Pediatrics","quantile","0.3",307
"Seasonal Baseline","2026-08-15",2,"2026-08-29","Pediatrics","quantile","0.35",321
"Seasonal Baseline","2026-08-15",2,"2026-08-29","Pediatrics","quantile","0.4",333
"Seasonal Baseline","2026-08-15",2,"2026-08-29","Pediatrics","quantile","0.45",348
"Seasonal Baseline","2026-08-15",2,"2026-08-29","Pediatrics","quantile","0.5",362
"Seasonal Baseline","2026-08-15",2,"2026-08-29","Pediatrics","quantile","0.55",378
"Seasonal Baseline","2026-08-15",2,"2026-08-29","Pediatrics","quantile","0.6",393
"Seasonal Baseline","2026-08-15",2,"2026-08-29","Pediatrics","quantile","0.65",409
"Seasonal Baseline","2026-08-15",2,"2026-08-29","Pediatrics","quantile","0.7",427
"Seasonal Baseline","2026-08-15",2,"2026-08-29","Pediatrics","quantile","0.75",448
"Seasonal Baseline","2026-08-15",2,"2026-08-29","Pediatrics","quantile","0.8",472
"Seasonal Baseline","2026-08-15",2,"2026-08-29","Pediatrics","quantile","0.85",500
"Seasonal Baseline","2026-08-15",2,"2026-08-29","Pediatrics","quantile","0.9",539
"Seasonal Baseline","2026-08-15",2,"2026-08-29","Pediatrics","quantile","0.95",602
"Seasonal Baseline","2026-08-15",2,"2026-08-29","Pediatrics","quantile","0.975",658
"Seasonal Baseline","2026-08-15",2,"2026-08-29","Pediatrics","quantile","0.99",744
"Seasonal Baseline","2026-08-15",3,"2026-09-05","Pediatrics","quantile","0.01",172
"Seasonal Baseline","2026-08-15",3,"2026-09-05","Pediatrics","quantile","0.025",191
"Seasonal Baseline","2026-08-15",3,"2026-09-05","Pediatrics","quantile","0.05",211
"Seasonal Baseline","2026-08-15",3,"2026-09-05","Pediatrics","quantile","0.1",235
"Seasonal Baseline","2026-08-15",3,"2026-09-05","Pediatrics","quantile","0.15",254
"Seasonal Baseline","2026-08-15",3,"2026-09-05","Pediatrics","quantile","0.2",271
"Seasonal Baseline","2026-08-15",3,"2026-09-05","Pediatrics","quantile","0.25",285
"Seasonal Baseline","2026-08-15",3,"2026-09-05","Pediatrics","quantile","0.3",298
"Seasonal Baseline","2026-08-15",3,"2026-09-05","Pediatrics","quantile","0.35",312
"Seasonal Baseline","2026-08-15",3,"2026-09-05","Pediatrics","quantile","0.4",325
"Seasonal Baseline","2026-08-15",3,"2026-09-05","Pediatrics","quantile","0.45",337
"Seasonal Baseline","2026-08-15",3,"2026-09-05","Pediatrics","quantile","0.5",351
"Seasonal Baseline","2026-08-15",3,"2026-09-05","Pediatrics","quantile","0.55",365
"Seasonal Baseline","2026-08-15",3,"2026-09-05","Pediatrics","quantile","0.6",380
"Seasonal Baseline","2026-08-15",3,"2026-09-05","Pediatrics","quantile","0.65",396
"Seasonal Baseline","2026-08-15",3,"2026-09-05","Pediatrics","quantile","0.7",415
"Seasonal Baseline","2026-08-15",3,"2026-09-05","Pediatrics","quantile","0.75",436
"Seasonal Baseline","2026-08-15",3,"2026-09-05","Pediatrics","quantile","0.8",459
"Seasonal Baseline","2026-08-15",3,"2026-09-05","Pediatrics","quantile","0.85",489
"Seasonal Baseline","2026-08-15",3,"2026-09-05","Pediatrics","quantile","0.9",526
"Seasonal Baseline","2026-08-15",3,"2026-09-05","Pediatrics","quantile","0.95",587
"Seasonal Baseline","2026-08-15",3,"2026-09-05","Pediatrics","quantile","0.975",652
"Seasonal Baseline","2026-08-15",3,"2026-09-05","Pediatrics","quantile","0.99",718
"Opt Baseline","2026-08-15",-8,"2026-06-20","Adults","quantile","0.01",12
"Opt Baseline","2026-08-15",-8,"2026-06-20","Adults","quantile","0.025",23
"Opt Baseline","2026-08-15",-8,"2026-06-20","Adults","quantile","0.05",47
"Opt Baseline","2026-08-15",-8,"2026-06-20","Adults","quantile","0.1",70
"Opt Baseline","2026-08-15",-8,"2026-06-20","Adults","quantile","0.15",72
"Opt Baseline","2026-08-15",-8,"2026-06-20","Adults","quantile","0.2",75
"Opt Baseline","2026-08-15",-8,"2026-06-20","Adults","quantile","0.25",77
"Opt Baseline","2026-08-15",-8,"2026-06-20","Adults","quantile","0.3",82
"Opt Baseline","2026-08-15",-8,"2026-06-20","Adults","quantile","0.35",89
"Opt Baseline","2026-08-15",-8,"2026-06-20","Adults","quantile","0.4",94
"Opt Baseline","2026-08-15",-8,"2026-06-20","Adults","quantile","0.45",94
"Opt Baseline","2026-08-15",-8,"2026-06-20","Adults","quantile","0.5",102
"Opt Baseline","2026-08-15",-8,"2026-06-20","Adults","quantile","0.55",110
"Opt Baseline","2026-08-15",-8,"2026-06-20","Adults","quantile","0.6",110
"Opt Baseline","2026-08-15",-8,"2026-06-20","Adults","quantile","0.65",116
"Opt Baseline","2026-08-15",-8,"2026-06-20","Adults","quantile","0.7",124
"Opt Baseline","2026-08-15",-8,"2026-06-20","Adults","quantile","0.75",130
"Opt Baseline","2026-08-15",-8,"2026-06-20","Adults","quantile","0.8",133
"Opt Baseline","2026-08-15",-8,"2026-06-20","Adults","quantile","0.85",137
"Opt Baseline","2026-08-15",-8,"2026-06-20","Adults","quantile","0.9",140
"Opt Baseline","2026-08-15",-8,"2026-06-20","Adults","quantile","0.95",178
"Opt Baseline","2026-08-15",-8,"2026-06-20","Adults","quantile","0.975",238
"Opt Baseline","2026-08-15",-8,"2026-06-20","Adults","quantile","0.99",278
"Opt Baseline","2026-08-15",-7,"2026-06-27","Adults","quantile","0.01",5
"Opt Baseline","2026-08-15",-7,"2026-06-27","Adults","quantile","0.025",12
"Opt Baseline","2026-08-15",-7,"2026-06-27","Adults","quantile","0.05",23
"Opt Baseline","2026-08-15",-7,"2026-06-27","Adults","quantile","0.1",46
"Opt Baseline","2026-08-15",-7,"2026-06-27","Adults","quantile","0.15",55
"Opt Baseline","2026-08-15",-7,"2026-06-27","Adults","quantile","0.2",64
"Opt Baseline","2026-08-15",-7,"2026-06-27","Adults","quantile","0.25",71
"Opt Baseline","2026-08-15",-7,"2026-06-27","Adults","quantile","0.3",79
"Opt Baseline","2026-08-15",-7,"2026-06-27","Adults","quantile","0.35",85
"Opt Baseline","2026-08-15",-7,"2026-06-27","Adults","quantile","0.4",91
"Opt Baseline","2026-08-15",-7,"2026-06-27","Adults","quantile","0.45",97
"Opt Baseline","2026-08-15",-7,"2026-06-27","Adults","quantile","0.5",102
"Opt Baseline","2026-08-15",-7,"2026-06-27","Adults","quantile","0.55",107
"Opt Baseline","2026-08-15",-7,"2026-06-27","Adults","quantile","0.6",114
"Opt Baseline","2026-08-15",-7,"2026-06-27","Adults","quantile","0.65",121
"Opt Baseline","2026-08-15",-7,"2026-06-27","Adults","quantile","0.7",128
"Opt Baseline","2026-08-15",-7,"2026-06-27","Adults","quantile","0.75",139
"Opt Baseline","2026-08-15",-7,"2026-06-27","Adults","quantile","0.8",149
"Opt Baseline","2026-08-15",-7,"2026-06-27","Adults","quantile","0.85",162
"Opt Baseline","2026-08-15",-7,"2026-06-27","Adults","quantile","0.9",179
"Opt Baseline","2026-08-15",-7,"2026-06-27","Adults","quantile","0.95",234
"Opt Baseline","2026-08-15",-7,"2026-06-27","Adults","quantile","0.975",279
"Opt Baseline","2026-08-15",-7,"2026-06-27","Adults","quantile","0.99",323
"Opt Baseline","2026-08-15",-6,"2026-07-04","Adults","quantile","0.01",0
"Opt Baseline","2026-08-15",-6,"2026-07-04","Adults","quantile","0.025",5
"Opt Baseline","2026-08-15",-6,"2026-07-04","Adults","quantile","0.05",15
"Opt Baseline","2026-08-15",-6,"2026-07-04","Adults","quantile","0.1",31
"Opt Baseline","2026-08-15",-6,"2026-07-04","Adults","quantile","0.15",44
"Opt Baseline","2026-08-15",-6,"2026-07-04","Adults","quantile","0.2",56
"Opt Baseline","2026-08-15",-6,"2026-07-04","Adults","quantile","0.25",65
"Opt Baseline","2026-08-15",-6,"2026-07-04","Adults","quantile","0.3",72
"Opt Baseline","2026-08-15",-6,"2026-07-04","Adults","quantile","0.35",79
"Opt Baseline","2026-08-15",-6,"2026-07-04","Adults","quantile","0.4",87
"Opt Baseline","2026-08-15",-6,"2026-07-04","Adults","quantile","0.45",94
"Opt Baseline","2026-08-15",-6,"2026-07-04","Adults","quantile","0.5",102
"Opt Baseline","2026-08-15",-6,"2026-07-04","Adults","quantile","0.55",110
"Opt Baseline","2026-08-15",-6,"2026-07-04","Adults","quantile","0.6",118
"Opt Baseline","2026-08-15",-6,"2026-07-04","Adults","quantile","0.65",126
"Opt Baseline","2026-08-15",-6,"2026-07-04","Adults","quantile","0.7",136
"Opt Baseline","2026-08-15",-6,"2026-07-04","Adults","quantile","0.75",147
"Opt Baseline","2026-08-15",-6,"2026-07-04","Adults","quantile","0.8",162
"Opt Baseline","2026-08-15",-6,"2026-07-04","Adults","quantile","0.85",183
"Opt Baseline","2026-08-15",-6,"2026-07-04","Adults","quantile","0.9",209
"Opt Baseline","2026-08-15",-6,"2026-07-04","Adults","quantile","0.95",262
"Opt Baseline","2026-08-15",-6,"2026-07-04","Adults","quantile","0.975",306
"Opt Baseline","2026-08-15",-6,"2026-07-04","Adults","quantile","0.99",356
"Opt Baseline","2026-08-15",-5,"2026-07-11","Adults","quantile","0.01",0
"Opt Baseline","2026-08-15",-5,"2026-07-11","Adults","quantile","0.025",1
"Opt Baseline","2026-08-15",-5,"2026-07-11","Adults","quantile","0.05",8
"Opt Baseline","2026-08-15",-5,"2026-07-11","Adults","quantile","0.1",22
"Opt Baseline","2026-08-15",-5,"2026-07-11","Adults","quantile","0.15",36
"Opt Baseline","2026-08-15",-5,"2026-07-11","Adults","quantile","0.2",47
"Opt Baseline","2026-08-15",-5,"2026-07-11","Adults","quantile","0.25",57
"Opt Baseline","2026-08-15",-5,"2026-07-11","Adults","quantile","0.3",66
"Opt Baseline","2026-08-15",-5,"2026-07-11","Adults","quantile","0.35",75
"Opt Baseline","2026-08-15",-5,"2026-07-11","Adults","quantile","0.4",84
"Opt Baseline","2026-08-15",-5,"2026-07-11","Adults","quantile","0.45",93
"Opt Baseline","2026-08-15",-5,"2026-07-11","Adults","quantile","0.5",102
"Opt Baseline","2026-08-15",-5,"2026-07-11","Adults","quantile","0.55",111
"Opt Baseline","2026-08-15",-5,"2026-07-11","Adults","quantile","0.6",122
"Opt Baseline","2026-08-15",-5,"2026-07-11","Adults","quantile","0.65",133
"Opt Baseline","2026-08-15",-5,"2026-07-11","Adults","quantile","0.7",145
"Opt Baseline","2026-08-15",-5,"2026-07-11","Adults","quantile","0.75",159
"Opt Baseline","2026-08-15",-5,"2026-07-11","Adults","quantile","0.8",176
"Opt Baseline","2026-08-15",-5,"2026-07-11","Adults","quantile","0.85",199
"Opt Baseline","2026-08-15",-5,"2026-07-11","Adults","quantile","0.9",232
"Opt Baseline","2026-08-15",-5,"2026-07-11","Adults","quantile","0.95",285
"Opt Baseline","2026-08-15",-5,"2026-07-11","Adults","quantile","0.975",337
"Opt Baseline","2026-08-15",-5,"2026-07-11","Adults","quantile","0.99",409
"Opt Baseline","2026-08-15",-4,"2026-07-18","Adults","quantile","0.01",0
"Opt Baseline","2026-08-15",-4,"2026-07-18","Adults","quantile","0.025",0
"Opt Baseline","2026-08-15",-4,"2026-07-18","Adults","quantile","0.05",4
"Opt Baseline","2026-08-15",-4,"2026-07-18","Adults","quantile","0.1",16
"Opt Baseline","2026-08-15",-4,"2026-07-18","Adults","quantile","0.15",29
"Opt Baseline","2026-08-15",-4,"2026-07-18","Adults","quantile","0.2",40
"Opt Baseline","2026-08-15",-4,"2026-07-18","Adults","quantile","0.25",51
"Opt Baseline","2026-08-15",-4,"2026-07-18","Adults","quantile","0.3",62
"Opt Baseline","2026-08-15",-4,"2026-07-18","Adults","quantile","0.35",71
"Opt Baseline","2026-08-15",-4,"2026-07-18","Adults","quantile","0.4",81
"Opt Baseline","2026-08-15",-4,"2026-07-18","Adults","quantile","0.45",91
"Opt Baseline","2026-08-15",-4,"2026-07-18","Adults","quantile","0.5",102
"Opt Baseline","2026-08-15",-4,"2026-07-18","Adults","quantile","0.55",113
"Opt Baseline","2026-08-15",-4,"2026-07-18","Adults","quantile","0.6",124
"Opt Baseline","2026-08-15",-4,"2026-07-18","Adults","quantile","0.65",137
"Opt Baseline","2026-08-15",-4,"2026-07-18","Adults","quantile","0.7",152
"Opt Baseline","2026-08-15",-4,"2026-07-18","Adults","quantile","0.75",170
"Opt Baseline","2026-08-15",-4,"2026-07-18","Adults","quantile","0.8",191
"Opt Baseline","2026-08-15",-4,"2026-07-18","Adults","quantile","0.85",215
"Opt Baseline","2026-08-15",-4,"2026-07-18","Adults","quantile","0.9",249
"Opt Baseline","2026-08-15",-4,"2026-07-18","Adults","quantile","0.95",306
"Opt Baseline","2026-08-15",-4,"2026-07-18","Adults","quantile","0.975",370
"Opt Baseline","2026-08-15",-4,"2026-07-18","Adults","quantile","0.99",447
"Opt Baseline","2026-08-15",-3,"2026-07-25","Adults","quantile","0.01",0
"Opt Baseline","2026-08-15",-3,"2026-07-25","Adults","quantile","0.025",0
"Opt Baseline","2026-08-15",-3,"2026-07-25","Adults","quantile","0.05",2
"Opt Baseline","2026-08-15",-3,"2026-07-25","Adults","quantile","0.1",12
"Opt Baseline","2026-08-15",-3,"2026-07-25","Adults","quantile","0.15",23
"Opt Baseline","2026-08-15",-3,"2026-07-25","Adults","quantile","0.2",35
"Opt Baseline","2026-08-15",-3,"2026-07-25","Adults","quantile","0.25",46
"Opt Baseline","2026-08-15",-3,"2026-07-25","Adults","quantile","0.3",57
"Opt Baseline","2026-08-15",-3,"2026-07-25","Adults","quantile","0.35",69
"Opt Baseline","2026-08-15",-3,"2026-07-25","Adults","quantile","0.4",80
"Opt Baseline","2026-08-15",-3,"2026-07-25","Adults","quantile","0.45",90
"Opt Baseline","2026-08-15",-3,"2026-07-25","Adults","quantile","0.5",102
"Opt Baseline","2026-08-15",-3,"2026-07-25","Adults","quantile","0.55",114
"Opt Baseline","2026-08-15",-3,"2026-07-25","Adults","quantile","0.6",126
"Opt Baseline","2026-08-15",-3,"2026-07-25","Adults","quantile","0.65",142
"Opt Baseline","2026-08-15",-3,"2026-07-25","Adults","quantile","0.7",160
"Opt Baseline","2026-08-15",-3,"2026-07-25","Adults","quantile","0.75",179
"Opt Baseline","2026-08-15",-3,"2026-07-25","Adults","quantile","0.8",202
"Opt Baseline","2026-08-15",-3,"2026-07-25","Adults","quantile","0.85",231
"Opt Baseline","2026-08-15",-3,"2026-07-25","Adults","quantile","0.9",268
"Opt Baseline","2026-08-15",-3,"2026-07-25","Adults","quantile","0.95",335
"Opt Baseline","2026-08-15",-3,"2026-07-25","Adults","quantile","0.975",406
"Opt Baseline","2026-08-15",-3,"2026-07-25","Adults","quantile","0.99",487
"Opt Baseline","2026-08-15",-2,"2026-08-01","Adults","quantile","0.01",0
"Opt Baseline","2026-08-15",-2,"2026-08-01","Adults","quantile","0.025",0
"Opt Baseline","2026-08-15",-2,"2026-08-01","Adults","quantile","0.05",0
"Opt Baseline","2026-08-15",-2,"2026-08-01","Adults","quantile","0.1",8
"Opt Baseline","2026-08-15",-2,"2026-08-01","Adults","quantile","0.15",19
"Opt Baseline","2026-08-15",-2,"2026-08-01","Adults","quantile","0.2",31
"Opt Baseline","2026-08-15",-2,"2026-08-01","Adults","quantile","0.25",42
"Opt Baseline","2026-08-15",-2,"2026-08-01","Adults","quantile","0.3",53
"Opt Baseline","2026-08-15",-2,"2026-08-01","Adults","quantile","0.35",65
"Opt Baseline","2026-08-15",-2,"2026-08-01","Adults","quantile","0.4",77
"Opt Baseline","2026-08-15",-2,"2026-08-01","Adults","quantile","0.45",90
"Opt Baseline","2026-08-15",-2,"2026-08-01","Adults","quantile","0.5",102
"Opt Baseline","2026-08-15",-2,"2026-08-01","Adults","quantile","0.55",115
"Opt Baseline","2026-08-15",-2,"2026-08-01","Adults","quantile","0.6",130
"Opt Baseline","2026-08-15",-2,"2026-08-01","Adults","quantile","0.65",145
"Opt Baseline","2026-08-15",-2,"2026-08-01","Adults","quantile","0.7",165
"Opt Baseline","2026-08-15",-2,"2026-08-01","Adults","quantile","0.75",187
"Opt Baseline","2026-08-15",-2,"2026-08-01","Adults","quantile","0.8",212
"Opt Baseline","2026-08-15",-2,"2026-08-01","Adults","quantile","0.85",245
"Opt Baseline","2026-08-15",-2,"2026-08-01","Adults","quantile","0.9",286
"Opt Baseline","2026-08-15",-2,"2026-08-01","Adults","quantile","0.95",362
"Opt Baseline","2026-08-15",-2,"2026-08-01","Adults","quantile","0.975",442
"Opt Baseline","2026-08-15",-2,"2026-08-01","Adults","quantile","0.99",543
"Opt Baseline","2026-08-15",-1,"2026-08-08","Adults","quantile","0.01",0
"Opt Baseline","2026-08-15",-1,"2026-08-08","Adults","quantile","0.025",0
"Opt Baseline","2026-08-15",-1,"2026-08-08","Adults","quantile","0.05",0
"Opt Baseline","2026-08-15",-1,"2026-08-08","Adults","quantile","0.1",6
"Opt Baseline","2026-08-15",-1,"2026-08-08","Adults","quantile","0.15",16
"Opt Baseline","2026-08-15",-1,"2026-08-08","Adults","quantile","0.2",28
"Opt Baseline","2026-08-15",-1,"2026-08-08","Adults","quantile","0.25",39
"Opt Baseline","2026-08-15",-1,"2026-08-08","Adults","quantile","0.3",51
"Opt Baseline","2026-08-15",-1,"2026-08-08","Adults","quantile","0.35",63
"Opt Baseline","2026-08-15",-1,"2026-08-08","Adults","quantile","0.4",76
"Opt Baseline","2026-08-15",-1,"2026-08-08","Adults","quantile","0.45",89
"Opt Baseline","2026-08-15",-1,"2026-08-08","Adults","quantile","0.5",102
"Opt Baseline","2026-08-15",-1,"2026-08-08","Adults","quantile","0.55",118
"Opt Baseline","2026-08-15",-1,"2026-08-08","Adults","quantile","0.6",134
"Opt Baseline","2026-08-15",-1,"2026-08-08","Adults","quantile","0.65",153
"Opt Baseline","2026-08-15",-1,"2026-08-08","Adults","quantile","0.7",174
"Opt Baseline","2026-08-15",-1,"2026-08-08","Adults","quantile","0.75",197
"Opt Baseline","2026-08-15",-1,"2026-08-08","Adults","quantile","0.8",225
"Opt Baseline","2026-08-15",-1,"2026-08-08","Adults","quantile","0.85",261
"Opt Baseline","2026-08-15",-1,"2026-08-08","Adults","quantile","0.9",305
"Opt Baseline","2026-08-15",-1,"2026-08-08","Adults","quantile","0.95",390
"Opt Baseline","2026-08-15",-1,"2026-08-08","Adults","quantile","0.975",479
"Opt Baseline","2026-08-15",-1,"2026-08-08","Adults","quantile","0.99",590
"Opt Baseline","2026-08-15",0,"2026-08-15","Adults","quantile","0.01",0
"Opt Baseline","2026-08-15",0,"2026-08-15","Adults","quantile","0.025",0
"Opt Baseline","2026-08-15",0,"2026-08-15","Adults","quantile","0.05",0
"Opt Baseline","2026-08-15",0,"2026-08-15","Adults","quantile","0.1",4
"Opt Baseline","2026-08-15",0,"2026-08-15","Adults","quantile","0.15",12
"Opt Baseline","2026-08-15",0,"2026-08-15","Adults","quantile","0.2",23
"Opt Baseline","2026-08-15",0,"2026-08-15","Adults","quantile","0.25",36
"Opt Baseline","2026-08-15",0,"2026-08-15","Adults","quantile","0.3",48
"Opt Baseline","2026-08-15",0,"2026-08-15","Adults","quantile","0.35",60
"Opt Baseline","2026-08-15",0,"2026-08-15","Adults","quantile","0.4",73
"Opt Baseline","2026-08-15",0,"2026-08-15","Adults","quantile","0.45",87
"Opt Baseline","2026-08-15",0,"2026-08-15","Adults","quantile","0.5",102
"Opt Baseline","2026-08-15",0,"2026-08-15","Adults","quantile","0.55",118
"Opt Baseline","2026-08-15",0,"2026-08-15","Adults","quantile","0.6",135
"Opt Baseline","2026-08-15",0,"2026-08-15","Adults","quantile","0.65",153
"Opt Baseline","2026-08-15",0,"2026-08-15","Adults","quantile","0.7",176
"Opt Baseline","2026-08-15",0,"2026-08-15","Adults","quantile","0.75",202
"Opt Baseline","2026-08-15",0,"2026-08-15","Adults","quantile","0.8",231
"Opt Baseline","2026-08-15",0,"2026-08-15","Adults","quantile","0.85",268
"Opt Baseline","2026-08-15",0,"2026-08-15","Adults","quantile","0.9",318
"Opt Baseline","2026-08-15",0,"2026-08-15","Adults","quantile","0.95",414
"Opt Baseline","2026-08-15",0,"2026-08-15","Adults","quantile","0.975",508
"Opt Baseline","2026-08-15",0,"2026-08-15","Adults","quantile","0.99",628
"Opt Baseline","2026-08-15",1,"2026-08-22","Adults","quantile","0.01",0
"Opt Baseline","2026-08-15",1,"2026-08-22","Adults","quantile","0.025",0
"Opt Baseline","2026-08-15",1,"2026-08-22","Adults","quantile","0.05",0
"Opt Baseline","2026-08-15",1,"2026-08-22","Adults","quantile","0.1",2
"Opt Baseline","2026-08-15",1,"2026-08-22","Adults","quantile","0.15",10
"Opt Baseline","2026-08-15",1,"2026-08-22","Adults","quantile","0.2",22
"Opt Baseline","2026-08-15",1,"2026-08-22","Adults","quantile","0.25",34
"Opt Baseline","2026-08-15",1,"2026-08-22","Adults","quantile","0.3",47
"Opt Baseline","2026-08-15",1,"2026-08-22","Adults","quantile","0.35",60
"Opt Baseline","2026-08-15",1,"2026-08-22","Adults","quantile","0.4",73
"Opt Baseline","2026-08-15",1,"2026-08-22","Adults","quantile","0.45",87
"Opt Baseline","2026-08-15",1,"2026-08-22","Adults","quantile","0.5",102
"Opt Baseline","2026-08-15",1,"2026-08-22","Adults","quantile","0.55",119
"Opt Baseline","2026-08-15",1,"2026-08-22","Adults","quantile","0.6",137
"Opt Baseline","2026-08-15",1,"2026-08-22","Adults","quantile","0.65",157
"Opt Baseline","2026-08-15",1,"2026-08-22","Adults","quantile","0.7",180
"Opt Baseline","2026-08-15",1,"2026-08-22","Adults","quantile","0.75",206
"Opt Baseline","2026-08-15",1,"2026-08-22","Adults","quantile","0.8",239
"Opt Baseline","2026-08-15",1,"2026-08-22","Adults","quantile","0.85",279
"Opt Baseline","2026-08-15",1,"2026-08-22","Adults","quantile","0.9",338
"Opt Baseline","2026-08-15",1,"2026-08-22","Adults","quantile","0.95",445
"Opt Baseline","2026-08-15",1,"2026-08-22","Adults","quantile","0.975",532
"Opt Baseline","2026-08-15",1,"2026-08-22","Adults","quantile","0.99",665
"Opt Baseline","2026-08-15",2,"2026-08-29","Adults","quantile","0.01",0
"Opt Baseline","2026-08-15",2,"2026-08-29","Adults","quantile","0.025",0
"Opt Baseline","2026-08-15",2,"2026-08-29","Adults","quantile","0.05",0
"Opt Baseline","2026-08-15",2,"2026-08-29","Adults","quantile","0.1",1
"Opt Baseline","2026-08-15",2,"2026-08-29","Adults","quantile","0.15",9
"Opt Baseline","2026-08-15",2,"2026-08-29","Adults","quantile","0.2",19
"Opt Baseline","2026-08-15",2,"2026-08-29","Adults","quantile","0.25",31
"Opt Baseline","2026-08-15",2,"2026-08-29","Adults","quantile","0.3",45
"Opt Baseline","2026-08-15",2,"2026-08-29","Adults","quantile","0.35",57
"Opt Baseline","2026-08-15",2,"2026-08-29","Adults","quantile","0.4",71
"Opt Baseline","2026-08-15",2,"2026-08-29","Adults","quantile","0.45",85
"Opt Baseline","2026-08-15",2,"2026-08-29","Adults","quantile","0.5",102
"Opt Baseline","2026-08-15",2,"2026-08-29","Adults","quantile","0.55",120
"Opt Baseline","2026-08-15",2,"2026-08-29","Adults","quantile","0.6",138
"Opt Baseline","2026-08-15",2,"2026-08-29","Adults","quantile","0.65",159
"Opt Baseline","2026-08-15",2,"2026-08-29","Adults","quantile","0.7",184
"Opt Baseline","2026-08-15",2,"2026-08-29","Adults","quantile","0.75",213
"Opt Baseline","2026-08-15",2,"2026-08-29","Adults","quantile","0.8",248
"Opt Baseline","2026-08-15",2,"2026-08-29","Adults","quantile","0.85",293
"Opt Baseline","2026-08-15",2,"2026-08-29","Adults","quantile","0.9",357
"Opt Baseline","2026-08-15",2,"2026-08-29","Adults","quantile","0.95",466
"Opt Baseline","2026-08-15",2,"2026-08-29","Adults","quantile","0.975",570
"Opt Baseline","2026-08-15",2,"2026-08-29","Adults","quantile","0.99",718
"Opt Baseline","2026-08-15",3,"2026-09-05","Adults","quantile","0.01",0
"Opt Baseline","2026-08-15",3,"2026-09-05","Adults","quantile","0.025",0
"Opt Baseline","2026-08-15",3,"2026-09-05","Adults","quantile","0.05",0
"Opt Baseline","2026-08-15",3,"2026-09-05","Adults","quantile","0.1",0
"Opt Baseline","2026-08-15",3,"2026-09-05","Adults","quantile","0.15",7
"Opt Baseline","2026-08-15",3,"2026-09-05","Adults","quantile","0.2",16
"Opt Baseline","2026-08-15",3,"2026-09-05","Adults","quantile","0.25",29
"Opt Baseline","2026-08-15",3,"2026-09-05","Adults","quantile","0.3",43
"Opt Baseline","2026-08-15",3,"2026-09-05","Adults","quantile","0.35",55
"Opt Baseline","2026-08-15",3,"2026-09-05","Adults","quantile","0.4",69
"Opt Baseline","2026-08-15",3,"2026-09-05","Adults","quantile","0.45",85
"Opt Baseline","2026-08-15",3,"2026-09-05","Adults","quantile","0.5",102
"Opt Baseline","2026-08-15",3,"2026-09-05","Adults","quantile","0.55",120
"Opt Baseline","2026-08-15",3,"2026-09-05","Adults","quantile","0.6",141
"Opt Baseline","2026-08-15",3,"2026-09-05","Adults","quantile","0.65",164
"Opt Baseline","2026-08-15",3,"2026-09-05","Adults","quantile","0.7",190
"Opt Baseline","2026-08-15",3,"2026-09-05","Adults","quantile","0.75",218
"Opt Baseline","2026-08-15",3,"2026-09-05","Adults","quantile","0.8",258
"Opt Baseline","2026-08-15",3,"2026-09-05","Adults","quantile","0.85",303
"Opt Baseline","2026-08-15",3,"2026-09-05","Adults","quantile","0.9",376
"Opt Baseline","2026-08-15",3,"2026-09-05","Adults","quantile","0.95",485
"Opt Baseline","2026-08-15",3,"2026-09-05","Adults","quantile","0.975",598
"Opt Baseline","2026-08-15",3,"2026-09-05","Adults","quantile","0.99",763
"Opt Baseline","2026-08-15",-8,"2026-06-20","Overall","quantile","0.01",29
"Opt Baseline","2026-08-15",-8,"2026-06-20","Overall","quantile","0.025",54
"Opt Baseline","2026-08-15",-8,"2026-06-20","Overall","quantile","0.05",114
"Opt Baseline","2026-08-15",-8,"2026-06-20","Overall","quantile","0.1",171
"Opt Baseline","2026-08-15",-8,"2026-06-20","Overall","quantile","0.15",177
"Opt Baseline","2026-08-15",-8,"2026-06-20","Overall","quantile","0.2",179
"Opt Baseline","2026-08-15",-8,"2026-06-20","Overall","quantile","0.25",185
"Opt Baseline","2026-08-15",-8,"2026-06-20","Overall","quantile","0.3",189
"Opt Baseline","2026-08-15",-8,"2026-06-20","Overall","quantile","0.35",194
"Opt Baseline","2026-08-15",-8,"2026-06-20","Overall","quantile","0.4",202
"Opt Baseline","2026-08-15",-8,"2026-06-20","Overall","quantile","0.45",202
"Opt Baseline","2026-08-15",-8,"2026-06-20","Overall","quantile","0.5",228
"Opt Baseline","2026-08-15",-8,"2026-06-20","Overall","quantile","0.55",255
"Opt Baseline","2026-08-15",-8,"2026-06-20","Overall","quantile","0.6",255
"Opt Baseline","2026-08-15",-8,"2026-06-20","Overall","quantile","0.65",265
"Opt Baseline","2026-08-15",-8,"2026-06-20","Overall","quantile","0.7",270
"Opt Baseline","2026-08-15",-8,"2026-06-20","Overall","quantile","0.75",275
"Opt Baseline","2026-08-15",-8,"2026-06-20","Overall","quantile","0.8",283
"Opt Baseline","2026-08-15",-8,"2026-06-20","Overall","quantile","0.85",285
"Opt Baseline","2026-08-15",-8,"2026-06-20","Overall","quantile","0.9",293
"Opt Baseline","2026-08-15",-8,"2026-06-20","Overall","quantile","0.95",381
"Opt Baseline","2026-08-15",-8,"2026-06-20","Overall","quantile","0.975",520
"Opt Baseline","2026-08-15",-8,"2026-06-20","Overall","quantile","0.99",613
"Opt Baseline","2026-08-15",-7,"2026-06-27","Overall","quantile","0.01",15
"Opt Baseline","2026-08-15",-7,"2026-06-27","Overall","quantile","0.025",33
"Opt Baseline","2026-08-15",-7,"2026-06-27","Overall","quantile","0.05",57
"Opt Baseline","2026-08-15",-7,"2026-06-27","Overall","quantile","0.1",119
"Opt Baseline","2026-08-15",-7,"2026-06-27","Overall","quantile","0.15",141
"Opt Baseline","2026-08-15",-7,"2026-06-27","Overall","quantile","0.2",151
"Opt Baseline","2026-08-15",-7,"2026-06-27","Overall","quantile","0.25",163
"Opt Baseline","2026-08-15",-7,"2026-06-27","Overall","quantile","0.3",180
"Opt Baseline","2026-08-15",-7,"2026-06-27","Overall","quantile","0.35",203
"Opt Baseline","2026-08-15",-7,"2026-06-27","Overall","quantile","0.4",214
"Opt Baseline","2026-08-15",-7,"2026-06-27","Overall","quantile","0.45",221
"Opt Baseline","2026-08-15",-7,"2026-06-27","Overall","quantile","0.5",228
"Opt Baseline","2026-08-15",-7,"2026-06-27","Overall","quantile","0.55",235
"Opt Baseline","2026-08-15",-7,"2026-06-27","Overall","quantile","0.6",243
"Opt Baseline","2026-08-15",-7,"2026-06-27","Overall","quantile","0.65",255
"Opt Baseline","2026-08-15",-7,"2026-06-27","Overall","quantile","0.7",281
"Opt Baseline","2026-08-15",-7,"2026-06-27","Overall","quantile","0.75",303
"Opt Baseline","2026-08-15",-7,"2026-06-27","Overall","quantile","0.8",320
"Opt Baseline","2026-08-15",-7,"2026-06-27","Overall","quantile","0.85",336
"Opt Baseline","2026-08-15",-7,"2026-06-27","Overall","quantile","0.9",367
"Opt Baseline","2026-08-15",-7,"2026-06-27","Overall","quantile","0.95",515
"Opt Baseline","2026-08-15",-7,"2026-06-27","Overall","quantile","0.975",604
"Opt Baseline","2026-08-15",-7,"2026-06-27","Overall","quantile","0.99",691
"Opt Baseline","2026-08-15",-6,"2026-07-04","Overall","quantile","0.01",5
"Opt Baseline","2026-08-15",-6,"2026-07-04","Overall","quantile","0.025",20
"Opt Baseline","2026-08-15",-6,"2026-07-04","Overall","quantile","0.05",39
"Opt Baseline","2026-08-15",-6,"2026-07-04","Overall","quantile","0.1",81
"Opt Baseline","2026-08-15",-6,"2026-07-04","Overall","quantile","0.15",112
"Opt Baseline","2026-08-15",-6,"2026-07-04","Overall","quantile","0.2",132
"Opt Baseline","2026-08-15",-6,"2026-07-04","Overall","quantile","0.25",157
"Opt Baseline","2026-08-15",-6,"2026-07-04","Overall","quantile","0.3",173
"Opt Baseline","2026-08-15",-6,"2026-07-04","Overall","quantile","0.35",186
"Opt Baseline","2026-08-15",-6,"2026-07-04","Overall","quantile","0.4",196
"Opt Baseline","2026-08-15",-6,"2026-07-04","Overall","quantile","0.45",209
"Opt Baseline","2026-08-15",-6,"2026-07-04","Overall","quantile","0.5",228
"Opt Baseline","2026-08-15",-6,"2026-07-04","Overall","quantile","0.55",250
"Opt Baseline","2026-08-15",-6,"2026-07-04","Overall","quantile","0.6",265
"Opt Baseline","2026-08-15",-6,"2026-07-04","Overall","quantile","0.65",279
"Opt Baseline","2026-08-15",-6,"2026-07-04","Overall","quantile","0.7",292
"Opt Baseline","2026-08-15",-6,"2026-07-04","Overall","quantile","0.75",316
"Opt Baseline","2026-08-15",-6,"2026-07-04","Overall","quantile","0.8",354
"Opt Baseline","2026-08-15",-6,"2026-07-04","Overall","quantile","0.85",389
"Opt Baseline","2026-08-15",-6,"2026-07-04","Overall","quantile","0.9",450
"Opt Baseline","2026-08-15",-6,"2026-07-04","Overall","quantile","0.95",580
"Opt Baseline","2026-08-15",-6,"2026-07-04","Overall","quantile","0.975",670
"Opt Baseline","2026-08-15",-6,"2026-07-04","Overall","quantile","0.99",786
"Opt Baseline","2026-08-15",-5,"2026-07-11","Overall","quantile","0.01",0
"Opt Baseline","2026-08-15",-5,"2026-07-11","Overall","quantile","0.025",9
"Opt Baseline","2026-08-15",-5,"2026-07-11","Overall","quantile","0.05",25
"Opt Baseline","2026-08-15",-5,"2026-07-11","Overall","quantile","0.1",59
"Opt Baseline","2026-08-15",-5,"2026-07-11","Overall","quantile","0.15",89
"Opt Baseline","2026-08-15",-5,"2026-07-11","Overall","quantile","0.2",115
"Opt Baseline","2026-08-15",-5,"2026-07-11","Overall","quantile","0.25",137
"Opt Baseline","2026-08-15",-5,"2026-07-11","Overall","quantile","0.3",155
"Opt Baseline","2026-08-15",-5,"2026-07-11","Overall","quantile","0.35",173
"Opt Baseline","2026-08-15",-5,"2026-07-11","Overall","quantile","0.4",195
"Opt Baseline","2026-08-15",-5,"2026-07-11","Overall","quantile","0.45",212
"Opt Baseline","2026-08-15",-5,"2026-07-11","Overall","quantile","0.5",228
"Opt Baseline","2026-08-15",-5,"2026-07-11","Overall","quantile","0.55",244
"Opt Baseline","2026-08-15",-5,"2026-07-11","Overall","quantile","0.6",263
"Opt Baseline","2026-08-15",-5,"2026-07-11","Overall","quantile","0.65",291
"Opt Baseline","2026-08-15",-5,"2026-07-11","Overall","quantile","0.7",314
"Opt Baseline","2026-08-15",-5,"2026-07-11","Overall","quantile","0.75",339
"Opt Baseline","2026-08-15",-5,"2026-07-11","Overall","quantile","0.8",372
"Opt Baseline","2026-08-15",-5,"2026-07-11","Overall","quantile","0.85",427
"Opt Baseline","2026-08-15",-5,"2026-07-11","Overall","quantile","0.9",502
"Opt Baseline","2026-08-15",-5,"2026-07-11","Overall","quantile","0.95",626
"Opt Baseline","2026-08-15",-5,"2026-07-11","Overall","quantile","0.975",733
"Opt Baseline","2026-08-15",-5,"2026-07-11","Overall","quantile","0.99",871
"Opt Baseline","2026-08-15",-4,"2026-07-18","Overall","quantile","0.01",0
"Opt Baseline","2026-08-15",-4,"2026-07-18","Overall","quantile","0.025",2
"Opt Baseline","2026-08-15",-4,"2026-07-18","Overall","quantile","0.05",16
"Opt Baseline","2026-08-15",-4,"2026-07-18","Overall","quantile","0.1",46
"Opt Baseline","2026-08-15",-4,"2026-07-18","Overall","quantile","0.15",75
"Opt Baseline","2026-08-15",-4,"2026-07-18","Overall","quantile","0.2",102
"Opt Baseline","2026-08-15",-4,"2026-07-18","Overall","quantile","0.25",124
"Opt Baseline","2026-08-15",-4,"2026-07-18","Overall","quantile","0.3",147
"Opt Baseline","2026-08-15",-4,"2026-07-18","Overall","quantile","0.35",168
"Opt Baseline","2026-08-15",-4,"2026-07-18","Overall","quantile","0.4",186
"Opt Baseline","2026-08-15",-4,"2026-07-18","Overall","quantile","0.45",205
"Opt Baseline","2026-08-15",-4,"2026-07-18","Overall","quantile","0.5",228
"Opt Baseline","2026-08-15",-4,"2026-07-18","Overall","quantile","0.55",250
"Opt Baseline","2026-08-15",-4,"2026-07-18","Overall","quantile","0.6",272
"Opt Baseline","2026-08-15",-4,"2026-07-18","Overall","quantile","0.65",296
"Opt Baseline","2026-08-15",-4,"2026-07-18","Overall","quantile","0.7",326
"Opt Baseline","2026-08-15",-4,"2026-07-18","Overall","quantile","0.75",362
"Opt Baseline","2026-08-15",-4,"2026-07-18","Overall","quantile","0.8",398
"Opt Baseline","2026-08-15",-4,"2026-07-18","Overall","quantile","0.85",461
"Opt Baseline","2026-08-15",-4,"2026-07-18","Overall","quantile","0.9",540
"Opt Baseline","2026-08-15",-4,"2026-07-18","Overall","quantile","0.95",671
"Opt Baseline","2026-08-15",-4,"2026-07-18","Overall","quantile","0.975",798
"Opt Baseline","2026-08-15",-4,"2026-07-18","Overall","quantile","0.99",993
"Opt Baseline","2026-08-15",-3,"2026-07-25","Overall","quantile","0.01",0
"Opt Baseline","2026-08-15",-3,"2026-07-25","Overall","quantile","0.025",0
"Opt Baseline","2026-08-15",-3,"2026-07-25","Overall","quantile","0.05",8
"Opt Baseline","2026-08-15",-3,"2026-07-25","Overall","quantile","0.1",34
"Opt Baseline","2026-08-15",-3,"2026-07-25","Overall","quantile","0.15",63
"Opt Baseline","2026-08-15",-3,"2026-07-25","Overall","quantile","0.2",89
"Opt Baseline","2026-08-15",-3,"2026-07-25","Overall","quantile","0.25",115
"Opt Baseline","2026-08-15",-3,"2026-07-25","Overall","quantile","0.3",137
"Opt Baseline","2026-08-15",-3,"2026-07-25","Overall","quantile","0.35",159
"Opt Baseline","2026-08-15",-3,"2026-07-25","Overall","quantile","0.4",182
"Opt Baseline","2026-08-15",-3,"2026-07-25","Overall","quantile","0.45",206
"Opt Baseline","2026-08-15",-3,"2026-07-25","Overall","quantile","0.5",228
"Opt Baseline","2026-08-15",-3,"2026-07-25","Overall","quantile","0.55",253
"Opt Baseline","2026-08-15",-3,"2026-07-25","Overall","quantile","0.6",279
"Opt Baseline","2026-08-15",-3,"2026-07-25","Overall","quantile","0.65",307
"Opt Baseline","2026-08-15",-3,"2026-07-25","Overall","quantile","0.7",338
"Opt Baseline","2026-08-15",-3,"2026-07-25","Overall","quantile","0.75",378
"Opt Baseline","2026-08-15",-3,"2026-07-25","Overall","quantile","0.8",425
"Opt Baseline","2026-08-15",-3,"2026-07-25","Overall","quantile","0.85",483
"Opt Baseline","2026-08-15",-3,"2026-07-25","Overall","quantile","0.9",573
"Opt Baseline","2026-08-15",-3,"2026-07-25","Overall","quantile","0.95",718
"Opt Baseline","2026-08-15",-3,"2026-07-25","Overall","quantile","0.975",860
"Opt Baseline","2026-08-15",-3,"2026-07-25","Overall","quantile","0.99",1055
"Opt Baseline","2026-08-15",-2,"2026-08-01","Overall","quantile","0.01",0
"Opt Baseline","2026-08-15",-2,"2026-08-01","Overall","quantile","0.025",0
"Opt Baseline","2026-08-15",-2,"2026-08-01","Overall","quantile","0.05",3
"Opt Baseline","2026-08-15",-2,"2026-08-01","Overall","quantile","0.1",26
"Opt Baseline","2026-08-15",-2,"2026-08-01","Overall","quantile","0.15",51
"Opt Baseline","2026-08-15",-2,"2026-08-01","Overall","quantile","0.2",79
"Opt Baseline","2026-08-15",-2,"2026-08-01","Overall","quantile","0.25",105
"Opt Baseline","2026-08-15",-2,"2026-08-01","Overall","quantile","0.3",128
"Opt Baseline","2026-08-15",-2,"2026-08-01","Overall","quantile","0.35",153
"Opt Baseline","2026-08-15",-2,"2026-08-01","Overall","quantile","0.4",178
"Opt Baseline","2026-08-15",-2,"2026-08-01","Overall","quantile","0.45",201
"Opt Baseline","2026-08-15",-2,"2026-08-01","Overall","quantile","0.5",228
"Opt Baseline","2026-08-15",-2,"2026-08-01","Overall","quantile","0.55",256
"Opt Baseline","2026-08-15",-2,"2026-08-01","Overall","quantile","0.6",283
"Opt Baseline","2026-08-15",-2,"2026-08-01","Overall","quantile","0.65",317
"Opt Baseline","2026-08-15",-2,"2026-08-01","Overall","quantile","0.7",354
"Opt Baseline","2026-08-15",-2,"2026-08-01","Overall","quantile","0.75",394
"Opt Baseline","2026-08-15",-2,"2026-08-01","Overall","quantile","0.8",443
"Opt Baseline","2026-08-15",-2,"2026-08-01","Overall","quantile","0.85",515
"Opt Baseline","2026-08-15",-2,"2026-08-01","Overall","quantile","0.9",611
"Opt Baseline","2026-08-15",-2,"2026-08-01","Overall","quantile","0.95",770
"Opt Baseline","2026-08-15",-2,"2026-08-01","Overall","quantile","0.975",923
"Opt Baseline","2026-08-15",-2,"2026-08-01","Overall","quantile","0.99",1115
"Opt Baseline","2026-08-15",-1,"2026-08-08","Overall","quantile","0.01",0
"Opt Baseline","2026-08-15",-1,"2026-08-08","Overall","quantile","0.025",0
"Opt Baseline","2026-08-15",-1,"2026-08-08","Overall","quantile","0.05",1
"Opt Baseline","2026-08-15",-1,"2026-08-08","Overall","quantile","0.1",21
"Opt Baseline","2026-08-15",-1,"2026-08-08","Overall","quantile","0.15",45
"Opt Baseline","2026-08-15",-1,"2026-08-08","Overall","quantile","0.2",71
"Opt Baseline","2026-08-15",-1,"2026-08-08","Overall","quantile","0.25",96
"Opt Baseline","2026-08-15",-1,"2026-08-08","Overall","quantile","0.3",124
"Opt Baseline","2026-08-15",-1,"2026-08-08","Overall","quantile","0.35",150
"Opt Baseline","2026-08-15",-1,"2026-08-08","Overall","quantile","0.4",174
"Opt Baseline","2026-08-15",-1,"2026-08-08","Overall","quantile","0.45",203
"Opt Baseline","2026-08-15",-1,"2026-08-08","Overall","quantile","0.5",228
"Opt Baseline","2026-08-15",-1,"2026-08-08","Overall","quantile","0.55",256
"Opt Baseline","2026-08-15",-1,"2026-08-08","Overall","quantile","0.6",288
"Opt Baseline","2026-08-15",-1,"2026-08-08","Overall","quantile","0.65",322
"Opt Baseline","2026-08-15",-1,"2026-08-08","Overall","quantile","0.7",363
"Opt Baseline","2026-08-15",-1,"2026-08-08","Overall","quantile","0.75",411
"Opt Baseline","2026-08-15",-1,"2026-08-08","Overall","quantile","0.8",466
"Opt Baseline","2026-08-15",-1,"2026-08-08","Overall","quantile","0.85",538
"Opt Baseline","2026-08-15",-1,"2026-08-08","Overall","quantile","0.9",646
"Opt Baseline","2026-08-15",-1,"2026-08-08","Overall","quantile","0.95",815
"Opt Baseline","2026-08-15",-1,"2026-08-08","Overall","quantile","0.975",973
"Opt Baseline","2026-08-15",-1,"2026-08-08","Overall","quantile","0.99",1203
"Opt Baseline","2026-08-15",0,"2026-08-15","Overall","quantile","0.01",0
"Opt Baseline","2026-08-15",0,"2026-08-15","Overall","quantile","0.025",0
"Opt Baseline","2026-08-15",0,"2026-08-15","Overall","quantile","0.05",0
"Opt Baseline","2026-08-15",0,"2026-08-15","Overall","quantile","0.1",15
"Opt Baseline","2026-08-15",0,"2026-08-15","Overall","quantile","0.15",36
"Opt Baseline","2026-08-15",0,"2026-08-15","Overall","quantile","0.2",61
"Opt Baseline","2026-08-15",0,"2026-08-15","Overall","quantile","0.25",89
"Opt Baseline","2026-08-15",0,"2026-08-15","Overall","quantile","0.3",118
"Opt Baseline","2026-08-15",0,"2026-08-15","Overall","quantile","0.35",142
"Opt Baseline","2026-08-15",0,"2026-08-15","Overall","quantile","0.4",169
"Opt Baseline","2026-08-15",0,"2026-08-15","Overall","quantile","0.45",196
"Opt Baseline","2026-08-15",0,"2026-08-15","Overall","quantile","0.5",228
"Opt Baseline","2026-08-15",0,"2026-08-15","Overall","quantile","0.55",260
"Opt Baseline","2026-08-15",0,"2026-08-15","Overall","quantile","0.6",291
"Opt Baseline","2026-08-15",0,"2026-08-15","Overall","quantile","0.65",328
"Opt Baseline","2026-08-15",0,"2026-08-15","Overall","quantile","0.7",371
"Opt Baseline","2026-08-15",0,"2026-08-15","Overall","quantile","0.75",419
"Opt Baseline","2026-08-15",0,"2026-08-15","Overall","quantile","0.8",484
"Opt Baseline","2026-08-15",0,"2026-08-15","Overall","quantile","0.85",568
"Opt Baseline","2026-08-15",0,"2026-08-15","Overall","quantile","0.9",674
"Opt Baseline","2026-08-15",0,"2026-08-15","Overall","quantile","0.95",857
"Opt Baseline","2026-08-15",0,"2026-08-15","Overall","quantile","0.975",1042
"Opt Baseline","2026-08-15",0,"2026-08-15","Overall","quantile","0.99",1309
"Opt Baseline","2026-08-15",1,"2026-08-22","Overall","quantile","0.01",0
"Opt Baseline","2026-08-15",1,"2026-08-22","Overall","quantile","0.025",0
"Opt Baseline","2026-08-15",1,"2026-08-22","Overall","quantile","0.05",0
"Opt Baseline","2026-08-15",1,"2026-08-22","Overall","quantile","0.1",11
"Opt Baseline","2026-08-15",1,"2026-08-22","Overall","quantile","0.15",32
"Opt Baseline","2026-08-15",1,"2026-08-22","Overall","quantile","0.2",56
"Opt Baseline","2026-08-15",1,"2026-08-22","Overall","quantile","0.25",85
"Opt Baseline","2026-08-15",1,"2026-08-22","Overall","quantile","0.3",110
"Opt Baseline","2026-08-15",1,"2026-08-22","Overall","quantile","0.35",139
"Opt Baseline","2026-08-15",1,"2026-08-22","Overall","quantile","0.4",169
"Opt Baseline","2026-08-15",1,"2026-08-22","Overall","quantile","0.45",198
"Opt Baseline","2026-08-15",1,"2026-08-22","Overall","quantile","0.5",228
"Opt Baseline","2026-08-15",1,"2026-08-22","Overall","quantile","0.55",260
"Opt Baseline","2026-08-15",1,"2026-08-22","Overall","quantile","0.6",299
"Opt Baseline","2026-08-15",1,"2026-08-22","Overall","quantile","0.65",341
"Opt Baseline","2026-08-15",1,"2026-08-22","Overall","quantile","0.7",385
"Opt Baseline","2026-08-15",1,"2026-08-22","Overall","quantile","0.75",439
"Opt Baseline","2026-08-15",1,"2026-08-22","Overall","quantile","0.8",504
"Opt Baseline","2026-08-15",1,"2026-08-22","Overall","quantile","0.85",595
"Opt Baseline","2026-08-15",1,"2026-08-22","Overall","quantile","0.9",710
"Opt Baseline","2026-08-15",1,"2026-08-22","Overall","quantile","0.95",910
"Opt Baseline","2026-08-15",1,"2026-08-22","Overall","quantile","0.975",1116
"Opt Baseline","2026-08-15",1,"2026-08-22","Overall","quantile","0.99",1404
"Opt Baseline","2026-08-15",2,"2026-08-29","Overall","quantile","0.01",0
"Opt Baseline","2026-08-15",2,"2026-08-29","Overall","quantile","0.025",0
"Opt Baseline","2026-08-15",2,"2026-08-29","Overall","quantile","0.05",0
"Opt Baseline","2026-08-15",2,"2026-08-29","Overall","quantile","0.1",6
"Opt Baseline","2026-08-15",2,"2026-08-29","Overall","quantile","0.15",26
"Opt Baseline","2026-08-15",2,"2026-08-29","Overall","quantile","0.2",49
"Opt Baseline","2026-08-15",2,"2026-08-29","Overall","quantile","0.25",76
"Opt Baseline","2026-08-15",2,"2026-08-29","Overall","quantile","0.3",104
"Opt Baseline","2026-08-15",2,"2026-08-29","Overall","quantile","0.35",135
"Opt Baseline","2026-08-15",2,"2026-08-29","Overall","quantile","0.4",164
"Opt Baseline","2026-08-15",2,"2026-08-29","Overall","quantile","0.45",195
"Opt Baseline","2026-08-15",2,"2026-08-29","Overall","quantile","0.5",228
"Opt Baseline","2026-08-15",2,"2026-08-29","Overall","quantile","0.55",262
"Opt Baseline","2026-08-15",2,"2026-08-29","Overall","quantile","0.6",300
"Opt Baseline","2026-08-15",2,"2026-08-29","Overall","quantile","0.65",344
"Opt Baseline","2026-08-15",2,"2026-08-29","Overall","quantile","0.7",392
"Opt Baseline","2026-08-15",2,"2026-08-29","Overall","quantile","0.75",446
"Opt Baseline","2026-08-15",2,"2026-08-29","Overall","quantile","0.8",520
"Opt Baseline","2026-08-15",2,"2026-08-29","Overall","quantile","0.85",601
"Opt Baseline","2026-08-15",2,"2026-08-29","Overall","quantile","0.9",741
"Opt Baseline","2026-08-15",2,"2026-08-29","Overall","quantile","0.95",960
"Opt Baseline","2026-08-15",2,"2026-08-29","Overall","quantile","0.975",1193
"Opt Baseline","2026-08-15",2,"2026-08-29","Overall","quantile","0.99",1481
"Opt Baseline","2026-08-15",3,"2026-09-05","Overall","quantile","0.01",0
"Opt Baseline","2026-08-15",3,"2026-09-05","Overall","quantile","0.025",0
"Opt Baseline","2026-08-15",3,"2026-09-05","Overall","quantile","0.05",0
"Opt Baseline","2026-08-15",3,"2026-09-05","Overall","quantile","0.1",3
"Opt Baseline","2026-08-15",3,"2026-09-05","Overall","quantile","0.15",22
"Opt Baseline","2026-08-15",3,"2026-09-05","Overall","quantile","0.2",44
"Opt Baseline","2026-08-15",3,"2026-09-05","Overall","quantile","0.25",70
"Opt Baseline","2026-08-15",3,"2026-09-05","Overall","quantile","0.3",99
"Opt Baseline","2026-08-15",3,"2026-09-05","Overall","quantile","0.35",128
"Opt Baseline","2026-08-15",3,"2026-09-05","Overall","quantile","0.4",159
"Opt Baseline","2026-08-15",3,"2026-09-05","Overall","quantile","0.45",193
"Opt Baseline","2026-08-15",3,"2026-09-05","Overall","quantile","0.5",228
"Opt Baseline","2026-08-15",3,"2026-09-05","Overall","quantile","0.55",264
"Opt Baseline","2026-08-15",3,"2026-09-05","Overall","quantile","0.6",304
"Opt Baseline","2026-08-15",3,"2026-09-05","Overall","quantile","0.65",350
"Opt Baseline","2026-08-15",3,"2026-09-05","Overall","quantile","0.7",402
"Opt Baseline","2026-08-15",3,"2026-09-05","Overall","quantile","0.75",466
"Opt Baseline","2026-08-15",3,"2026-09-05","Overall","quantile","0.8",532
"Opt Baseline","2026-08-15",3,"2026-09-05","Overall","quantile","0.85",630
"Opt Baseline","2026-08-15",3,"2026-09-05","Overall","quantile","0.9",767
"Opt Baseline","2026-08-15",3,"2026-09-05","Overall","quantile","0.95",1014
"Opt Baseline","2026-08-15",3,"2026-09-05","Overall","quantile","0.975",1234
"Opt Baseline","2026-08-15",3,"2026-09-05","Overall","quantile","0.99",1560
"Opt Baseline","2026-08-15",-8,"2026-06-20","Pediatrics","quantile","0.01",16
"Opt Baseline","2026-08-15",-8,"2026-06-20","Pediatrics","quantile","0.025",30
"Opt Baseline","2026-08-15",-8,"2026-06-20","Pediatrics","quantile","0.05",61
"Opt Baseline","2026-08-15",-8,"2026-06-20","Pediatrics","quantile","0.1",90
"Opt Baseline","2026-08-15",-8,"2026-06-20","Pediatrics","quantile","0.15",96
"Opt Baseline","2026-08-15",-8,"2026-06-20","Pediatrics","quantile","0.2",106
"Opt Baseline","2026-08-15",-8,"2026-06-20","Pediatrics","quantile","0.25",108
"Opt Baseline","2026-08-15",-8,"2026-06-20","Pediatrics","quantile","0.3",110
"Opt Baseline","2026-08-15",-8,"2026-06-20","Pediatrics","quantile","0.35",112
"Opt Baseline","2026-08-15",-8,"2026-06-20","Pediatrics","quantile","0.4",115
"Opt Baseline","2026-08-15",-8,"2026-06-20","Pediatrics","quantile","0.45",115
"Opt Baseline","2026-08-15",-8,"2026-06-20","Pediatrics","quantile","0.5",126
"Opt Baseline","2026-08-15",-8,"2026-06-20","Pediatrics","quantile","0.55",137
"Opt Baseline","2026-08-15",-8,"2026-06-20","Pediatrics","quantile","0.6",138
"Opt Baseline","2026-08-15",-8,"2026-06-20","Pediatrics","quantile","0.65",140
"Opt Baseline","2026-08-15",-8,"2026-06-20","Pediatrics","quantile","0.7",143
"Opt Baseline","2026-08-15",-8,"2026-06-20","Pediatrics","quantile","0.75",146
"Opt Baseline","2026-08-15",-8,"2026-06-20","Pediatrics","quantile","0.8",148
"Opt Baseline","2026-08-15",-8,"2026-06-20","Pediatrics","quantile","0.85",159
"Opt Baseline","2026-08-15",-8,"2026-06-20","Pediatrics","quantile","0.9",167
"Opt Baseline","2026-08-15",-8,"2026-06-20","Pediatrics","quantile","0.95",215
"Opt Baseline","2026-08-15",-8,"2026-06-20","Pediatrics","quantile","0.975",288
"Opt Baseline","2026-08-15",-8,"2026-06-20","Pediatrics","quantile","0.99",338
"Opt Baseline","2026-08-15",-7,"2026-06-27","Pediatrics","quantile","0.01",8
"Opt Baseline","2026-08-15",-7,"2026-06-27","Pediatrics","quantile","0.025",17
"Opt Baseline","2026-08-15",-7,"2026-06-27","Pediatrics","quantile","0.05",30
"Opt Baseline","2026-08-15",-7,"2026-06-27","Pediatrics","quantile","0.1",63
"Opt Baseline","2026-08-15",-7,"2026-06-27","Pediatrics","quantile","0.15",79
"Opt Baseline","2026-08-15",-7,"2026-06-27","Pediatrics","quantile","0.2",90
"Opt Baseline","2026-08-15",-7,"2026-06-27","Pediatrics","quantile","0.25",97
"Opt Baseline","2026-08-15",-7,"2026-06-27","Pediatrics","quantile","0.3",102
"Opt Baseline","2026-08-15",-7,"2026-06-27","Pediatrics","quantile","0.35",108
"Opt Baseline","2026-08-15",-7,"2026-06-27","Pediatrics","quantile","0.4",117
"Opt Baseline","2026-08-15",-7,"2026-06-27","Pediatrics","quantile","0.45",122
"Opt Baseline","2026-08-15",-7,"2026-06-27","Pediatrics","quantile","0.5",126
"Opt Baseline","2026-08-15",-7,"2026-06-27","Pediatrics","quantile","0.55",129
"Opt Baseline","2026-08-15",-7,"2026-06-27","Pediatrics","quantile","0.6",135
"Opt Baseline","2026-08-15",-7,"2026-06-27","Pediatrics","quantile","0.65",145
"Opt Baseline","2026-08-15",-7,"2026-06-27","Pediatrics","quantile","0.7",153
"Opt Baseline","2026-08-15",-7,"2026-06-27","Pediatrics","quantile","0.75",159
"Opt Baseline","2026-08-15",-7,"2026-06-27","Pediatrics","quantile","0.8",171
"Opt Baseline","2026-08-15",-7,"2026-06-27","Pediatrics","quantile","0.85",184
"Opt Baseline","2026-08-15",-7,"2026-06-27","Pediatrics","quantile","0.9",210
"Opt Baseline","2026-08-15",-7,"2026-06-27","Pediatrics","quantile","0.95",285
"Opt Baseline","2026-08-15",-7,"2026-06-27","Pediatrics","quantile","0.975",335
"Opt Baseline","2026-08-15",-7,"2026-06-27","Pediatrics","quantile","0.99",381
"Opt Baseline","2026-08-15",-6,"2026-07-04","Pediatrics","quantile","0.01",1
"Opt Baseline","2026-08-15",-6,"2026-07-04","Pediatrics","quantile","0.025",10
"Opt Baseline","2026-08-15",-6,"2026-07-04","Pediatrics","quantile","0.05",22
"Opt Baseline","2026-08-15",-6,"2026-07-04","Pediatrics","quantile","0.1",45
"Opt Baseline","2026-08-15",-6,"2026-07-04","Pediatrics","quantile","0.15",65
"Opt Baseline","2026-08-15",-6,"2026-07-04","Pediatrics","quantile","0.2",78
"Opt Baseline","2026-08-15",-6,"2026-07-04","Pediatrics","quantile","0.25",87
"Opt Baseline","2026-08-15",-6,"2026-07-04","Pediatrics","quantile","0.3",95
"Opt Baseline","2026-08-15",-6,"2026-07-04","Pediatrics","quantile","0.35",104
"Opt Baseline","2026-08-15",-6,"2026-07-04","Pediatrics","quantile","0.4",111
"Opt Baseline","2026-08-15",-6,"2026-07-04","Pediatrics","quantile","0.45",118
"Opt Baseline","2026-08-15",-6,"2026-07-04","Pediatrics","quantile","0.5",126
"Opt Baseline","2026-08-15",-6,"2026-07-04","Pediatrics","quantile","0.55",135
"Opt Baseline","2026-08-15",-6,"2026-07-04","Pediatrics","quantile","0.6",142
"Opt Baseline","2026-08-15",-6,"2026-07-04","Pediatrics","quantile","0.65",151
"Opt Baseline","2026-08-15",-6,"2026-07-04","Pediatrics","quantile","0.7",162
"Opt Baseline","2026-08-15",-6,"2026-07-04","Pediatrics","quantile","0.75",173
"Opt Baseline","2026-08-15",-6,"2026-07-04","Pediatrics","quantile","0.8",188
"Opt Baseline","2026-08-15",-6,"2026-07-04","Pediatrics","quantile","0.85",209
"Opt Baseline","2026-08-15",-6,"2026-07-04","Pediatrics","quantile","0.9",251
"Opt Baseline","2026-08-15",-6,"2026-07-04","Pediatrics","quantile","0.95",318
"Opt Baseline","2026-08-15",-6,"2026-07-04","Pediatrics","quantile","0.975",368
"Opt Baseline","2026-08-15",-6,"2026-07-04","Pediatrics","quantile","0.99",426
"Opt Baseline","2026-08-15",-5,"2026-07-11","Pediatrics","quantile","0.01",0
"Opt Baseline","2026-08-15",-5,"2026-07-11","Pediatrics","quantile","0.025",4
"Opt Baseline","2026-08-15",-5,"2026-07-11","Pediatrics","quantile","0.05",14
"Opt Baseline","2026-08-15",-5,"2026-07-11","Pediatrics","quantile","0.1",34
"Opt Baseline","2026-08-15",-5,"2026-07-11","Pediatrics","quantile","0.15",53
"Opt Baseline","2026-08-15",-5,"2026-07-11","Pediatrics","quantile","0.2",67
"Opt Baseline","2026-08-15",-5,"2026-07-11","Pediatrics","quantile","0.25",79
"Opt Baseline","2026-08-15",-5,"2026-07-11","Pediatrics","quantile","0.3",89
"Opt Baseline","2026-08-15",-5,"2026-07-11","Pediatrics","quantile","0.35",99
"Opt Baseline","2026-08-15",-5,"2026-07-11","Pediatrics","quantile","0.4",108
"Opt Baseline","2026-08-15",-5,"2026-07-11","Pediatrics","quantile","0.45",117
"Opt Baseline","2026-08-15",-5,"2026-07-11","Pediatrics","quantile","0.5",126
"Opt Baseline","2026-08-15",-5,"2026-07-11","Pediatrics","quantile","0.55",135
"Opt Baseline","2026-08-15",-5,"2026-07-11","Pediatrics","quantile","0.6",147
"Opt Baseline","2026-08-15",-5,"2026-07-11","Pediatrics","quantile","0.65",157
"Opt Baseline","2026-08-15",-5,"2026-07-11","Pediatrics","quantile","0.7",171
"Opt Baseline","2026-08-15",-5,"2026-07-11","Pediatrics","quantile","0.75",188
"Opt Baseline","2026-08-15",-5,"2026-07-11","Pediatrics","quantile","0.8",208
"Opt Baseline","2026-08-15",-5,"2026-07-11","Pediatrics","quantile","0.85",236
"Opt Baseline","2026-08-15",-5,"2026-07-11","Pediatrics","quantile","0.9",280
"Opt Baseline","2026-08-15",-5,"2026-07-11","Pediatrics","quantile","0.95",345
"Opt Baseline","2026-08-15",-5,"2026-07-11","Pediatrics","quantile","0.975",401
"Opt Baseline","2026-08-15",-5,"2026-07-11","Pediatrics","quantile","0.99",485
"Opt Baseline","2026-08-15",-4,"2026-07-18","Pediatrics","quantile","0.01",0
"Opt Baseline","2026-08-15",-4,"2026-07-18","Pediatrics","quantile","0.025",1
"Opt Baseline","2026-08-15",-4,"2026-07-18","Pediatrics","quantile","0.05",9
"Opt Baseline","2026-08-15",-4,"2026-07-18","Pediatrics","quantile","0.1",27
"Opt Baseline","2026-08-15",-4,"2026-07-18","Pediatrics","quantile","0.15",43
"Opt Baseline","2026-08-15",-4,"2026-07-18","Pediatrics","quantile","0.2",59
"Opt Baseline","2026-08-15",-4,"2026-07-18","Pediatrics","quantile","0.25",71
"Opt Baseline","2026-08-15",-4,"2026-07-18","Pediatrics","quantile","0.3",83
"Opt Baseline","2026-08-15",-4,"2026-07-18","Pediatrics","quantile","0.35",94
"Opt Baseline","2026-08-15",-4,"2026-07-18","Pediatrics","quantile","0.4",105
"Opt Baseline","2026-08-15",-4,"2026-07-18","Pediatrics","quantile","0.45",115
"Opt Baseline","2026-08-15",-4,"2026-07-18","Pediatrics","quantile","0.5",126
"Opt Baseline","2026-08-15",-4,"2026-07-18","Pediatrics","quantile","0.55",138
"Opt Baseline","2026-08-15",-4,"2026-07-18","Pediatrics","quantile","0.6",149
"Opt Baseline","2026-08-15",-4,"2026-07-18","Pediatrics","quantile","0.65",163
"Opt Baseline","2026-08-15",-4,"2026-07-18","Pediatrics","quantile","0.7",178
"Opt Baseline","2026-08-15",-4,"2026-07-18","Pediatrics","quantile","0.75",197
"Opt Baseline","2026-08-15",-4,"2026-07-18","Pediatrics","quantile","0.8",220
"Opt Baseline","2026-08-15",-4,"2026-07-18","Pediatrics","quantile","0.85",252
"Opt Baseline","2026-08-15",-4,"2026-07-18","Pediatrics","quantile","0.9",300
"Opt Baseline","2026-08-15",-4,"2026-07-18","Pediatrics","quantile","0.95",374
"Opt Baseline","2026-08-15",-4,"2026-07-18","Pediatrics","quantile","0.975",438
"Opt Baseline","2026-08-15",-4,"2026-07-18","Pediatrics","quantile","0.99",542
"Opt Baseline","2026-08-15",-3,"2026-07-25","Pediatrics","quantile","0.01",0
"Opt Baseline","2026-08-15",-3,"2026-07-25","Pediatrics","quantile","0.025",0
"Opt Baseline","2026-08-15",-3,"2026-07-25","Pediatrics","quantile","0.05",5
"Opt Baseline","2026-08-15",-3,"2026-07-25","Pediatrics","quantile","0.1",20
"Opt Baseline","2026-08-15",-3,"2026-07-25","Pediatrics","quantile","0.15",36
"Opt Baseline","2026-08-15",-3,"2026-07-25","Pediatrics","quantile","0.2",51
"Opt Baseline","2026-08-15",-3,"2026-07-25","Pediatrics","quantile","0.25",65
"Opt Baseline","2026-08-15",-3,"2026-07-25","Pediatrics","quantile","0.3",78
"Opt Baseline","2026-08-15",-3,"2026-07-25","Pediatrics","quantile","0.35",90
"Opt Baseline","2026-08-15",-3,"2026-07-25","Pediatrics","quantile","0.4",102
"Opt Baseline","2026-08-15",-3,"2026-07-25","Pediatrics","quantile","0.45",114
"Opt Baseline","2026-08-15",-3,"2026-07-25","Pediatrics","quantile","0.5",126
"Opt Baseline","2026-08-15",-3,"2026-07-25","Pediatrics","quantile","0.55",139
"Opt Baseline","2026-08-15",-3,"2026-07-25","Pediatrics","quantile","0.6",153
"Opt Baseline","2026-08-15",-3,"2026-07-25","Pediatrics","quantile","0.65",168
"Opt Baseline","2026-08-15",-3,"2026-07-25","Pediatrics","quantile","0.7",187
"Opt Baseline","2026-08-15",-3,"2026-07-25","Pediatrics","quantile","0.75",208
"Opt Baseline","2026-08-15",-3,"2026-07-25","Pediatrics","quantile","0.8",234
"Opt Baseline","2026-08-15",-3,"2026-07-25","Pediatrics","quantile","0.85",269
"Opt Baseline","2026-08-15",-3,"2026-07-25","Pediatrics","quantile","0.9",319
"Opt Baseline","2026-08-15",-3,"2026-07-25","Pediatrics","quantile","0.95",399
"Opt Baseline","2026-08-15",-3,"2026-07-25","Pediatrics","quantile","0.975",480
"Opt Baseline","2026-08-15",-3,"2026-07-25","Pediatrics","quantile","0.99",591
"Opt Baseline","2026-08-15",-2,"2026-08-01","Pediatrics","quantile","0.01",0
"Opt Baseline","2026-08-15",-2,"2026-08-01","Pediatrics","quantile","0.025",0
"Opt Baseline","2026-08-15",-2,"2026-08-01","Pediatrics","quantile","0.05",3
"Opt Baseline","2026-08-15",-2,"2026-08-01","Pediatrics","quantile","0.1",16
"Opt Baseline","2026-08-15",-2,"2026-08-01","Pediatrics","quantile","0.15",31
"Opt Baseline","2026-08-15",-2,"2026-08-01","Pediatrics","quantile","0.2",45
"Opt Baseline","2026-08-15",-2,"2026-08-01","Pediatrics","quantile","0.25",59
"Opt Baseline","2026-08-15",-2,"2026-08-01","Pediatrics","quantile","0.3",72
"Opt Baseline","2026-08-15",-2,"2026-08-01","Pediatrics","quantile","0.35",87
"Opt Baseline","2026-08-15",-2,"2026-08-01","Pediatrics","quantile","0.4",99
"Opt Baseline","2026-08-15",-2,"2026-08-01","Pediatrics","quantile","0.45",112
"Opt Baseline","2026-08-15",-2,"2026-08-01","Pediatrics","quantile","0.5",126
"Opt Baseline","2026-08-15",-2,"2026-08-01","Pediatrics","quantile","0.55",140
"Opt Baseline","2026-08-15",-2,"2026-08-01","Pediatrics","quantile","0.6",155
"Opt Baseline","2026-08-15",-2,"2026-08-01","Pediatrics","quantile","0.65",173
"Opt Baseline","2026-08-15",-2,"2026-08-01","Pediatrics","quantile","0.7",192
"Opt Baseline","2026-08-15",-2,"2026-08-01","Pediatrics","quantile","0.75",216
"Opt Baseline","2026-08-15",-2,"2026-08-01","Pediatrics","quantile","0.8",246
"Opt Baseline","2026-08-15",-2,"2026-08-01","Pediatrics","quantile","0.85",285
"Opt Baseline","2026-08-15",-2,"2026-08-01","Pediatrics","quantile","0.9",337
"Opt Baseline","2026-08-15",-2,"2026-08-01","Pediatrics","quantile","0.95",429
"Opt Baseline","2026-08-15",-2,"2026-08-01","Pediatrics","quantile","0.975",517
"Opt Baseline","2026-08-15",-2,"2026-08-01","Pediatrics","quantile","0.99",644
"Opt Baseline","2026-08-15",-1,"2026-08-08","Pediatrics","quantile","0.01",0
"Opt Baseline","2026-08-15",-1,"2026-08-08","Pediatrics","quantile","0.025",0
"Opt Baseline","2026-08-15",-1,"2026-08-08","Pediatrics","quantile","0.05",1
"Opt Baseline","2026-08-15",-1,"2026-08-08","Pediatrics","quantile","0.1",12
"Opt Baseline","2026-08-15",-1,"2026-08-08","Pediatrics","quantile","0.15",26
"Opt Baseline","2026-08-15",-1,"2026-08-08","Pediatrics","quantile","0.2",41
"Opt Baseline","2026-08-15",-1,"2026-08-08","Pediatrics","quantile","0.25",55
"Opt Baseline","2026-08-15",-1,"2026-08-08","Pediatrics","quantile","0.3",70
"Opt Baseline","2026-08-15",-1,"2026-08-08","Pediatrics","quantile","0.35",84
"Opt Baseline","2026-08-15",-1,"2026-08-08","Pediatrics","quantile","0.4",99
"Opt Baseline","2026-08-15",-1,"2026-08-08","Pediatrics","quantile","0.45",112
"Opt Baseline","2026-08-15",-1,"2026-08-08","Pediatrics","quantile","0.5",126
"Opt Baseline","2026-08-15",-1,"2026-08-08","Pediatrics","quantile","0.55",141
"Opt Baseline","2026-08-15",-1,"2026-08-08","Pediatrics","quantile","0.6",158
"Opt Baseline","2026-08-15",-1,"2026-08-08","Pediatrics","quantile","0.65",176
"Opt Baseline","2026-08-15",-1,"2026-08-08","Pediatrics","quantile","0.7",197
"Opt Baseline","2026-08-15",-1,"2026-08-08","Pediatrics","quantile","0.75",223
"Opt Baseline","2026-08-15",-1,"2026-08-08","Pediatrics","quantile","0.8",255
"Opt Baseline","2026-08-15",-1,"2026-08-08","Pediatrics","quantile","0.85",299
"Opt Baseline","2026-08-15",-1,"2026-08-08","Pediatrics","quantile","0.9",356
"Opt Baseline","2026-08-15",-1,"2026-08-08","Pediatrics","quantile","0.95",455
"Opt Baseline","2026-08-15",-1,"2026-08-08","Pediatrics","quantile","0.975",549
"Opt Baseline","2026-08-15",-1,"2026-08-08","Pediatrics","quantile","0.99",677
"Opt Baseline","2026-08-15",0,"2026-08-15","Pediatrics","quantile","0.01",0
"Opt Baseline","2026-08-15",0,"2026-08-15","Pediatrics","quantile","0.025",0
"Opt Baseline","2026-08-15",0,"2026-08-15","Pediatrics","quantile","0.05",0
"Opt Baseline","2026-08-15",0,"2026-08-15","Pediatrics","quantile","0.1",9
"Opt Baseline","2026-08-15",0,"2026-08-15","Pediatrics","quantile","0.15",22
"Opt Baseline","2026-08-15",0,"2026-08-15","Pediatrics","quantile","0.2",36
"Opt Baseline","2026-08-15",0,"2026-08-15","Pediatrics","quantile","0.25",51
"Opt Baseline","2026-08-15",0,"2026-08-15","Pediatrics","quantile","0.3",65
"Opt Baseline","2026-08-15",0,"2026-08-15","Pediatrics","quantile","0.35",82
"Opt Baseline","2026-08-15",0,"2026-08-15","Pediatrics","quantile","0.4",95
"Opt Baseline","2026-08-15",0,"2026-08-15","Pediatrics","quantile","0.45",110
"Opt Baseline","2026-08-15",0,"2026-08-15","Pediatrics","quantile","0.5",126
"Opt Baseline","2026-08-15",0,"2026-08-15","Pediatrics","quantile","0.55",142
"Opt Baseline","2026-08-15",0,"2026-08-15","Pediatrics","quantile","0.6",160
"Opt Baseline","2026-08-15",0,"2026-08-15","Pediatrics","quantile","0.65",181
"Opt Baseline","2026-08-15",0,"2026-08-15","Pediatrics","quantile","0.7",203
"Opt Baseline","2026-08-15",0,"2026-08-15","Pediatrics","quantile","0.75",234
"Opt Baseline","2026-08-15",0,"2026-08-15","Pediatrics","quantile","0.8",265
"Opt Baseline","2026-08-15",0,"2026-08-15","Pediatrics","quantile","0.85",309
"Opt Baseline","2026-08-15",0,"2026-08-15","Pediatrics","quantile","0.9",374
"Opt Baseline","2026-08-15",0,"2026-08-15","Pediatrics","quantile","0.95",475
"Opt Baseline","2026-08-15",0,"2026-08-15","Pediatrics","quantile","0.975",584
"Opt Baseline","2026-08-15",0,"2026-08-15","Pediatrics","quantile","0.99",728
"Opt Baseline","2026-08-15",1,"2026-08-22","Pediatrics","quantile","0.01",0
"Opt Baseline","2026-08-15",1,"2026-08-22","Pediatrics","quantile","0.025",0
"Opt Baseline","2026-08-15",1,"2026-08-22","Pediatrics","quantile","0.05",0
"Opt Baseline","2026-08-15",1,"2026-08-22","Pediatrics","quantile","0.1",8
"Opt Baseline","2026-08-15",1,"2026-08-22","Pediatrics","quantile","0.15",20
"Opt Baseline","2026-08-15",1,"2026-08-22","Pediatrics","quantile","0.2",33
"Opt Baseline","2026-08-15",1,"2026-08-22","Pediatrics","quantile","0.25",48
"Opt Baseline","2026-08-15",1,"2026-08-22","Pediatrics","quantile","0.3",63
"Opt Baseline","2026-08-15",1,"2026-08-22","Pediatrics","quantile","0.35",79
"Opt Baseline","2026-08-15",1,"2026-08-22","Pediatrics","quantile","0.4",94
"Opt Baseline","2026-08-15",1,"2026-08-22","Pediatrics","quantile","0.45",110
"Opt Baseline","2026-08-15",1,"2026-08-22","Pediatrics","quantile","0.5",126
"Opt Baseline","2026-08-15",1,"2026-08-22","Pediatrics","quantile","0.55",144
"Opt Baseline","2026-08-15",1,"2026-08-22","Pediatrics","quantile","0.6",166
"Opt Baseline","2026-08-15",1,"2026-08-22","Pediatrics","quantile","0.65",188
"Opt Baseline","2026-08-15",1,"2026-08-22","Pediatrics","quantile","0.7",212
"Opt Baseline","2026-08-15",1,"2026-08-22","Pediatrics","quantile","0.75",241
"Opt Baseline","2026-08-15",1,"2026-08-22","Pediatrics","quantile","0.8",278
"Opt Baseline","2026-08-15",1,"2026-08-22","Pediatrics","quantile","0.85",325
"Opt Baseline","2026-08-15",1,"2026-08-22","Pediatrics","quantile","0.9",392
"Opt Baseline","2026-08-15",1,"2026-08-22","Pediatrics","quantile","0.95",503
"Opt Baseline","2026-08-15",1,"2026-08-22","Pediatrics","quantile","0.975",606
"Opt Baseline","2026-08-15",1,"2026-08-22","Pediatrics","quantile","0.99",752
"Opt Baseline","2026-08-15",2,"2026-08-29","Pediatrics","quantile","0.01",0
"Opt Baseline","2026-08-15",2,"2026-08-29","Pediatrics","quantile","0.025",0
"Opt Baseline","2026-08-15",2,"2026-08-29","Pediatrics","quantile","0.05",0
"Opt Baseline","2026-08-15",2,"2026-08-29","Pediatrics","quantile","0.1",5
"Opt Baseline","2026-08-15",2,"2026-08-29","Pediatrics","quantile","0.15",17
"Opt Baseline","2026-08-15",2,"2026-08-29","Pediatrics","quantile","0.2",31
"Opt Baseline","2026-08-15",2,"2026-08-29","Pediatrics","quantile","0.25",45
"Opt Baseline","2026-08-15",2,"2026-08-29","Pediatrics","quantile","0.3",59
"Opt Baseline","2026-08-15",2,"2026-08-29","Pediatrics","quantile","0.35",75
"Opt Baseline","2026-08-15",2,"2026-08-29","Pediatrics","quantile","0.4",91
"Opt Baseline","2026-08-15",2,"2026-08-29","Pediatrics","quantile","0.45",108
"Opt Baseline","2026-08-15",2,"2026-08-29","Pediatrics","quantile","0.5",126
"Opt Baseline","2026-08-15",2,"2026-08-29","Pediatrics","quantile","0.55",146
"Opt Baseline","2026-08-15",2,"2026-08-29","Pediatrics","quantile","0.6",167
"Opt Baseline","2026-08-15",2,"2026-08-29","Pediatrics","quantile","0.65",191
"Opt Baseline","2026-08-15",2,"2026-08-29","Pediatrics","quantile","0.7",218
"Opt Baseline","2026-08-15",2,"2026-08-29","Pediatrics","quantile","0.75",251
"Opt Baseline","2026-08-15",2,"2026-08-29","Pediatrics","quantile","0.8",291
"Opt Baseline","2026-08-15",2,"2026-08-29","Pediatrics","quantile","0.85",341
"Opt Baseline","2026-08-15",2,"2026-08-29","Pediatrics","quantile","0.9",411
"Opt Baseline","2026-08-15",2,"2026-08-29","Pediatrics","quantile","0.95",529
"Opt Baseline","2026-08-15",2,"2026-08-29","Pediatrics","quantile","0.975",634
"Opt Baseline","2026-08-15",2,"2026-08-29","Pediatrics","quantile","0.99",792
"Opt Baseline","2026-08-15",3,"2026-09-05","Pediatrics","quantile","0.01",0
"Opt Baseline","2026-08-15",3,"2026-09-05","Pediatrics","quantile","0.025",0
"Opt Baseline","2026-08-15",3,"2026-09-05","Pediatrics","quantile","0.05",0
"Opt Baseline","2026-08-15",3,"2026-09-05","Pediatrics","quantile","0.1",3
"Opt Baseline","2026-08-15",3,"2026-09-05","Pediatrics","quantile","0.15",14
"Opt Baseline","2026-08-15",3,"2026-09-05","Pediatrics","quantile","0.2",27
"Opt Baseline","2026-08-15",3,"2026-09-05","Pediatrics","quantile","0.25",42
"Opt Baseline","2026-08-15",3,"2026-09-05","Pediatrics","quantile","0.3",57
"Opt Baseline","2026-08-15",3,"2026-09-05","Pediatrics","quantile","0.35",74
"Opt Baseline","2026-08-15",3,"2026-09-05","Pediatrics","quantile","0.4",89
"Opt Baseline","2026-08-15",3,"2026-09-05","Pediatrics","quantile","0.45",107
"Opt Baseline","2026-08-15",3,"2026-09-05","Pediatrics","quantile","0.5",126
"Opt Baseline","2026-08-15",3,"2026-09-05","Pediatrics","quantile","0.55",148
"Opt Baseline","2026-08-15",3,"2026-09-05","Pediatrics","quantile","0.6",170
"Opt Baseline","2026-08-15",3,"2026-09-05","Pediatrics","quantile","0.65",196
"Opt Baseline","2026-08-15",3,"2026-09-05","Pediatrics","quantile","0.7",223
"Opt Baseline","2026-08-15",3,"2026-09-05","Pediatrics","quantile","0.75",258
"Opt Baseline","2026-08-15",3,"2026-09-05","Pediatrics","quantile","0.8",302
"Opt Baseline","2026-08-15",3,"2026-09-05","Pediatrics","quantile","0.85",357
"Opt Baseline","2026-08-15",3,"2026-09-05","Pediatrics","quantile","0.9",427
"Opt Baseline","2026-08-15",3,"2026-09-05","Pediatrics","quantile","0.95",553
"Opt Baseline","2026-08-15",3,"2026-09-05","Pediatrics","quantile","0.975",686
"Opt Baseline","2026-08-15",3,"2026-09-05","Pediatrics","quantile","0.99",831
"INFLAenza","2026-08-15",-8,"2026-06-20","Adults","quantile","0.01",75
"INFLAenza","2026-08-15",-8,"2026-06-20","Adults","quantile","0.025",83
"INFLAenza","2026-08-15",-8,"2026-06-20","Adults","quantile","0.05",89
"INFLAenza","2026-08-15",-8,"2026-06-20","Adults","quantile","0.1",96
"INFLAenza","2026-08-15",-8,"2026-06-20","Adults","quantile","0.15",102
"INFLAenza","2026-08-15",-8,"2026-06-20","Adults","quantile","0.2",106
"INFLAenza","2026-08-15",-8,"2026-06-20","Adults","quantile","0.25",110
"INFLAenza","2026-08-15",-8,"2026-06-20","Adults","quantile","0.3",114
"INFLAenza","2026-08-15",-8,"2026-06-20","Adults","quantile","0.35",117
"INFLAenza","2026-08-15",-8,"2026-06-20","Adults","quantile","0.4",120
"INFLAenza","2026-08-15",-8,"2026-06-20","Adults","quantile","0.45",123
"INFLAenza","2026-08-15",-8,"2026-06-20","Adults","quantile","0.5",126
"INFLAenza","2026-08-15",-8,"2026-06-20","Adults","quantile","0.55",129
"INFLAenza","2026-08-15",-8,"2026-06-20","Adults","quantile","0.6",133
"INFLAenza","2026-08-15",-8,"2026-06-20","Adults","quantile","0.65",136
"INFLAenza","2026-08-15",-8,"2026-06-20","Adults","quantile","0.7",140
"INFLAenza","2026-08-15",-8,"2026-06-20","Adults","quantile","0.75",145
"INFLAenza","2026-08-15",-8,"2026-06-20","Adults","quantile","0.8",150
"INFLAenza","2026-08-15",-8,"2026-06-20","Adults","quantile","0.85",156
"INFLAenza","2026-08-15",-8,"2026-06-20","Adults","quantile","0.9",163
"INFLAenza","2026-08-15",-8,"2026-06-20","Adults","quantile","0.95",175
"INFLAenza","2026-08-15",-8,"2026-06-20","Adults","quantile","0.975",186
"INFLAenza","2026-08-15",-8,"2026-06-20","Adults","quantile","0.99",202
"INFLAenza","2026-08-15",-8,"2026-06-20","Overall","quantile","0.01",185
"INFLAenza","2026-08-15",-8,"2026-06-20","Overall","quantile","0.025",197
"INFLAenza","2026-08-15",-8,"2026-06-20","Overall","quantile","0.05",211
"INFLAenza","2026-08-15",-8,"2026-06-20","Overall","quantile","0.1",225
"INFLAenza","2026-08-15",-8,"2026-06-20","Overall","quantile","0.15",235
"INFLAenza","2026-08-15",-8,"2026-06-20","Overall","quantile","0.2",243
"INFLAenza","2026-08-15",-8,"2026-06-20","Overall","quantile","0.25",250
"INFLAenza","2026-08-15",-8,"2026-06-20","Overall","quantile","0.3",256
"INFLAenza","2026-08-15",-8,"2026-06-20","Overall","quantile","0.35",263
"INFLAenza","2026-08-15",-8,"2026-06-20","Overall","quantile","0.4",269
"INFLAenza","2026-08-15",-8,"2026-06-20","Overall","quantile","0.45",274
"INFLAenza","2026-08-15",-8,"2026-06-20","Overall","quantile","0.5",280
"INFLAenza","2026-08-15",-8,"2026-06-20","Overall","quantile","0.55",286
"INFLAenza","2026-08-15",-8,"2026-06-20","Overall","quantile","0.6",292
"INFLAenza","2026-08-15",-8,"2026-06-20","Overall","quantile","0.65",298
"INFLAenza","2026-08-15",-8,"2026-06-20","Overall","quantile","0.7",305
"INFLAenza","2026-08-15",-8,"2026-06-20","Overall","quantile","0.75",313
"INFLAenza","2026-08-15",-8,"2026-06-20","Overall","quantile","0.8",321
"INFLAenza","2026-08-15",-8,"2026-06-20","Overall","quantile","0.85",331
"INFLAenza","2026-08-15",-8,"2026-06-20","Overall","quantile","0.9",345
"INFLAenza","2026-08-15",-8,"2026-06-20","Overall","quantile","0.95",364
"INFLAenza","2026-08-15",-8,"2026-06-20","Overall","quantile","0.975",383
"INFLAenza","2026-08-15",-8,"2026-06-20","Overall","quantile","0.99",406
"INFLAenza","2026-08-15",-8,"2026-06-20","Pediatrics","quantile","0.01",93
"INFLAenza","2026-08-15",-8,"2026-06-20","Pediatrics","quantile","0.025",101
"INFLAenza","2026-08-15",-8,"2026-06-20","Pediatrics","quantile","0.05",108
"INFLAenza","2026-08-15",-8,"2026-06-20","Pediatrics","quantile","0.1",117
"INFLAenza","2026-08-15",-8,"2026-06-20","Pediatrics","quantile","0.15",123
"INFLAenza","2026-08-15",-8,"2026-06-20","Pediatrics","quantile","0.2",129
"INFLAenza","2026-08-15",-8,"2026-06-20","Pediatrics","quantile","0.25",133
"INFLAenza","2026-08-15",-8,"2026-06-20","Pediatrics","quantile","0.3",137
"INFLAenza","2026-08-15",-8,"2026-06-20","Pediatrics","quantile","0.35",140
"INFLAenza","2026-08-15",-8,"2026-06-20","Pediatrics","quantile","0.4",144
"INFLAenza","2026-08-15",-8,"2026-06-20","Pediatrics","quantile","0.45",148
"INFLAenza","2026-08-15",-8,"2026-06-20","Pediatrics","quantile","0.5",152
"INFLAenza","2026-08-15",-8,"2026-06-20","Pediatrics","quantile","0.55",156
"INFLAenza","2026-08-15",-8,"2026-06-20","Pediatrics","quantile","0.6",160
"INFLAenza","2026-08-15",-8,"2026-06-20","Pediatrics","quantile","0.65",164
"INFLAenza","2026-08-15",-8,"2026-06-20","Pediatrics","quantile","0.7",169
"INFLAenza","2026-08-15",-8,"2026-06-20","Pediatrics","quantile","0.75",174
"INFLAenza","2026-08-15",-8,"2026-06-20","Pediatrics","quantile","0.8",180
"INFLAenza","2026-08-15",-8,"2026-06-20","Pediatrics","quantile","0.85",187
"INFLAenza","2026-08-15",-8,"2026-06-20","Pediatrics","quantile","0.9",196
"INFLAenza","2026-08-15",-8,"2026-06-20","Pediatrics","quantile","0.95",211
"INFLAenza","2026-08-15",-8,"2026-06-20","Pediatrics","quantile","0.975",223
"INFLAenza","2026-08-15",-8,"2026-06-20","Pediatrics","quantile","0.99",237
"INFLAenza","2026-08-15",-7,"2026-06-27","Adults","quantile","0.01",67
"INFLAenza","2026-08-15",-7,"2026-06-27","Adults","quantile","0.025",74
"INFLAenza","2026-08-15",-7,"2026-06-27","Adults","quantile","0.05",82
"INFLAenza","2026-08-15",-7,"2026-06-27","Adults","quantile","0.1",89
"INFLAenza","2026-08-15",-7,"2026-06-27","Adults","quantile","0.15",96
"INFLAenza","2026-08-15",-7,"2026-06-27","Adults","quantile","0.2",101
"INFLAenza","2026-08-15",-7,"2026-06-27","Adults","quantile","0.25",106
"INFLAenza","2026-08-15",-7,"2026-06-27","Adults","quantile","0.3",110
"INFLAenza","2026-08-15",-7,"2026-06-27","Adults","quantile","0.35",114
"INFLAenza","2026-08-15",-7,"2026-06-27","Adults","quantile","0.4",118
"INFLAenza","2026-08-15",-7,"2026-06-27","Adults","quantile","0.45",122
"INFLAenza","2026-08-15",-7,"2026-06-27","Adults","quantile","0.5",126
"INFLAenza","2026-08-15",-7,"2026-06-27","Adults","quantile","0.55",130
"INFLAenza","2026-08-15",-7,"2026-06-27","Adults","quantile","0.6",135
"INFLAenza","2026-08-15",-7,"2026-06-27","Adults","quantile","0.65",140
"INFLAenza","2026-08-15",-7,"2026-06-27","Adults","quantile","0.7",145
"INFLAenza","2026-08-15",-7,"2026-06-27","Adults","quantile","0.75",151
"INFLAenza","2026-08-15",-7,"2026-06-27","Adults","quantile","0.8",157
"INFLAenza","2026-08-15",-7,"2026-06-27","Adults","quantile","0.85",166
"INFLAenza","2026-08-15",-7,"2026-06-27","Adults","quantile","0.9",176
"INFLAenza","2026-08-15",-7,"2026-06-27","Adults","quantile","0.95",192
"INFLAenza","2026-08-15",-7,"2026-06-27","Adults","quantile","0.975",209
"INFLAenza","2026-08-15",-7,"2026-06-27","Adults","quantile","0.99",228
"INFLAenza","2026-08-15",-7,"2026-06-27","Overall","quantile","0.01",167
"INFLAenza","2026-08-15",-7,"2026-06-27","Overall","quantile","0.025",182
"INFLAenza","2026-08-15",-7,"2026-06-27","Overall","quantile","0.05",196
"INFLAenza","2026-08-15",-7,"2026-06-27","Overall","quantile","0.1",212
"INFLAenza","2026-08-15",-7,"2026-06-27","Overall","quantile","0.15",225
"INFLAenza","2026-08-15",-7,"2026-06-27","Overall","quantile","0.2",235
"INFLAenza","2026-08-15",-7,"2026-06-27","Overall","quantile","0.25",243
"INFLAenza","2026-08-15",-7,"2026-06-27","Overall","quantile","0.3",251
"INFLAenza","2026-08-15",-7,"2026-06-27","Overall","quantile","0.35",259
"INFLAenza","2026-08-15",-7,"2026-06-27","Overall","quantile","0.4",266
"INFLAenza","2026-08-15",-7,"2026-06-27","Overall","quantile","0.45",274
"INFLAenza","2026-08-15",-7,"2026-06-27","Overall","quantile","0.5",282
"INFLAenza","2026-08-15",-7,"2026-06-27","Overall","quantile","0.55",289
"INFLAenza","2026-08-15",-7,"2026-06-27","Overall","quantile","0.6",298
"INFLAenza","2026-08-15",-7,"2026-06-27","Overall","quantile","0.65",307
"INFLAenza","2026-08-15",-7,"2026-06-27","Overall","quantile","0.7",316
"INFLAenza","2026-08-15",-7,"2026-06-27","Overall","quantile","0.75",327
"INFLAenza","2026-08-15",-7,"2026-06-27","Overall","quantile","0.8",339
"INFLAenza","2026-08-15",-7,"2026-06-27","Overall","quantile","0.85",353
"INFLAenza","2026-08-15",-7,"2026-06-27","Overall","quantile","0.9",372
"INFLAenza","2026-08-15",-7,"2026-06-27","Overall","quantile","0.95",402
"INFLAenza","2026-08-15",-7,"2026-06-27","Overall","quantile","0.975",430
"INFLAenza","2026-08-15",-7,"2026-06-27","Overall","quantile","0.99",455
"INFLAenza","2026-08-15",-7,"2026-06-27","Pediatrics","quantile","0.01",82
"INFLAenza","2026-08-15",-7,"2026-06-27","Pediatrics","quantile","0.025",91
"INFLAenza","2026-08-15",-7,"2026-06-27","Pediatrics","quantile","0.05",99
"INFLAenza","2026-08-15",-7,"2026-06-27","Pediatrics","quantile","0.1",109
"INFLAenza","2026-08-15",-7,"2026-06-27","Pediatrics","quantile","0.15",117
"INFLAenza","2026-08-15",-7,"2026-06-27","Pediatrics","quantile","0.2",123
"INFLAenza","2026-08-15",-7,"2026-06-27","Pediatrics","quantile","0.25",129
"INFLAenza","2026-08-15",-7,"2026-06-27","Pediatrics","quantile","0.3",134
"INFLAenza","2026-08-15",-7,"2026-06-27","Pediatrics","quantile","0.35",139
"INFLAenza","2026-08-15",-7,"2026-06-27","Pediatrics","quantile","0.4",143
"INFLAenza","2026-08-15",-7,"2026-06-27","Pediatrics","quantile","0.45",148
"INFLAenza","2026-08-15",-7,"2026-06-27","Pediatrics","quantile","0.5",153
"INFLAenza","2026-08-15",-7,"2026-06-27","Pediatrics","quantile","0.55",158
"INFLAenza","2026-08-15",-7,"2026-06-27","Pediatrics","quantile","0.6",164
"INFLAenza","2026-08-15",-7,"2026-06-27","Pediatrics","quantile","0.65",169
"INFLAenza","2026-08-15",-7,"2026-06-27","Pediatrics","quantile","0.7",175
"INFLAenza","2026-08-15",-7,"2026-06-27","Pediatrics","quantile","0.75",182
"INFLAenza","2026-08-15",-7,"2026-06-27","Pediatrics","quantile","0.8",190
"INFLAenza","2026-08-15",-7,"2026-06-27","Pediatrics","quantile","0.85",199
"INFLAenza","2026-08-15",-7,"2026-06-27","Pediatrics","quantile","0.9",211
"INFLAenza","2026-08-15",-7,"2026-06-27","Pediatrics","quantile","0.95",231
"INFLAenza","2026-08-15",-7,"2026-06-27","Pediatrics","quantile","0.975",250
"INFLAenza","2026-08-15",-7,"2026-06-27","Pediatrics","quantile","0.99",271
"INFLAenza","2026-08-15",-6,"2026-07-04","Adults","quantile","0.01",60
"INFLAenza","2026-08-15",-6,"2026-07-04","Adults","quantile","0.025",69
"INFLAenza","2026-08-15",-6,"2026-07-04","Adults","quantile","0.05",75
"INFLAenza","2026-08-15",-6,"2026-07-04","Adults","quantile","0.1",85
"INFLAenza","2026-08-15",-6,"2026-07-04","Adults","quantile","0.15",92
"INFLAenza","2026-08-15",-6,"2026-07-04","Adults","quantile","0.2",98
"INFLAenza","2026-08-15",-6,"2026-07-04","Adults","quantile","0.25",103
"INFLAenza","2026-08-15",-6,"2026-07-04","Adults","quantile","0.3",108
"INFLAenza","2026-08-15",-6,"2026-07-04","Adults","quantile","0.35",113
"INFLAenza","2026-08-15",-6,"2026-07-04","Adults","quantile","0.4",118
"INFLAenza","2026-08-15",-6,"2026-07-04","Adults","quantile","0.45",122
"INFLAenza","2026-08-15",-6,"2026-07-04","Adults","quantile","0.5",127
"INFLAenza","2026-08-15",-6,"2026-07-04","Adults","quantile","0.55",133
"INFLAenza","2026-08-15",-6,"2026-07-04","Adults","quantile","0.6",139
"INFLAenza","2026-08-15",-6,"2026-07-04","Adults","quantile","0.65",144
"INFLAenza","2026-08-15",-6,"2026-07-04","Adults","quantile","0.7",150
"INFLAenza","2026-08-15",-6,"2026-07-04","Adults","quantile","0.75",156
"INFLAenza","2026-08-15",-6,"2026-07-04","Adults","quantile","0.8",163
"INFLAenza","2026-08-15",-6,"2026-07-04","Adults","quantile","0.85",173
"INFLAenza","2026-08-15",-6,"2026-07-04","Adults","quantile","0.9",186
"INFLAenza","2026-08-15",-6,"2026-07-04","Adults","quantile","0.95",209
"INFLAenza","2026-08-15",-6,"2026-07-04","Adults","quantile","0.975",230
"INFLAenza","2026-08-15",-6,"2026-07-04","Adults","quantile","0.99",262
"INFLAenza","2026-08-15",-6,"2026-07-04","Overall","quantile","0.01",153
"INFLAenza","2026-08-15",-6,"2026-07-04","Overall","quantile","0.025",168
"INFLAenza","2026-08-15",-6,"2026-07-04","Overall","quantile","0.05",184
"INFLAenza","2026-08-15",-6,"2026-07-04","Overall","quantile","0.1",201
"INFLAenza","2026-08-15",-6,"2026-07-04","Overall","quantile","0.15",216
"INFLAenza","2026-08-15",-6,"2026-07-04","Overall","quantile","0.2",226
"INFLAenza","2026-08-15",-6,"2026-07-04","Overall","quantile","0.25",236
"INFLAenza","2026-08-15",-6,"2026-07-04","Overall","quantile","0.3",245
"INFLAenza","2026-08-15",-6,"2026-07-04","Overall","quantile","0.35",256
"INFLAenza","2026-08-15",-6,"2026-07-04","Overall","quantile","0.4",265
"INFLAenza","2026-08-15",-6,"2026-07-04","Overall","quantile","0.45",273
"INFLAenza","2026-08-15",-6,"2026-07-04","Overall","quantile","0.5",283
"INFLAenza","2026-08-15",-6,"2026-07-04","Overall","quantile","0.55",292
"INFLAenza","2026-08-15",-6,"2026-07-04","Overall","quantile","0.6",302
"INFLAenza","2026-08-15",-6,"2026-07-04","Overall","quantile","0.65",313
"INFLAenza","2026-08-15",-6,"2026-07-04","Overall","quantile","0.7",325
"INFLAenza","2026-08-15",-6,"2026-07-04","Overall","quantile","0.75",336
"INFLAenza","2026-08-15",-6,"2026-07-04","Overall","quantile","0.8",352
"INFLAenza","2026-08-15",-6,"2026-07-04","Overall","quantile","0.85",371
"INFLAenza","2026-08-15",-6,"2026-07-04","Overall","quantile","0.9",395
"INFLAenza","2026-08-15",-6,"2026-07-04","Overall","quantile","0.95",435
"INFLAenza","2026-08-15",-6,"2026-07-04","Overall","quantile","0.975",467
"INFLAenza","2026-08-15",-6,"2026-07-04","Overall","quantile","0.99",523
"INFLAenza","2026-08-15",-6,"2026-07-04","Pediatrics","quantile","0.01",73
"INFLAenza","2026-08-15",-6,"2026-07-04","Pediatrics","quantile","0.025",84
"INFLAenza","2026-08-15",-6,"2026-07-04","Pediatrics","quantile","0.05",91
"INFLAenza","2026-08-15",-6,"2026-07-04","Pediatrics","quantile","0.1",102
"INFLAenza","2026-08-15",-6,"2026-07-04","Pediatrics","quantile","0.15",111
"INFLAenza","2026-08-15",-6,"2026-07-04","Pediatrics","quantile","0.2",118
"INFLAenza","2026-08-15",-6,"2026-07-04","Pediatrics","quantile","0.25",124
"INFLAenza","2026-08-15",-6,"2026-07-04","Pediatrics","quantile","0.3",130
"INFLAenza","2026-08-15",-6,"2026-07-04","Pediatrics","quantile","0.35",135
"INFLAenza","2026-08-15",-6,"2026-07-04","Pediatrics","quantile","0.4",141
"INFLAenza","2026-08-15",-6,"2026-07-04","Pediatrics","quantile","0.45",147
"INFLAenza","2026-08-15",-6,"2026-07-04","Pediatrics","quantile","0.5",152
"INFLAenza","2026-08-15",-6,"2026-07-04","Pediatrics","quantile","0.55",159
"INFLAenza","2026-08-15",-6,"2026-07-04","Pediatrics","quantile","0.6",165
"INFLAenza","2026-08-15",-6,"2026-07-04","Pediatrics","quantile","0.65",172
"INFLAenza","2026-08-15",-6,"2026-07-04","Pediatrics","quantile","0.7",179
"INFLAenza","2026-08-15",-6,"2026-07-04","Pediatrics","quantile","0.75",188
"INFLAenza","2026-08-15",-6,"2026-07-04","Pediatrics","quantile","0.8",197
"INFLAenza","2026-08-15",-6,"2026-07-04","Pediatrics","quantile","0.85",209
"INFLAenza","2026-08-15",-6,"2026-07-04","Pediatrics","quantile","0.9",226
"INFLAenza","2026-08-15",-6,"2026-07-04","Pediatrics","quantile","0.95",251
"INFLAenza","2026-08-15",-6,"2026-07-04","Pediatrics","quantile","0.975",276
"INFLAenza","2026-08-15",-6,"2026-07-04","Pediatrics","quantile","0.99",307
"INFLAenza","2026-08-15",-5,"2026-07-11","Adults","quantile","0.01",55
"INFLAenza","2026-08-15",-5,"2026-07-11","Adults","quantile","0.025",64
"INFLAenza","2026-08-15",-5,"2026-07-11","Adults","quantile","0.05",70
"INFLAenza","2026-08-15",-5,"2026-07-11","Adults","quantile","0.1",81
"INFLAenza","2026-08-15",-5,"2026-07-11","Adults","quantile","0.15",88
"INFLAenza","2026-08-15",-5,"2026-07-11","Adults","quantile","0.2",94
"INFLAenza","2026-08-15",-5,"2026-07-11","Adults","quantile","0.25",101
"INFLAenza","2026-08-15",-5,"2026-07-11","Adults","quantile","0.3",106
"INFLAenza","2026-08-15",-5,"2026-07-11","Adults","quantile","0.35",111
"INFLAenza","2026-08-15",-5,"2026-07-11","Adults","quantile","0.4",116
"INFLAenza","2026-08-15",-5,"2026-07-11","Adults","quantile","0.45",122
"INFLAenza","2026-08-15",-5,"2026-07-11","Adults","quantile","0.5",127
"INFLAenza","2026-08-15",-5,"2026-07-11","Adults","quantile","0.55",133
"INFLAenza","2026-08-15",-5,"2026-07-11","Adults","quantile","0.6",139
"INFLAenza","2026-08-15",-5,"2026-07-11","Adults","quantile","0.65",146
"INFLAenza","2026-08-15",-5,"2026-07-11","Adults","quantile","0.7",152
"INFLAenza","2026-08-15",-5,"2026-07-11","Adults","quantile","0.75",160
"INFLAenza","2026-08-15",-5,"2026-07-11","Adults","quantile","0.8",169
"INFLAenza","2026-08-15",-5,"2026-07-11","Adults","quantile","0.85",180
"INFLAenza","2026-08-15",-5,"2026-07-11","Adults","quantile","0.9",195
"INFLAenza","2026-08-15",-5,"2026-07-11","Adults","quantile","0.95",224
"INFLAenza","2026-08-15",-5,"2026-07-11","Adults","quantile","0.975",250
"INFLAenza","2026-08-15",-5,"2026-07-11","Adults","quantile","0.99",279
"INFLAenza","2026-08-15",-5,"2026-07-11","Overall","quantile","0.01",141
"INFLAenza","2026-08-15",-5,"2026-07-11","Overall","quantile","0.025",159
"INFLAenza","2026-08-15",-5,"2026-07-11","Overall","quantile","0.05",172
"INFLAenza","2026-08-15",-5,"2026-07-11","Overall","quantile","0.1",191
"INFLAenza","2026-08-15",-5,"2026-07-11","Overall","quantile","0.15",206
"INFLAenza","2026-08-15",-5,"2026-07-11","Overall","quantile","0.2",219
"INFLAenza","2026-08-15",-5,"2026-07-11","Overall","quantile","0.25",231
"INFLAenza","2026-08-15",-5,"2026-07-11","Overall","quantile","0.3",242
"INFLAenza","2026-08-15",-5,"2026-07-11","Overall","quantile","0.35",252
"INFLAenza","2026-08-15",-5,"2026-07-11","Overall","quantile","0.4",262
"INFLAenza","2026-08-15",-5,"2026-07-11","Overall","quantile","0.45",273
"INFLAenza","2026-08-15",-5,"2026-07-11","Overall","quantile","0.5",282
"INFLAenza","2026-08-15",-5,"2026-07-11","Overall","quantile","0.55",292
"INFLAenza","2026-08-15",-5,"2026-07-11","Overall","quantile","0.6",305
"INFLAenza","2026-08-15",-5,"2026-07-11","Overall","quantile","0.65",317
"INFLAenza","2026-08-15",-5,"2026-07-11","Overall","quantile","0.7",330
"INFLAenza","2026-08-15",-5,"2026-07-11","Overall","quantile","0.75",345
"INFLAenza","2026-08-15",-5,"2026-07-11","Overall","quantile","0.8",363
"INFLAenza","2026-08-15",-5,"2026-07-11","Overall","quantile","0.85",384
"INFLAenza","2026-08-15",-5,"2026-07-11","Overall","quantile","0.9",412
"INFLAenza","2026-08-15",-5,"2026-07-11","Overall","quantile","0.95",456
"INFLAenza","2026-08-15",-5,"2026-07-11","Overall","quantile","0.975",502
"INFLAenza","2026-08-15",-5,"2026-07-11","Overall","quantile","0.99",553
"INFLAenza","2026-08-15",-5,"2026-07-11","Pediatrics","quantile","0.01",67
"INFLAenza","2026-08-15",-5,"2026-07-11","Pediatrics","quantile","0.025",75
"INFLAenza","2026-08-15",-5,"2026-07-11","Pediatrics","quantile","0.05",85
"INFLAenza","2026-08-15",-5,"2026-07-11","Pediatrics","quantile","0.1",97
"INFLAenza","2026-08-15",-5,"2026-07-11","Pediatrics","quantile","0.15",105
"INFLAenza","2026-08-15",-5,"2026-07-11","Pediatrics","quantile","0.2",113
"INFLAenza","2026-08-15",-5,"2026-07-11","Pediatrics","quantile","0.25",120
"INFLAenza","2026-08-15",-5,"2026-07-11","Pediatrics","quantile","0.3",126
"INFLAenza","2026-08-15",-5,"2026-07-11","Pediatrics","quantile","0.35",133
"INFLAenza","2026-08-15",-5,"2026-07-11","Pediatrics","quantile","0.4",139
"INFLAenza","2026-08-15",-5,"2026-07-11","Pediatrics","quantile","0.45",145
"INFLAenza","2026-08-15",-5,"2026-07-11","Pediatrics","quantile","0.5",151
"INFLAenza","2026-08-15",-5,"2026-07-11","Pediatrics","quantile","0.55",158
"INFLAenza","2026-08-15",-5,"2026-07-11","Pediatrics","quantile","0.6",165
"INFLAenza","2026-08-15",-5,"2026-07-11","Pediatrics","quantile","0.65",173
"INFLAenza","2026-08-15",-5,"2026-07-11","Pediatrics","quantile","0.7",182
"INFLAenza","2026-08-15",-5,"2026-07-11","Pediatrics","quantile","0.75",191
"INFLAenza","2026-08-15",-5,"2026-07-11","Pediatrics","quantile","0.8",203
"INFLAenza","2026-08-15",-5,"2026-07-11","Pediatrics","quantile","0.85",217
"INFLAenza","2026-08-15",-5,"2026-07-11","Pediatrics","quantile","0.9",235
"INFLAenza","2026-08-15",-5,"2026-07-11","Pediatrics","quantile","0.95",265
"INFLAenza","2026-08-15",-5,"2026-07-11","Pediatrics","quantile","0.975",295
"INFLAenza","2026-08-15",-5,"2026-07-11","Pediatrics","quantile","0.99",335
"INFLAenza","2026-08-15",-4,"2026-07-18","Adults","quantile","0.01",50
"INFLAenza","2026-08-15",-4,"2026-07-18","Adults","quantile","0.025",57
"INFLAenza","2026-08-15",-4,"2026-07-18","Adults","quantile","0.05",65
"INFLAenza","2026-08-15",-4,"2026-07-18","Adults","quantile","0.1",76
"INFLAenza","2026-08-15",-4,"2026-07-18","Adults","quantile","0.15",83
"INFLAenza","2026-08-15",-4,"2026-07-18","Adults","quantile","0.2",90
"INFLAenza","2026-08-15",-4,"2026-07-18","Adults","quantile","0.25",96
"INFLAenza","2026-08-15",-4,"2026-07-18","Adults","quantile","0.3",101
"INFLAenza","2026-08-15",-4,"2026-07-18","Adults","quantile","0.35",107
"INFLAenza","2026-08-15",-4,"2026-07-18","Adults","quantile","0.4",112
"INFLAenza","2026-08-15",-4,"2026-07-18","Adults","quantile","0.45",118
"INFLAenza","2026-08-15",-4,"2026-07-18","Adults","quantile","0.5",124
"INFLAenza","2026-08-15",-4,"2026-07-18","Adults","quantile","0.55",131
"INFLAenza","2026-08-15",-4,"2026-07-18","Adults","quantile","0.6",137
"INFLAenza","2026-08-15",-4,"2026-07-18","Adults","quantile","0.65",145
"INFLAenza","2026-08-15",-4,"2026-07-18","Adults","quantile","0.7",153
"INFLAenza","2026-08-15",-4,"2026-07-18","Adults","quantile","0.75",162
"INFLAenza","2026-08-15",-4,"2026-07-18","Adults","quantile","0.8",172
"INFLAenza","2026-08-15",-4,"2026-07-18","Adults","quantile","0.85",185
"INFLAenza","2026-08-15",-4,"2026-07-18","Adults","quantile","0.9",202
"INFLAenza","2026-08-15",-4,"2026-07-18","Adults","quantile","0.95",231
"INFLAenza","2026-08-15",-4,"2026-07-18","Adults","quantile","0.975",258
"INFLAenza","2026-08-15",-4,"2026-07-18","Adults","quantile","0.99",292
"INFLAenza","2026-08-15",-4,"2026-07-18","Overall","quantile","0.01",128
"INFLAenza","2026-08-15",-4,"2026-07-18","Overall","quantile","0.025",146
"INFLAenza","2026-08-15",-4,"2026-07-18","Overall","quantile","0.05",161
"INFLAenza","2026-08-15",-4,"2026-07-18","Overall","quantile","0.1",182
"INFLAenza","2026-08-15",-4,"2026-07-18","Overall","quantile","0.15",197
"INFLAenza","2026-08-15",-4,"2026-07-18","Overall","quantile","0.2",210
"INFLAenza","2026-08-15",-4,"2026-07-18","Overall","quantile","0.25",221
"INFLAenza","2026-08-15",-4,"2026-07-18","Overall","quantile","0.3",232
"INFLAenza","2026-08-15",-4,"2026-07-18","Overall","quantile","0.35",243
"INFLAenza","2026-08-15",-4,"2026-07-18","Overall","quantile","0.4",254
"INFLAenza","2026-08-15",-4,"2026-07-18","Overall","quantile","0.45",264
"INFLAenza","2026-08-15",-4,"2026-07-18","Overall","quantile","0.5",275
"INFLAenza","2026-08-15",-4,"2026-07-18","Overall","quantile","0.55",287
"INFLAenza","2026-08-15",-4,"2026-07-18","Overall","quantile","0.6",300
"INFLAenza","2026-08-15",-4,"2026-07-18","Overall","quantile","0.65",313
"INFLAenza","2026-08-15",-4,"2026-07-18","Overall","quantile","0.7",328
"INFLAenza","2026-08-15",-4,"2026-07-18","Overall","quantile","0.75",346
"INFLAenza","2026-08-15",-4,"2026-07-18","Overall","quantile","0.8",366
"INFLAenza","2026-08-15",-4,"2026-07-18","Overall","quantile","0.85",390
"INFLAenza","2026-08-15",-4,"2026-07-18","Overall","quantile","0.9",423
"INFLAenza","2026-08-15",-4,"2026-07-18","Overall","quantile","0.95",475
"INFLAenza","2026-08-15",-4,"2026-07-18","Overall","quantile","0.975",526
"INFLAenza","2026-08-15",-4,"2026-07-18","Overall","quantile","0.99",582
"INFLAenza","2026-08-15",-4,"2026-07-18","Pediatrics","quantile","0.01",59
"INFLAenza","2026-08-15",-4,"2026-07-18","Pediatrics","quantile","0.025",69
"INFLAenza","2026-08-15",-4,"2026-07-18","Pediatrics","quantile","0.05",78
"INFLAenza","2026-08-15",-4,"2026-07-18","Pediatrics","quantile","0.1",90
"INFLAenza","2026-08-15",-4,"2026-07-18","Pediatrics","quantile","0.15",99
"INFLAenza","2026-08-15",-4,"2026-07-18","Pediatrics","quantile","0.2",107
"INFLAenza","2026-08-15",-4,"2026-07-18","Pediatrics","quantile","0.25",114
"INFLAenza","2026-08-15",-4,"2026-07-18","Pediatrics","quantile","0.3",121
"INFLAenza","2026-08-15",-4,"2026-07-18","Pediatrics","quantile","0.35",127
"INFLAenza","2026-08-15",-4,"2026-07-18","Pediatrics","quantile","0.4",134
"INFLAenza","2026-08-15",-4,"2026-07-18","Pediatrics","quantile","0.45",141
"INFLAenza","2026-08-15",-4,"2026-07-18","Pediatrics","quantile","0.5",147
"INFLAenza","2026-08-15",-4,"2026-07-18","Pediatrics","quantile","0.55",155
"INFLAenza","2026-08-15",-4,"2026-07-18","Pediatrics","quantile","0.6",163
"INFLAenza","2026-08-15",-4,"2026-07-18","Pediatrics","quantile","0.65",171
"INFLAenza","2026-08-15",-4,"2026-07-18","Pediatrics","quantile","0.7",179
"INFLAenza","2026-08-15",-4,"2026-07-18","Pediatrics","quantile","0.75",190
"INFLAenza","2026-08-15",-4,"2026-07-18","Pediatrics","quantile","0.8",202
"INFLAenza","2026-08-15",-4,"2026-07-18","Pediatrics","quantile","0.85",219
"INFLAenza","2026-08-15",-4,"2026-07-18","Pediatrics","quantile","0.9",240
"INFLAenza","2026-08-15",-4,"2026-07-18","Pediatrics","quantile","0.95",279
"INFLAenza","2026-08-15",-4,"2026-07-18","Pediatrics","quantile","0.975",319
"INFLAenza","2026-08-15",-4,"2026-07-18","Pediatrics","quantile","0.99",356
"INFLAenza","2026-08-15",-3,"2026-07-25","Adults","quantile","0.01",45
"INFLAenza","2026-08-15",-3,"2026-07-25","Adults","quantile","0.025",52
"INFLAenza","2026-08-15",-3,"2026-07-25","Adults","quantile","0.05",59
"INFLAenza","2026-08-15",-3,"2026-07-25","Adults","quantile","0.1",70
"INFLAenza","2026-08-15",-3,"2026-07-25","Adults","quantile","0.15",78
"INFLAenza","2026-08-15",-3,"2026-07-25","Adults","quantile","0.2",85
"INFLAenza","2026-08-15",-3,"2026-07-25","Adults","quantile","0.25",91
"INFLAenza","2026-08-15",-3,"2026-07-25","Adults","quantile","0.3",97
"INFLAenza","2026-08-15",-3,"2026-07-25","Adults","quantile","0.35",103
"INFLAenza","2026-08-15",-3,"2026-07-25","Adults","quantile","0.4",109
"INFLAenza","2026-08-15",-3,"2026-07-25","Adults","quantile","0.45",115
"INFLAenza","2026-08-15",-3,"2026-07-25","Adults","quantile","0.5",121
"INFLAenza","2026-08-15",-3,"2026-07-25","Adults","quantile","0.55",127
"INFLAenza","2026-08-15",-3,"2026-07-25","Adults","quantile","0.6",135
"INFLAenza","2026-08-15",-3,"2026-07-25","Adults","quantile","0.65",142
"INFLAenza","2026-08-15",-3,"2026-07-25","Adults","quantile","0.7",151
"INFLAenza","2026-08-15",-3,"2026-07-25","Adults","quantile","0.75",160
"INFLAenza","2026-08-15",-3,"2026-07-25","Adults","quantile","0.8",172
"INFLAenza","2026-08-15",-3,"2026-07-25","Adults","quantile","0.85",185
"INFLAenza","2026-08-15",-3,"2026-07-25","Adults","quantile","0.9",201
"INFLAenza","2026-08-15",-3,"2026-07-25","Adults","quantile","0.95",235
"INFLAenza","2026-08-15",-3,"2026-07-25","Adults","quantile","0.975",266
"INFLAenza","2026-08-15",-3,"2026-07-25","Adults","quantile","0.99",298
"INFLAenza","2026-08-15",-3,"2026-07-25","Overall","quantile","0.01",120
"INFLAenza","2026-08-15",-3,"2026-07-25","Overall","quantile","0.025",135
"INFLAenza","2026-08-15",-3,"2026-07-25","Overall","quantile","0.05",150
"INFLAenza","2026-08-15",-3,"2026-07-25","Overall","quantile","0.1",170
"INFLAenza","2026-08-15",-3,"2026-07-25","Overall","quantile","0.15",185
"INFLAenza","2026-08-15",-3,"2026-07-25","Overall","quantile","0.2",198
"INFLAenza","2026-08-15",-3,"2026-07-25","Overall","quantile","0.25",211
"INFLAenza","2026-08-15",-3,"2026-07-25","Overall","quantile","0.3",224
"INFLAenza","2026-08-15",-3,"2026-07-25","Overall","quantile","0.35",235
"INFLAenza","2026-08-15",-3,"2026-07-25","Overall","quantile","0.4",247
"INFLAenza","2026-08-15",-3,"2026-07-25","Overall","quantile","0.45",259
"INFLAenza","2026-08-15",-3,"2026-07-25","Overall","quantile","0.5",270
"INFLAenza","2026-08-15",-3,"2026-07-25","Overall","quantile","0.55",283
"INFLAenza","2026-08-15",-3,"2026-07-25","Overall","quantile","0.6",295
"INFLAenza","2026-08-15",-3,"2026-07-25","Overall","quantile","0.65",310
"INFLAenza","2026-08-15",-3,"2026-07-25","Overall","quantile","0.7",326
"INFLAenza","2026-08-15",-3,"2026-07-25","Overall","quantile","0.75",343
"INFLAenza","2026-08-15",-3,"2026-07-25","Overall","quantile","0.8",364
"INFLAenza","2026-08-15",-3,"2026-07-25","Overall","quantile","0.85",390
"INFLAenza","2026-08-15",-3,"2026-07-25","Overall","quantile","0.9",429
"INFLAenza","2026-08-15",-3,"2026-07-25","Overall","quantile","0.95",480
"INFLAenza","2026-08-15",-3,"2026-07-25","Overall","quantile","0.975",522
"INFLAenza","2026-08-15",-3,"2026-07-25","Overall","quantile","0.99",618
"INFLAenza","2026-08-15",-3,"2026-07-25","Pediatrics","quantile","0.01",54
"INFLAenza","2026-08-15",-3,"2026-07-25","Pediatrics","quantile","0.025",62
"INFLAenza","2026-08-15",-3,"2026-07-25","Pediatrics","quantile","0.05",72
"INFLAenza","2026-08-15",-3,"2026-07-25","Pediatrics","quantile","0.1",83
"INFLAenza","2026-08-15",-3,"2026-07-25","Pediatrics","quantile","0.15",93
"INFLAenza","2026-08-15",-3,"2026-07-25","Pediatrics","quantile","0.2",101
"INFLAenza","2026-08-15",-3,"2026-07-25","Pediatrics","quantile","0.25",109
"INFLAenza","2026-08-15",-3,"2026-07-25","Pediatrics","quantile","0.3",116
"INFLAenza","2026-08-15",-3,"2026-07-25","Pediatrics","quantile","0.35",123
"INFLAenza","2026-08-15",-3,"2026-07-25","Pediatrics","quantile","0.4",129
"INFLAenza","2026-08-15",-3,"2026-07-25","Pediatrics","quantile","0.45",137
"INFLAenza","2026-08-15",-3,"2026-07-25","Pediatrics","quantile","0.5",145
"INFLAenza","2026-08-15",-3,"2026-07-25","Pediatrics","quantile","0.55",152
"INFLAenza","2026-08-15",-3,"2026-07-25","Pediatrics","quantile","0.6",160
"INFLAenza","2026-08-15",-3,"2026-07-25","Pediatrics","quantile","0.65",168
"INFLAenza","2026-08-15",-3,"2026-07-25","Pediatrics","quantile","0.7",177
"INFLAenza","2026-08-15",-3,"2026-07-25","Pediatrics","quantile","0.75",189
"INFLAenza","2026-08-15",-3,"2026-07-25","Pediatrics","quantile","0.8",202
"INFLAenza","2026-08-15",-3,"2026-07-25","Pediatrics","quantile","0.85",219
"INFLAenza","2026-08-15",-3,"2026-07-25","Pediatrics","quantile","0.9",242
"INFLAenza","2026-08-15",-3,"2026-07-25","Pediatrics","quantile","0.95",283
"INFLAenza","2026-08-15",-3,"2026-07-25","Pediatrics","quantile","0.975",318
"INFLAenza","2026-08-15",-3,"2026-07-25","Pediatrics","quantile","0.99",361
"INFLAenza","2026-08-15",-2,"2026-08-01","Adults","quantile","0.01",41
"INFLAenza","2026-08-15",-2,"2026-08-01","Adults","quantile","0.025",48
"INFLAenza","2026-08-15",-2,"2026-08-01","Adults","quantile","0.05",55
"INFLAenza","2026-08-15",-2,"2026-08-01","Adults","quantile","0.1",65
"INFLAenza","2026-08-15",-2,"2026-08-01","Adults","quantile","0.15",73
"INFLAenza","2026-08-15",-2,"2026-08-01","Adults","quantile","0.2",80
"INFLAenza","2026-08-15",-2,"2026-08-01","Adults","quantile","0.25",87
"INFLAenza","2026-08-15",-2,"2026-08-01","Adults","quantile","0.3",93
"INFLAenza","2026-08-15",-2,"2026-08-01","Adults","quantile","0.35",99
"INFLAenza","2026-08-15",-2,"2026-08-01","Adults","quantile","0.4",105
"INFLAenza","2026-08-15",-2,"2026-08-01","Adults","quantile","0.45",111
"INFLAenza","2026-08-15",-2,"2026-08-01","Adults","quantile","0.5",117
"INFLAenza","2026-08-15",-2,"2026-08-01","Adults","quantile","0.55",123
"INFLAenza","2026-08-15",-2,"2026-08-01","Adults","quantile","0.6",130
"INFLAenza","2026-08-15",-2,"2026-08-01","Adults","quantile","0.65",137
"INFLAenza","2026-08-15",-2,"2026-08-01","Adults","quantile","0.7",146
"INFLAenza","2026-08-15",-2,"2026-08-01","Adults","quantile","0.75",155
"INFLAenza","2026-08-15",-2,"2026-08-01","Adults","quantile","0.8",168
"INFLAenza","2026-08-15",-2,"2026-08-01","Adults","quantile","0.85",182
"INFLAenza","2026-08-15",-2,"2026-08-01","Adults","quantile","0.9",201
"INFLAenza","2026-08-15",-2,"2026-08-01","Adults","quantile","0.95",233
"INFLAenza","2026-08-15",-2,"2026-08-01","Adults","quantile","0.975",263
"INFLAenza","2026-08-15",-2,"2026-08-01","Adults","quantile","0.99",310
"INFLAenza","2026-08-15",-2,"2026-08-01","Overall","quantile","0.01",108
"INFLAenza","2026-08-15",-2,"2026-08-01","Overall","quantile","0.025",121
"INFLAenza","2026-08-15",-2,"2026-08-01","Overall","quantile","0.05",138
"INFLAenza","2026-08-15",-2,"2026-08-01","Overall","quantile","0.1",158
"INFLAenza","2026-08-15",-2,"2026-08-01","Overall","quantile","0.15",175
"INFLAenza","2026-08-15",-2,"2026-08-01","Overall","quantile","0.2",188
"INFLAenza","2026-08-15",-2,"2026-08-01","Overall","quantile","0.25",203
"INFLAenza","2026-08-15",-2,"2026-08-01","Overall","quantile","0.3",214
"INFLAenza","2026-08-15",-2,"2026-08-01","Overall","quantile","0.35",225
"INFLAenza","2026-08-15",-2,"2026-08-01","Overall","quantile","0.4",237
"INFLAenza","2026-08-15",-2,"2026-08-01","Overall","quantile","0.45",249
"INFLAenza","2026-08-15",-2,"2026-08-01","Overall","quantile","0.5",260
"INFLAenza","2026-08-15",-2,"2026-08-01","Overall","quantile","0.55",273
"INFLAenza","2026-08-15",-2,"2026-08-01","Overall","quantile","0.6",286
"INFLAenza","2026-08-15",-2,"2026-08-01","Overall","quantile","0.65",301
"INFLAenza","2026-08-15",-2,"2026-08-01","Overall","quantile","0.7",317
"INFLAenza","2026-08-15",-2,"2026-08-01","Overall","quantile","0.75",335
"INFLAenza","2026-08-15",-2,"2026-08-01","Overall","quantile","0.8",355
"INFLAenza","2026-08-15",-2,"2026-08-01","Overall","quantile","0.85",384
"INFLAenza","2026-08-15",-2,"2026-08-01","Overall","quantile","0.9",419
"INFLAenza","2026-08-15",-2,"2026-08-01","Overall","quantile","0.95",476
"INFLAenza","2026-08-15",-2,"2026-08-01","Overall","quantile","0.975",527
"INFLAenza","2026-08-15",-2,"2026-08-01","Overall","quantile","0.99",610
"INFLAenza","2026-08-15",-2,"2026-08-01","Pediatrics","quantile","0.01",48
"INFLAenza","2026-08-15",-2,"2026-08-01","Pediatrics","quantile","0.025",56
"INFLAenza","2026-08-15",-2,"2026-08-01","Pediatrics","quantile","0.05",65
"INFLAenza","2026-08-15",-2,"2026-08-01","Pediatrics","quantile","0.1",78
"INFLAenza","2026-08-15",-2,"2026-08-01","Pediatrics","quantile","0.15",88
"INFLAenza","2026-08-15",-2,"2026-08-01","Pediatrics","quantile","0.2",95
"INFLAenza","2026-08-15",-2,"2026-08-01","Pediatrics","quantile","0.25",103
"INFLAenza","2026-08-15",-2,"2026-08-01","Pediatrics","quantile","0.3",110
"INFLAenza","2026-08-15",-2,"2026-08-01","Pediatrics","quantile","0.35",118
"INFLAenza","2026-08-15",-2,"2026-08-01","Pediatrics","quantile","0.4",125
"INFLAenza","2026-08-15",-2,"2026-08-01","Pediatrics","quantile","0.45",132
"INFLAenza","2026-08-15",-2,"2026-08-01","Pediatrics","quantile","0.5",140
"INFLAenza","2026-08-15",-2,"2026-08-01","Pediatrics","quantile","0.55",147
"INFLAenza","2026-08-15",-2,"2026-08-01","Pediatrics","quantile","0.6",154
"INFLAenza","2026-08-15",-2,"2026-08-01","Pediatrics","quantile","0.65",163
"INFLAenza","2026-08-15",-2,"2026-08-01","Pediatrics","quantile","0.7",174
"INFLAenza","2026-08-15",-2,"2026-08-01","Pediatrics","quantile","0.75",184
"INFLAenza","2026-08-15",-2,"2026-08-01","Pediatrics","quantile","0.8",197
"INFLAenza","2026-08-15",-2,"2026-08-01","Pediatrics","quantile","0.85",214
"INFLAenza","2026-08-15",-2,"2026-08-01","Pediatrics","quantile","0.9",239
"INFLAenza","2026-08-15",-2,"2026-08-01","Pediatrics","quantile","0.95",278
"INFLAenza","2026-08-15",-2,"2026-08-01","Pediatrics","quantile","0.975",318
"INFLAenza","2026-08-15",-2,"2026-08-01","Pediatrics","quantile","0.99",371
"INFLAenza","2026-08-15",-1,"2026-08-08","Adults","quantile","0.01",38
"INFLAenza","2026-08-15",-1,"2026-08-08","Adults","quantile","0.025",45
"INFLAenza","2026-08-15",-1,"2026-08-08","Adults","quantile","0.05",53
"INFLAenza","2026-08-15",-1,"2026-08-08","Adults","quantile","0.1",62
"INFLAenza","2026-08-15",-1,"2026-08-08","Adults","quantile","0.15",71
"INFLAenza","2026-08-15",-1,"2026-08-08","Adults","quantile","0.2",78
"INFLAenza","2026-08-15",-1,"2026-08-08","Adults","quantile","0.25",84
"INFLAenza","2026-08-15",-1,"2026-08-08","Adults","quantile","0.3",90
"INFLAenza","2026-08-15",-1,"2026-08-08","Adults","quantile","0.35",96
"INFLAenza","2026-08-15",-1,"2026-08-08","Adults","quantile","0.4",103
"INFLAenza","2026-08-15",-1,"2026-08-08","Adults","quantile","0.45",110
"INFLAenza","2026-08-15",-1,"2026-08-08","Adults","quantile","0.5",117
"INFLAenza","2026-08-15",-1,"2026-08-08","Adults","quantile","0.55",124
"INFLAenza","2026-08-15",-1,"2026-08-08","Adults","quantile","0.6",131
"INFLAenza","2026-08-15",-1,"2026-08-08","Adults","quantile","0.65",138
"INFLAenza","2026-08-15",-1,"2026-08-08","Adults","quantile","0.7",147
"INFLAenza","2026-08-15",-1,"2026-08-08","Adults","quantile","0.75",157
"INFLAenza","2026-08-15",-1,"2026-08-08","Adults","quantile","0.8",170
"INFLAenza","2026-08-15",-1,"2026-08-08","Adults","quantile","0.85",185
"INFLAenza","2026-08-15",-1,"2026-08-08","Adults","quantile","0.9",206
"INFLAenza","2026-08-15",-1,"2026-08-08","Adults","quantile","0.95",243
"INFLAenza","2026-08-15",-1,"2026-08-08","Adults","quantile","0.975",279
"INFLAenza","2026-08-15",-1,"2026-08-08","Adults","quantile","0.99",325
"INFLAenza","2026-08-15",-1,"2026-08-08","Overall","quantile","0.01",105
"INFLAenza","2026-08-15",-1,"2026-08-08","Overall","quantile","0.025",117
"INFLAenza","2026-08-15",-1,"2026-08-08","Overall","quantile","0.05",132
"INFLAenza","2026-08-15",-1,"2026-08-08","Overall","quantile","0.1",152
"INFLAenza","2026-08-15",-1,"2026-08-08","Overall","quantile","0.15",169
"INFLAenza","2026-08-15",-1,"2026-08-08","Overall","quantile","0.2",183
"INFLAenza","2026-08-15",-1,"2026-08-08","Overall","quantile","0.25",198
"INFLAenza","2026-08-15",-1,"2026-08-08","Overall","quantile","0.3",210
"INFLAenza","2026-08-15",-1,"2026-08-08","Overall","quantile","0.35",222
"INFLAenza","2026-08-15",-1,"2026-08-08","Overall","quantile","0.4",234
"INFLAenza","2026-08-15",-1,"2026-08-08","Overall","quantile","0.45",247
"INFLAenza","2026-08-15",-1,"2026-08-08","Overall","quantile","0.5",259
"INFLAenza","2026-08-15",-1,"2026-08-08","Overall","quantile","0.55",272
"INFLAenza","2026-08-15",-1,"2026-08-08","Overall","quantile","0.6",287
"INFLAenza","2026-08-15",-1,"2026-08-08","Overall","quantile","0.65",302
"INFLAenza","2026-08-15",-1,"2026-08-08","Overall","quantile","0.7",317
"INFLAenza","2026-08-15",-1,"2026-08-08","Overall","quantile","0.75",337
"INFLAenza","2026-08-15",-1,"2026-08-08","Overall","quantile","0.8",358
"INFLAenza","2026-08-15",-1,"2026-08-08","Overall","quantile","0.85",387
"INFLAenza","2026-08-15",-1,"2026-08-08","Overall","quantile","0.9",427
"INFLAenza","2026-08-15",-1,"2026-08-08","Overall","quantile","0.95",491
"INFLAenza","2026-08-15",-1,"2026-08-08","Overall","quantile","0.975",558
"INFLAenza","2026-08-15",-1,"2026-08-08","Overall","quantile","0.99",635
"INFLAenza","2026-08-15",-1,"2026-08-08","Pediatrics","quantile","0.01",46
"INFLAenza","2026-08-15",-1,"2026-08-08","Pediatrics","quantile","0.025",55
"INFLAenza","2026-08-15",-1,"2026-08-08","Pediatrics","quantile","0.05",63
"INFLAenza","2026-08-15",-1,"2026-08-08","Pediatrics","quantile","0.1",75
"INFLAenza","2026-08-15",-1,"2026-08-08","Pediatrics","quantile","0.15",84
"INFLAenza","2026-08-15",-1,"2026-08-08","Pediatrics","quantile","0.2",92
"INFLAenza","2026-08-15",-1,"2026-08-08","Pediatrics","quantile","0.25",100
"INFLAenza","2026-08-15",-1,"2026-08-08","Pediatrics","quantile","0.3",107
"INFLAenza","2026-08-15",-1,"2026-08-08","Pediatrics","quantile","0.35",114
"INFLAenza","2026-08-15",-1,"2026-08-08","Pediatrics","quantile","0.4",122
"INFLAenza","2026-08-15",-1,"2026-08-08","Pediatrics","quantile","0.45",129
"INFLAenza","2026-08-15",-1,"2026-08-08","Pediatrics","quantile","0.5",137
"INFLAenza","2026-08-15",-1,"2026-08-08","Pediatrics","quantile","0.55",145
"INFLAenza","2026-08-15",-1,"2026-08-08","Pediatrics","quantile","0.6",154
"INFLAenza","2026-08-15",-1,"2026-08-08","Pediatrics","quantile","0.65",164
"INFLAenza","2026-08-15",-1,"2026-08-08","Pediatrics","quantile","0.7",174
"INFLAenza","2026-08-15",-1,"2026-08-08","Pediatrics","quantile","0.75",186
"INFLAenza","2026-08-15",-1,"2026-08-08","Pediatrics","quantile","0.8",200
"INFLAenza","2026-08-15",-1,"2026-08-08","Pediatrics","quantile","0.85",216
"INFLAenza","2026-08-15",-1,"2026-08-08","Pediatrics","quantile","0.9",245
"INFLAenza","2026-08-15",-1,"2026-08-08","Pediatrics","quantile","0.95",286
"INFLAenza","2026-08-15",-1,"2026-08-08","Pediatrics","quantile","0.975",330
"INFLAenza","2026-08-15",-1,"2026-08-08","Pediatrics","quantile","0.99",383
"INFLAenza","2026-08-15",0,"2026-08-15","Adults","quantile","0.01",36
"INFLAenza","2026-08-15",0,"2026-08-15","Adults","quantile","0.025",44
"INFLAenza","2026-08-15",0,"2026-08-15","Adults","quantile","0.05",51
"INFLAenza","2026-08-15",0,"2026-08-15","Adults","quantile","0.1",61
"INFLAenza","2026-08-15",0,"2026-08-15","Adults","quantile","0.15",69
"INFLAenza","2026-08-15",0,"2026-08-15","Adults","quantile","0.2",76
"INFLAenza","2026-08-15",0,"2026-08-15","Adults","quantile","0.25",83
"INFLAenza","2026-08-15",0,"2026-08-15","Adults","quantile","0.3",90
"INFLAenza","2026-08-15",0,"2026-08-15","Adults","quantile","0.35",96
"INFLAenza","2026-08-15",0,"2026-08-15","Adults","quantile","0.4",103
"INFLAenza","2026-08-15",0,"2026-08-15","Adults","quantile","0.45",109
"INFLAenza","2026-08-15",0,"2026-08-15","Adults","quantile","0.5",116
"INFLAenza","2026-08-15",0,"2026-08-15","Adults","quantile","0.55",123
"INFLAenza","2026-08-15",0,"2026-08-15","Adults","quantile","0.6",131
"INFLAenza","2026-08-15",0,"2026-08-15","Adults","quantile","0.65",139
"INFLAenza","2026-08-15",0,"2026-08-15","Adults","quantile","0.7",149
"INFLAenza","2026-08-15",0,"2026-08-15","Adults","quantile","0.75",160
"INFLAenza","2026-08-15",0,"2026-08-15","Adults","quantile","0.8",172
"INFLAenza","2026-08-15",0,"2026-08-15","Adults","quantile","0.85",189
"INFLAenza","2026-08-15",0,"2026-08-15","Adults","quantile","0.9",212
"INFLAenza","2026-08-15",0,"2026-08-15","Adults","quantile","0.95",248
"INFLAenza","2026-08-15",0,"2026-08-15","Adults","quantile","0.975",289
"INFLAenza","2026-08-15",0,"2026-08-15","Adults","quantile","0.99",341
"INFLAenza","2026-08-15",0,"2026-08-15","Overall","quantile","0.01",96
"INFLAenza","2026-08-15",0,"2026-08-15","Overall","quantile","0.025",112
"INFLAenza","2026-08-15",0,"2026-08-15","Overall","quantile","0.05",129
"INFLAenza","2026-08-15",0,"2026-08-15","Overall","quantile","0.1",150
"INFLAenza","2026-08-15",0,"2026-08-15","Overall","quantile","0.15",167
"INFLAenza","2026-08-15",0,"2026-08-15","Overall","quantile","0.2",181
"INFLAenza","2026-08-15",0,"2026-08-15","Overall","quantile","0.25",195
"INFLAenza","2026-08-15",0,"2026-08-15","Overall","quantile","0.3",208
"INFLAenza","2026-08-15",0,"2026-08-15","Overall","quantile","0.35",221
"INFLAenza","2026-08-15",0,"2026-08-15","Overall","quantile","0.4",233
"INFLAenza","2026-08-15",0,"2026-08-15","Overall","quantile","0.45",247
"INFLAenza","2026-08-15",0,"2026-08-15","Overall","quantile","0.5",260
"INFLAenza","2026-08-15",0,"2026-08-15","Overall","quantile","0.55",275
"INFLAenza","2026-08-15",0,"2026-08-15","Overall","quantile","0.6",289
"INFLAenza","2026-08-15",0,"2026-08-15","Overall","quantile","0.65",306
"INFLAenza","2026-08-15",0,"2026-08-15","Overall","quantile","0.7",324
"INFLAenza","2026-08-15",0,"2026-08-15","Overall","quantile","0.75",343
"INFLAenza","2026-08-15",0,"2026-08-15","Overall","quantile","0.8",367
"INFLAenza","2026-08-15",0,"2026-08-15","Overall","quantile","0.85",397
"INFLAenza","2026-08-15",0,"2026-08-15","Overall","quantile","0.9",440
"INFLAenza","2026-08-15",0,"2026-08-15","Overall","quantile","0.95",507
"INFLAenza","2026-08-15",0,"2026-08-15","Overall","quantile","0.975",570
"INFLAenza","2026-08-15",0,"2026-08-15","Overall","quantile","0.99",660
"INFLAenza","2026-08-15",0,"2026-08-15","Pediatrics","quantile","0.01",44
"INFLAenza","2026-08-15",0,"2026-08-15","Pediatrics","quantile","0.025",52
"INFLAenza","2026-08-15",0,"2026-08-15","Pediatrics","quantile","0.05",62
"INFLAenza","2026-08-15",0,"2026-08-15","Pediatrics","quantile","0.1",73
"INFLAenza","2026-08-15",0,"2026-08-15","Pediatrics","quantile","0.15",82
"INFLAenza","2026-08-15",0,"2026-08-15","Pediatrics","quantile","0.2",91
"INFLAenza","2026-08-15",0,"2026-08-15","Pediatrics","quantile","0.25",99
"INFLAenza","2026-08-15",0,"2026-08-15","Pediatrics","quantile","0.3",106
"INFLAenza","2026-08-15",0,"2026-08-15","Pediatrics","quantile","0.35",114
"INFLAenza","2026-08-15",0,"2026-08-15","Pediatrics","quantile","0.4",121
"INFLAenza","2026-08-15",0,"2026-08-15","Pediatrics","quantile","0.45",129
"INFLAenza","2026-08-15",0,"2026-08-15","Pediatrics","quantile","0.5",137
"INFLAenza","2026-08-15",0,"2026-08-15","Pediatrics","quantile","0.55",146
"INFLAenza","2026-08-15",0,"2026-08-15","Pediatrics","quantile","0.6",157
"INFLAenza","2026-08-15",0,"2026-08-15","Pediatrics","quantile","0.65",167
"INFLAenza","2026-08-15",0,"2026-08-15","Pediatrics","quantile","0.7",177
"INFLAenza","2026-08-15",0,"2026-08-15","Pediatrics","quantile","0.75",190
"INFLAenza","2026-08-15",0,"2026-08-15","Pediatrics","quantile","0.8",204
"INFLAenza","2026-08-15",0,"2026-08-15","Pediatrics","quantile","0.85",221
"INFLAenza","2026-08-15",0,"2026-08-15","Pediatrics","quantile","0.9",249
"INFLAenza","2026-08-15",0,"2026-08-15","Pediatrics","quantile","0.95",296
"INFLAenza","2026-08-15",0,"2026-08-15","Pediatrics","quantile","0.975",346
"INFLAenza","2026-08-15",0,"2026-08-15","Pediatrics","quantile","0.99",399
"INFLAenza","2026-08-15",1,"2026-08-22","Adults","quantile","0.01",34
"INFLAenza","2026-08-15",1,"2026-08-22","Adults","quantile","0.025",41
"INFLAenza","2026-08-15",1,"2026-08-22","Adults","quantile","0.05",49
"INFLAenza","2026-08-15",1,"2026-08-22","Adults","quantile","0.1",61
"INFLAenza","2026-08-15",1,"2026-08-22","Adults","quantile","0.15",69
"INFLAenza","2026-08-15",1,"2026-08-22","Adults","quantile","0.2",76
"INFLAenza","2026-08-15",1,"2026-08-22","Adults","quantile","0.25",83
"INFLAenza","2026-08-15",1,"2026-08-22","Adults","quantile","0.3",90
"INFLAenza","2026-08-15",1,"2026-08-22","Adults","quantile","0.35",97
"INFLAenza","2026-08-15",1,"2026-08-22","Adults","quantile","0.4",103
"INFLAenza","2026-08-15",1,"2026-08-22","Adults","quantile","0.45",110
"INFLAenza","2026-08-15",1,"2026-08-22","Adults","quantile","0.5",117
"INFLAenza","2026-08-15",1,"2026-08-22","Adults","quantile","0.55",125
"INFLAenza","2026-08-15",1,"2026-08-22","Adults","quantile","0.6",132
"INFLAenza","2026-08-15",1,"2026-08-22","Adults","quantile","0.65",142
"INFLAenza","2026-08-15",1,"2026-08-22","Adults","quantile","0.7",152
"INFLAenza","2026-08-15",1,"2026-08-22","Adults","quantile","0.75",163
"INFLAenza","2026-08-15",1,"2026-08-22","Adults","quantile","0.8",178
"INFLAenza","2026-08-15",1,"2026-08-22","Adults","quantile","0.85",195
"INFLAenza","2026-08-15",1,"2026-08-22","Adults","quantile","0.9",219
"INFLAenza","2026-08-15",1,"2026-08-22","Adults","quantile","0.95",259
"INFLAenza","2026-08-15",1,"2026-08-22","Adults","quantile","0.975",301
"INFLAenza","2026-08-15",1,"2026-08-22","Adults","quantile","0.99",358
"INFLAenza","2026-08-15",1,"2026-08-22","Overall","quantile","0.01",92
"INFLAenza","2026-08-15",1,"2026-08-22","Overall","quantile","0.025",108
"INFLAenza","2026-08-15",1,"2026-08-22","Overall","quantile","0.05",124
"INFLAenza","2026-08-15",1,"2026-08-22","Overall","quantile","0.1",150
"INFLAenza","2026-08-15",1,"2026-08-22","Overall","quantile","0.15",168
"INFLAenza","2026-08-15",1,"2026-08-22","Overall","quantile","0.2",182
"INFLAenza","2026-08-15",1,"2026-08-22","Overall","quantile","0.25",196
"INFLAenza","2026-08-15",1,"2026-08-22","Overall","quantile","0.3",209
"INFLAenza","2026-08-15",1,"2026-08-22","Overall","quantile","0.35",222
"INFLAenza","2026-08-15",1,"2026-08-22","Overall","quantile","0.4",234
"INFLAenza","2026-08-15",1,"2026-08-22","Overall","quantile","0.45",248
"INFLAenza","2026-08-15",1,"2026-08-22","Overall","quantile","0.5",263
"INFLAenza","2026-08-15",1,"2026-08-22","Overall","quantile","0.55",280
"INFLAenza","2026-08-15",1,"2026-08-22","Overall","quantile","0.6",296
"INFLAenza","2026-08-15",1,"2026-08-22","Overall","quantile","0.65",312
"INFLAenza","2026-08-15",1,"2026-08-22","Overall","quantile","0.7",330
"INFLAenza","2026-08-15",1,"2026-08-22","Overall","quantile","0.75",350
"INFLAenza","2026-08-15",1,"2026-08-22","Overall","quantile","0.8",374
"INFLAenza","2026-08-15",1,"2026-08-22","Overall","quantile","0.85",407
"INFLAenza","2026-08-15",1,"2026-08-22","Overall","quantile","0.9",448
"INFLAenza","2026-08-15",1,"2026-08-22","Overall","quantile","0.95",525
"INFLAenza","2026-08-15",1,"2026-08-22","Overall","quantile","0.975",588
"INFLAenza","2026-08-15",1,"2026-08-22","Overall","quantile","0.99",674
"INFLAenza","2026-08-15",1,"2026-08-22","Pediatrics","quantile","0.01",41
"INFLAenza","2026-08-15",1,"2026-08-22","Pediatrics","quantile","0.025",50
"INFLAenza","2026-08-15",1,"2026-08-22","Pediatrics","quantile","0.05",59
"INFLAenza","2026-08-15",1,"2026-08-22","Pediatrics","quantile","0.1",72
"INFLAenza","2026-08-15",1,"2026-08-22","Pediatrics","quantile","0.15",82
"INFLAenza","2026-08-15",1,"2026-08-22","Pediatrics","quantile","0.2",91
"INFLAenza","2026-08-15",1,"2026-08-22","Pediatrics","quantile","0.25",98
"INFLAenza","2026-08-15",1,"2026-08-22","Pediatrics","quantile","0.3",106
"INFLAenza","2026-08-15",1,"2026-08-22","Pediatrics","quantile","0.35",114
"INFLAenza","2026-08-15",1,"2026-08-22","Pediatrics","quantile","0.4",122
"INFLAenza","2026-08-15",1,"2026-08-22","Pediatrics","quantile","0.45",130
"INFLAenza","2026-08-15",1,"2026-08-22","Pediatrics","quantile","0.5",139
"INFLAenza","2026-08-15",1,"2026-08-22","Pediatrics","quantile","0.55",147
"INFLAenza","2026-08-15",1,"2026-08-22","Pediatrics","quantile","0.6",158
"INFLAenza","2026-08-15",1,"2026-08-22","Pediatrics","quantile","0.65",169
"INFLAenza","2026-08-15",1,"2026-08-22","Pediatrics","quantile","0.7",180
"INFLAenza","2026-08-15",1,"2026-08-22","Pediatrics","quantile","0.75",193
"INFLAenza","2026-08-15",1,"2026-08-22","Pediatrics","quantile","0.8",209
"INFLAenza","2026-08-15",1,"2026-08-22","Pediatrics","quantile","0.85",226
"INFLAenza","2026-08-15",1,"2026-08-22","Pediatrics","quantile","0.9",256
"INFLAenza","2026-08-15",1,"2026-08-22","Pediatrics","quantile","0.95",310
"INFLAenza","2026-08-15",1,"2026-08-22","Pediatrics","quantile","0.975",354
"INFLAenza","2026-08-15",1,"2026-08-22","Pediatrics","quantile","0.99",409
"INFLAenza","2026-08-15",2,"2026-08-29","Adults","quantile","0.01",33
"INFLAenza","2026-08-15",2,"2026-08-29","Adults","quantile","0.025",41
"INFLAenza","2026-08-15",2,"2026-08-29","Adults","quantile","0.05",48
"INFLAenza","2026-08-15",2,"2026-08-29","Adults","quantile","0.1",61
"INFLAenza","2026-08-15",2,"2026-08-29","Adults","quantile","0.15",68
"INFLAenza","2026-08-15",2,"2026-08-29","Adults","quantile","0.2",76
"INFLAenza","2026-08-15",2,"2026-08-29","Adults","quantile","0.25",83
"INFLAenza","2026-08-15",2,"2026-08-29","Adults","quantile","0.3",89
"INFLAenza","2026-08-15",2,"2026-08-29","Adults","quantile","0.35",96
"INFLAenza","2026-08-15",2,"2026-08-29","Adults","quantile","0.4",103
"INFLAenza","2026-08-15",2,"2026-08-29","Adults","quantile","0.45",109
"INFLAenza","2026-08-15",2,"2026-08-29","Adults","quantile","0.5",117
"INFLAenza","2026-08-15",2,"2026-08-29","Adults","quantile","0.55",125
"INFLAenza","2026-08-15",2,"2026-08-29","Adults","quantile","0.6",134
"INFLAenza","2026-08-15",2,"2026-08-29","Adults","quantile","0.65",144
"INFLAenza","2026-08-15",2,"2026-08-29","Adults","quantile","0.7",154
"INFLAenza","2026-08-15",2,"2026-08-29","Adults","quantile","0.75",166
"INFLAenza","2026-08-15",2,"2026-08-29","Adults","quantile","0.8",180
"INFLAenza","2026-08-15",2,"2026-08-29","Adults","quantile","0.85",199
"INFLAenza","2026-08-15",2,"2026-08-29","Adults","quantile","0.9",226
"INFLAenza","2026-08-15",2,"2026-08-29","Adults","quantile","0.95",265
"INFLAenza","2026-08-15",2,"2026-08-29","Adults","quantile","0.975",309
"INFLAenza","2026-08-15",2,"2026-08-29","Adults","quantile","0.99",368
"INFLAenza","2026-08-15",2,"2026-08-29","Overall","quantile","0.01",90
"INFLAenza","2026-08-15",2,"2026-08-29","Overall","quantile","0.025",108
"INFLAenza","2026-08-15",2,"2026-08-29","Overall","quantile","0.05",126
"INFLAenza","2026-08-15",2,"2026-08-29","Overall","quantile","0.1",149
"INFLAenza","2026-08-15",2,"2026-08-29","Overall","quantile","0.15",167
"INFLAenza","2026-08-15",2,"2026-08-29","Overall","quantile","0.2",181
"INFLAenza","2026-08-15",2,"2026-08-29","Overall","quantile","0.25",194
"INFLAenza","2026-08-15",2,"2026-08-29","Overall","quantile","0.3",208
"INFLAenza","2026-08-15",2,"2026-08-29","Overall","quantile","0.35",223
"INFLAenza","2026-08-15",2,"2026-08-29","Overall","quantile","0.4",237
"INFLAenza","2026-08-15",2,"2026-08-29","Overall","quantile","0.45",250
"INFLAenza","2026-08-15",2,"2026-08-29","Overall","quantile","0.5",265
"INFLAenza","2026-08-15",2,"2026-08-29","Overall","quantile","0.55",281
"INFLAenza","2026-08-15",2,"2026-08-29","Overall","quantile","0.6",296
"INFLAenza","2026-08-15",2,"2026-08-29","Overall","quantile","0.65",315
"INFLAenza","2026-08-15",2,"2026-08-29","Overall","quantile","0.7",333
"INFLAenza","2026-08-15",2,"2026-08-29","Overall","quantile","0.75",355
"INFLAenza","2026-08-15",2,"2026-08-29","Overall","quantile","0.8",384
"INFLAenza","2026-08-15",2,"2026-08-29","Overall","quantile","0.85",416
"INFLAenza","2026-08-15",2,"2026-08-29","Overall","quantile","0.9",463
"INFLAenza","2026-08-15",2,"2026-08-29","Overall","quantile","0.95",547
"INFLAenza","2026-08-15",2,"2026-08-29","Overall","quantile","0.975",615
"INFLAenza","2026-08-15",2,"2026-08-29","Overall","quantile","0.99",703
"INFLAenza","2026-08-15",2,"2026-08-29","Pediatrics","quantile","0.01",41
"INFLAenza","2026-08-15",2,"2026-08-29","Pediatrics","quantile","0.025",49
"INFLAenza","2026-08-15",2,"2026-08-29","Pediatrics","quantile","0.05",60
"INFLAenza","2026-08-15",2,"2026-08-29","Pediatrics","quantile","0.1",72
"INFLAenza","2026-08-15",2,"2026-08-29","Pediatrics","quantile","0.15",81
"INFLAenza","2026-08-15",2,"2026-08-29","Pediatrics","quantile","0.2",91
"INFLAenza","2026-08-15",2,"2026-08-29","Pediatrics","quantile","0.25",98
"INFLAenza","2026-08-15",2,"2026-08-29","Pediatrics","quantile","0.3",107
"INFLAenza","2026-08-15",2,"2026-08-29","Pediatrics","quantile","0.35",115
"INFLAenza","2026-08-15",2,"2026-08-29","Pediatrics","quantile","0.4",122
"INFLAenza","2026-08-15",2,"2026-08-29","Pediatrics","quantile","0.45",131
"INFLAenza","2026-08-15",2,"2026-08-29","Pediatrics","quantile","0.5",140
"INFLAenza","2026-08-15",2,"2026-08-29","Pediatrics","quantile","0.55",148
"INFLAenza","2026-08-15",2,"2026-08-29","Pediatrics","quantile","0.6",158
"INFLAenza","2026-08-15",2,"2026-08-29","Pediatrics","quantile","0.65",169
"INFLAenza","2026-08-15",2,"2026-08-29","Pediatrics","quantile","0.7",182
"INFLAenza","2026-08-15",2,"2026-08-29","Pediatrics","quantile","0.75",195
"INFLAenza","2026-08-15",2,"2026-08-29","Pediatrics","quantile","0.8",212
"INFLAenza","2026-08-15",2,"2026-08-29","Pediatrics","quantile","0.85",234
"INFLAenza","2026-08-15",2,"2026-08-29","Pediatrics","quantile","0.9",264
"INFLAenza","2026-08-15",2,"2026-08-29","Pediatrics","quantile","0.95",318
"INFLAenza","2026-08-15",2,"2026-08-29","Pediatrics","quantile","0.975",366
"INFLAenza","2026-08-15",2,"2026-08-29","Pediatrics","quantile","0.99",425
"INFLAenza","2026-08-15",3,"2026-09-05","Adults","quantile","0.01",31
"INFLAenza","2026-08-15",3,"2026-09-05","Adults","quantile","0.025",40
"INFLAenza","2026-08-15",3,"2026-09-05","Adults","quantile","0.05",48
"INFLAenza","2026-08-15",3,"2026-09-05","Adults","quantile","0.1",59
"INFLAenza","2026-08-15",3,"2026-09-05","Adults","quantile","0.15",67
"INFLAenza","2026-08-15",3,"2026-09-05","Adults","quantile","0.2",75
"INFLAenza","2026-08-15",3,"2026-09-05","Adults","quantile","0.25",82
"INFLAenza","2026-08-15",3,"2026-09-05","Adults","quantile","0.3",89
"INFLAenza","2026-08-15",3,"2026-09-05","Adults","quantile","0.35",96
"INFLAenza","2026-08-15",3,"2026-09-05","Adults","quantile","0.4",103
"INFLAenza","2026-08-15",3,"2026-09-05","Adults","quantile","0.45",110
"INFLAenza","2026-08-15",3,"2026-09-05","Adults","quantile","0.5",118
"INFLAenza","2026-08-15",3,"2026-09-05","Adults","quantile","0.55",126
"INFLAenza","2026-08-15",3,"2026-09-05","Adults","quantile","0.6",135
"INFLAenza","2026-08-15",3,"2026-09-05","Adults","quantile","0.65",146
"INFLAenza","2026-08-15",3,"2026-09-05","Adults","quantile","0.7",158
"INFLAenza","2026-08-15",3,"2026-09-05","Adults","quantile","0.75",169
"INFLAenza","2026-08-15",3,"2026-09-05","Adults","quantile","0.8",183
"INFLAenza","2026-08-15",3,"2026-09-05","Adults","quantile","0.85",204
"INFLAenza","2026-08-15",3,"2026-09-05","Adults","quantile","0.9",232
"INFLAenza","2026-08-15",3,"2026-09-05","Adults","quantile","0.95",273
"INFLAenza","2026-08-15",3,"2026-09-05","Adults","quantile","0.975",319
"INFLAenza","2026-08-15",3,"2026-09-05","Adults","quantile","0.99",380
"INFLAenza","2026-08-15",3,"2026-09-05","Overall","quantile","0.01",87
"INFLAenza","2026-08-15",3,"2026-09-05","Overall","quantile","0.025",103
"INFLAenza","2026-08-15",3,"2026-09-05","Overall","quantile","0.05",121
"INFLAenza","2026-08-15",3,"2026-09-05","Overall","quantile","0.1",147
"INFLAenza","2026-08-15",3,"2026-09-05","Overall","quantile","0.15",165
"INFLAenza","2026-08-15",3,"2026-09-05","Overall","quantile","0.2",179
"INFLAenza","2026-08-15",3,"2026-09-05","Overall","quantile","0.25",195
"INFLAenza","2026-08-15",3,"2026-09-05","Overall","quantile","0.3",209
"INFLAenza","2026-08-15",3,"2026-09-05","Overall","quantile","0.35",223
"INFLAenza","2026-08-15",3,"2026-09-05","Overall","quantile","0.4",238
"INFLAenza","2026-08-15",3,"2026-09-05","Overall","quantile","0.45",252
"INFLAenza","2026-08-15",3,"2026-09-05","Overall","quantile","0.5",268
"INFLAenza","2026-08-15",3,"2026-09-05","Overall","quantile","0.55",284
"INFLAenza","2026-08-15",3,"2026-09-05","Overall","quantile","0.6",299
"INFLAenza","2026-08-15",3,"2026-09-05","Overall","quantile","0.65",318
"INFLAenza","2026-08-15",3,"2026-09-05","Overall","quantile","0.7",341
"INFLAenza","2026-08-15",3,"2026-09-05","Overall","quantile","0.75",362
"INFLAenza","2026-08-15",3,"2026-09-05","Overall","quantile","0.8",391
"INFLAenza","2026-08-15",3,"2026-09-05","Overall","quantile","0.85",425
"INFLAenza","2026-08-15",3,"2026-09-05","Overall","quantile","0.9",476
"INFLAenza","2026-08-15",3,"2026-09-05","Overall","quantile","0.95",557
"INFLAenza","2026-08-15",3,"2026-09-05","Overall","quantile","0.975",638
"INFLAenza","2026-08-15",3,"2026-09-05","Overall","quantile","0.99",744
"INFLAenza","2026-08-15",3,"2026-09-05","Pediatrics","quantile","0.01",38
"INFLAenza","2026-08-15",3,"2026-09-05","Pediatrics","quantile","0.025",48
"INFLAenza","2026-08-15",3,"2026-09-05","Pediatrics","quantile","0.05",56
"INFLAenza","2026-08-15",3,"2026-09-05","Pediatrics","quantile","0.1",70
"INFLAenza","2026-08-15",3,"2026-09-05","Pediatrics","quantile","0.15",80
"INFLAenza","2026-08-15",3,"2026-09-05","Pediatrics","quantile","0.2",89
"INFLAenza","2026-08-15",3,"2026-09-05","Pediatrics","quantile","0.25",98
"INFLAenza","2026-08-15",3,"2026-09-05","Pediatrics","quantile","0.3",106
"INFLAenza","2026-08-15",3,"2026-09-05","Pediatrics","quantile","0.35",115
"INFLAenza","2026-08-15",3,"2026-09-05","Pediatrics","quantile","0.4",123
"INFLAenza","2026-08-15",3,"2026-09-05","Pediatrics","quantile","0.45",132
"INFLAenza","2026-08-15",3,"2026-09-05","Pediatrics","quantile","0.5",140
"INFLAenza","2026-08-15",3,"2026-09-05","Pediatrics","quantile","0.55",150
"INFLAenza","2026-08-15",3,"2026-09-05","Pediatrics","quantile","0.6",160
"INFLAenza","2026-08-15",3,"2026-09-05","Pediatrics","quantile","0.65",171
"INFLAenza","2026-08-15",3,"2026-09-05","Pediatrics","quantile","0.7",184
"INFLAenza","2026-08-15",3,"2026-09-05","Pediatrics","quantile","0.75",200
"INFLAenza","2026-08-15",3,"2026-09-05","Pediatrics","quantile","0.8",216
"INFLAenza","2026-08-15",3,"2026-09-05","Pediatrics","quantile","0.85",239
"INFLAenza","2026-08-15",3,"2026-09-05","Pediatrics","quantile","0.9",274
"INFLAenza","2026-08-15",3,"2026-09-05","Pediatrics","quantile","0.95",330
"INFLAenza","2026-08-15",3,"2026-09-05","Pediatrics","quantile","0.975",383
"INFLAenza","2026-08-15",3,"2026-09-05","Pediatrics","quantile","0.99",446
"Copycat","2026-08-15",-8,"2026-06-20","Adults","quantile","0.01",80
"Copycat","2026-08-15",-8,"2026-06-20","Adults","quantile","0.025",81
"Copycat","2026-08-15",-8,"2026-06-20","Adults","quantile","0.05",84
"Copycat","2026-08-15",-8,"2026-06-20","Adults","quantile","0.1",88
"Copycat","2026-08-15",-8,"2026-06-20","Adults","quantile","0.15",92
"Copycat","2026-08-15",-8,"2026-06-20","Adults","quantile","0.2",93
"Copycat","2026-08-15",-8,"2026-06-20","Adults","quantile","0.25",95
"Copycat","2026-08-15",-8,"2026-06-20","Adults","quantile","0.3",97
"Copycat","2026-08-15",-8,"2026-06-20","Adults","quantile","0.35",99
"Copycat","2026-08-15",-8,"2026-06-20","Adults","quantile","0.4",100
"Copycat","2026-08-15",-8,"2026-06-20","Adults","quantile","0.45",102
"Copycat","2026-08-15",-8,"2026-06-20","Adults","quantile","0.5",103
"Copycat","2026-08-15",-8,"2026-06-20","Adults","quantile","0.55",104
"Copycat","2026-08-15",-8,"2026-06-20","Adults","quantile","0.6",106
"Copycat","2026-08-15",-8,"2026-06-20","Adults","quantile","0.65",107
"Copycat","2026-08-15",-8,"2026-06-20","Adults","quantile","0.7",109
"Copycat","2026-08-15",-8,"2026-06-20","Adults","quantile","0.75",111
"Copycat","2026-08-15",-8,"2026-06-20","Adults","quantile","0.8",112
"Copycat","2026-08-15",-8,"2026-06-20","Adults","quantile","0.85",115
"Copycat","2026-08-15",-8,"2026-06-20","Adults","quantile","0.9",118
"Copycat","2026-08-15",-8,"2026-06-20","Adults","quantile","0.95",122
"Copycat","2026-08-15",-8,"2026-06-20","Adults","quantile","0.975",126
"Copycat","2026-08-15",-8,"2026-06-20","Adults","quantile","0.99",131
"Copycat","2026-08-15",-7,"2026-06-27","Adults","quantile","0.01",79
"Copycat","2026-08-15",-7,"2026-06-27","Adults","quantile","0.025",82
"Copycat","2026-08-15",-7,"2026-06-27","Adults","quantile","0.05",85
"Copycat","2026-08-15",-7,"2026-06-27","Adults","quantile","0.1",88
"Copycat","2026-08-15",-7,"2026-06-27","Adults","quantile","0.15",91
"Copycat","2026-08-15",-7,"2026-06-27","Adults","quantile","0.2",93
"Copycat","2026-08-15",-7,"2026-06-27","Adults","quantile","0.25",95
"Copycat","2026-08-15",-7,"2026-06-27","Adults","quantile","0.3",97
"Copycat","2026-08-15",-7,"2026-06-27","Adults","quantile","0.35",99
"Copycat","2026-08-15",-7,"2026-06-27","Adults","quantile","0.4",100
"Copycat","2026-08-15",-7,"2026-06-27","Adults","quantile","0.45",101
"Copycat","2026-08-15",-7,"2026-06-27","Adults","quantile","0.5",103
"Copycat","2026-08-15",-7,"2026-06-27","Adults","quantile","0.55",105
"Copycat","2026-08-15",-7,"2026-06-27","Adults","quantile","0.6",107
"Copycat","2026-08-15",-7,"2026-06-27","Adults","quantile","0.65",108
"Copycat","2026-08-15",-7,"2026-06-27","Adults","quantile","0.7",110
"Copycat","2026-08-15",-7,"2026-06-27","Adults","quantile","0.75",111
"Copycat","2026-08-15",-7,"2026-06-27","Adults","quantile","0.8",114
"Copycat","2026-08-15",-7,"2026-06-27","Adults","quantile","0.85",116
"Copycat","2026-08-15",-7,"2026-06-27","Adults","quantile","0.9",121
"Copycat","2026-08-15",-7,"2026-06-27","Adults","quantile","0.95",127
"Copycat","2026-08-15",-7,"2026-06-27","Adults","quantile","0.975",133
"Copycat","2026-08-15",-7,"2026-06-27","Adults","quantile","0.99",138
"Copycat","2026-08-15",-6,"2026-07-04","Adults","quantile","0.01",77
"Copycat","2026-08-15",-6,"2026-07-04","Adults","quantile","0.025",81
"Copycat","2026-08-15",-6,"2026-07-04","Adults","quantile","0.05",85
"Copycat","2026-08-15",-6,"2026-07-04","Adults","quantile","0.1",88
"Copycat","2026-08-15",-6,"2026-07-04","Adults","quantile","0.15",91
"Copycat","2026-08-15",-6,"2026-07-04","Adults","quantile","0.2",92
"Copycat","2026-08-15",-6,"2026-07-04","Adults","quantile","0.25",94
"Copycat","2026-08-15",-6,"2026-07-04","Adults","quantile","0.3",97
"Copycat","2026-08-15",-6,"2026-07-04","Adults","quantile","0.35",98
"Copycat","2026-08-15",-6,"2026-07-04","Adults","quantile","0.4",100
"Copycat","2026-08-15",-6,"2026-07-04","Adults","quantile","0.45",102
"Copycat","2026-08-15",-6,"2026-07-04","Adults","quantile","0.5",104
"Copycat","2026-08-15",-6,"2026-07-04","Adults","quantile","0.55",105
"Copycat","2026-08-15",-6,"2026-07-04","Adults","quantile","0.6",107
"Copycat","2026-08-15",-6,"2026-07-04","Adults","quantile","0.65",109
"Copycat","2026-08-15",-6,"2026-07-04","Adults","quantile","0.7",111
"Copycat","2026-08-15",-6,"2026-07-04","Adults","quantile","0.75",114
"Copycat","2026-08-15",-6,"2026-07-04","Adults","quantile","0.8",117
"Copycat","2026-08-15",-6,"2026-07-04","Adults","quantile","0.85",121
"Copycat","2026-08-15",-6,"2026-07-04","Adults","quantile","0.9",126
"Copycat","2026-08-15",-6,"2026-07-04","Adults","quantile","0.95",132
"Copycat","2026-08-15",-6,"2026-07-04","Adults","quantile","0.975",140
"Copycat","2026-08-15",-6,"2026-07-04","Adults","quantile","0.99",148
"Copycat","2026-08-15",-5,"2026-07-11","Adults","quantile","0.01",76
"Copycat","2026-08-15",-5,"2026-07-11","Adults","quantile","0.025",78
"Copycat","2026-08-15",-5,"2026-07-11","Adults","quantile","0.05",81
"Copycat","2026-08-15",-5,"2026-07-11","Adults","quantile","0.1",86
"Copycat","2026-08-15",-5,"2026-07-11","Adults","quantile","0.15",89
"Copycat","2026-08-15",-5,"2026-07-11","Adults","quantile","0.2",91
"Copycat","2026-08-15",-5,"2026-07-11","Adults","quantile","0.25",93
"Copycat","2026-08-15",-5,"2026-07-11","Adults","quantile","0.3",96
"Copycat","2026-08-15",-5,"2026-07-11","Adults","quantile","0.35",97
"Copycat","2026-08-15",-5,"2026-07-11","Adults","quantile","0.4",100
"Copycat","2026-08-15",-5,"2026-07-11","Adults","quantile","0.45",102
"Copycat","2026-08-15",-5,"2026-07-11","Adults","quantile","0.5",104
"Copycat","2026-08-15",-5,"2026-07-11","Adults","quantile","0.55",106
"Copycat","2026-08-15",-5,"2026-07-11","Adults","quantile","0.6",108
"Copycat","2026-08-15",-5,"2026-07-11","Adults","quantile","0.65",110
"Copycat","2026-08-15",-5,"2026-07-11","Adults","quantile","0.7",113
"Copycat","2026-08-15",-5,"2026-07-11","Adults","quantile","0.75",115
"Copycat","2026-08-15",-5,"2026-07-11","Adults","quantile","0.8",119
"Copycat","2026-08-15",-5,"2026-07-11","Adults","quantile","0.85",124
"Copycat","2026-08-15",-5,"2026-07-11","Adults","quantile","0.9",128
"Copycat","2026-08-15",-5,"2026-07-11","Adults","quantile","0.95",137
"Copycat","2026-08-15",-5,"2026-07-11","Adults","quantile","0.975",143
"Copycat","2026-08-15",-5,"2026-07-11","Adults","quantile","0.99",152
"Copycat","2026-08-15",-4,"2026-07-18","Adults","quantile","0.01",70
"Copycat","2026-08-15",-4,"2026-07-18","Adults","quantile","0.025",74
"Copycat","2026-08-15",-4,"2026-07-18","Adults","quantile","0.05",79
"Copycat","2026-08-15",-4,"2026-07-18","Adults","quantile","0.1",84
"Copycat","2026-08-15",-4,"2026-07-18","Adults","quantile","0.15",87
"Copycat","2026-08-15",-4,"2026-07-18","Adults","quantile","0.2",89
"Copycat","2026-08-15",-4,"2026-07-18","Adults","quantile","0.25",91
"Copycat","2026-08-15",-4,"2026-07-18","Adults","quantile","0.3",93
"Copycat","2026-08-15",-4,"2026-07-18","Adults","quantile","0.35",96
"Copycat","2026-08-15",-4,"2026-07-18","Adults","quantile","0.4",98
"Copycat","2026-08-15",-4,"2026-07-18","Adults","quantile","0.45",100
"Copycat","2026-08-15",-4,"2026-07-18","Adults","quantile","0.5",102
"Copycat","2026-08-15",-4,"2026-07-18","Adults","quantile","0.55",104
"Copycat","2026-08-15",-4,"2026-07-18","Adults","quantile","0.6",107
"Copycat","2026-08-15",-4,"2026-07-18","Adults","quantile","0.65",109
"Copycat","2026-08-15",-4,"2026-07-18","Adults","quantile","0.7",113
"Copycat","2026-08-15",-4,"2026-07-18","Adults","quantile","0.75",116
"Copycat","2026-08-15",-4,"2026-07-18","Adults","quantile","0.8",121
"Copycat","2026-08-15",-4,"2026-07-18","Adults","quantile","0.85",124
"Copycat","2026-08-15",-4,"2026-07-18","Adults","quantile","0.9",130
"Copycat","2026-08-15",-4,"2026-07-18","Adults","quantile","0.95",140
"Copycat","2026-08-15",-4,"2026-07-18","Adults","quantile","0.975",149
"Copycat","2026-08-15",-4,"2026-07-18","Adults","quantile","0.99",163
"Copycat","2026-08-15",-3,"2026-07-25","Adults","quantile","0.01",70
"Copycat","2026-08-15",-3,"2026-07-25","Adults","quantile","0.025",72
"Copycat","2026-08-15",-3,"2026-07-25","Adults","quantile","0.05",76
"Copycat","2026-08-15",-3,"2026-07-25","Adults","quantile","0.1",81
"Copycat","2026-08-15",-3,"2026-07-25","Adults","quantile","0.15",85
"Copycat","2026-08-15",-3,"2026-07-25","Adults","quantile","0.2",88
"Copycat","2026-08-15",-3,"2026-07-25","Adults","quantile","0.25",90
"Copycat","2026-08-15",-3,"2026-07-25","Adults","quantile","0.3",93
"Copycat","2026-08-15",-3,"2026-07-25","Adults","quantile","0.35",95
"Copycat","2026-08-15",-3,"2026-07-25","Adults","quantile","0.4",98
"Copycat","2026-08-15",-3,"2026-07-25","Adults","quantile","0.45",101
"Copycat","2026-08-15",-3,"2026-07-25","Adults","quantile","0.5",103
"Copycat","2026-08-15",-3,"2026-07-25","Adults","quantile","0.55",105
"Copycat","2026-08-15",-3,"2026-07-25","Adults","quantile","0.6",108
"Copycat","2026-08-15",-3,"2026-07-25","Adults","quantile","0.65",111
"Copycat","2026-08-15",-3,"2026-07-25","Adults","quantile","0.7",114
"Copycat","2026-08-15",-3,"2026-07-25","Adults","quantile","0.75",118
"Copycat","2026-08-15",-3,"2026-07-25","Adults","quantile","0.8",121
"Copycat","2026-08-15",-3,"2026-07-25","Adults","quantile","0.85",127
"Copycat","2026-08-15",-3,"2026-07-25","Adults","quantile","0.9",136
"Copycat","2026-08-15",-3,"2026-07-25","Adults","quantile","0.95",145
"Copycat","2026-08-15",-3,"2026-07-25","Adults","quantile","0.975",153
"Copycat","2026-08-15",-3,"2026-07-25","Adults","quantile","0.99",166
"Copycat","2026-08-15",-2,"2026-08-01","Adults","quantile","0.01",68
"Copycat","2026-08-15",-2,"2026-08-01","Adults","quantile","0.025",72
"Copycat","2026-08-15",-2,"2026-08-01","Adults","quantile","0.05",75
"Copycat","2026-08-15",-2,"2026-08-01","Adults","quantile","0.1",80
"Copycat","2026-08-15",-2,"2026-08-01","Adults","quantile","0.15",84
"Copycat","2026-08-15",-2,"2026-08-01","Adults","quantile","0.2",86
"Copycat","2026-08-15",-2,"2026-08-01","Adults","quantile","0.25",88
"Copycat","2026-08-15",-2,"2026-08-01","Adults","quantile","0.3",90
"Copycat","2026-08-15",-2,"2026-08-01","Adults","quantile","0.35",93
"Copycat","2026-08-15",-2,"2026-08-01","Adults","quantile","0.4",95
"Copycat","2026-08-15",-2,"2026-08-01","Adults","quantile","0.45",97
"Copycat","2026-08-15",-2,"2026-08-01","Adults","quantile","0.5",100
"Copycat","2026-08-15",-2,"2026-08-01","Adults","quantile","0.55",103
"Copycat","2026-08-15",-2,"2026-08-01","Adults","quantile","0.6",106
"Copycat","2026-08-15",-2,"2026-08-01","Adults","quantile","0.65",108
"Copycat","2026-08-15",-2,"2026-08-01","Adults","quantile","0.7",112
"Copycat","2026-08-15",-2,"2026-08-01","Adults","quantile","0.75",116
"Copycat","2026-08-15",-2,"2026-08-01","Adults","quantile","0.8",120
"Copycat","2026-08-15",-2,"2026-08-01","Adults","quantile","0.85",126
"Copycat","2026-08-15",-2,"2026-08-01","Adults","quantile","0.9",133
"Copycat","2026-08-15",-2,"2026-08-01","Adults","quantile","0.95",145
"Copycat","2026-08-15",-2,"2026-08-01","Adults","quantile","0.975",154
"Copycat","2026-08-15",-2,"2026-08-01","Adults","quantile","0.99",163
"Copycat","2026-08-15",-1,"2026-08-08","Adults","quantile","0.01",65
"Copycat","2026-08-15",-1,"2026-08-08","Adults","quantile","0.025",71
"Copycat","2026-08-15",-1,"2026-08-08","Adults","quantile","0.05",75
"Copycat","2026-08-15",-1,"2026-08-08","Adults","quantile","0.1",79
"Copycat","2026-08-15",-1,"2026-08-08","Adults","quantile","0.15",82
"Copycat","2026-08-15",-1,"2026-08-08","Adults","quantile","0.2",85
"Copycat","2026-08-15",-1,"2026-08-08","Adults","quantile","0.25",87
"Copycat","2026-08-15",-1,"2026-08-08","Adults","quantile","0.3",90
"Copycat","2026-08-15",-1,"2026-08-08","Adults","quantile","0.35",92
"Copycat","2026-08-15",-1,"2026-08-08","Adults","quantile","0.4",95
"Copycat","2026-08-15",-1,"2026-08-08","Adults","quantile","0.45",97
"Copycat","2026-08-15",-1,"2026-08-08","Adults","quantile","0.5",100
"Copycat","2026-08-15",-1,"2026-08-08","Adults","quantile","0.55",102
"Copycat","2026-08-15",-1,"2026-08-08","Adults","quantile","0.6",104
"Copycat","2026-08-15",-1,"2026-08-08","Adults","quantile","0.65",107
"Copycat","2026-08-15",-1,"2026-08-08","Adults","quantile","0.7",111
"Copycat","2026-08-15",-1,"2026-08-08","Adults","quantile","0.75",114
"Copycat","2026-08-15",-1,"2026-08-08","Adults","quantile","0.8",119
"Copycat","2026-08-15",-1,"2026-08-08","Adults","quantile","0.85",125
"Copycat","2026-08-15",-1,"2026-08-08","Adults","quantile","0.9",134
"Copycat","2026-08-15",-1,"2026-08-08","Adults","quantile","0.95",145
"Copycat","2026-08-15",-1,"2026-08-08","Adults","quantile","0.975",157
"Copycat","2026-08-15",-1,"2026-08-08","Adults","quantile","0.99",172
"Copycat","2026-08-15",0,"2026-08-15","Adults","quantile","0.01",63
"Copycat","2026-08-15",0,"2026-08-15","Adults","quantile","0.025",68
"Copycat","2026-08-15",0,"2026-08-15","Adults","quantile","0.05",72
"Copycat","2026-08-15",0,"2026-08-15","Adults","quantile","0.1",76
"Copycat","2026-08-15",0,"2026-08-15","Adults","quantile","0.15",79
"Copycat","2026-08-15",0,"2026-08-15","Adults","quantile","0.2",82
"Copycat","2026-08-15",0,"2026-08-15","Adults","quantile","0.25",84
"Copycat","2026-08-15",0,"2026-08-15","Adults","quantile","0.3",87
"Copycat","2026-08-15",0,"2026-08-15","Adults","quantile","0.35",90
"Copycat","2026-08-15",0,"2026-08-15","Adults","quantile","0.4",92
"Copycat","2026-08-15",0,"2026-08-15","Adults","quantile","0.45",95
"Copycat","2026-08-15",0,"2026-08-15","Adults","quantile","0.5",98
"Copycat","2026-08-15",0,"2026-08-15","Adults","quantile","0.55",100
"Copycat","2026-08-15",0,"2026-08-15","Adults","quantile","0.6",104
"Copycat","2026-08-15",0,"2026-08-15","Adults","quantile","0.65",107
"Copycat","2026-08-15",0,"2026-08-15","Adults","quantile","0.7",110
"Copycat","2026-08-15",0,"2026-08-15","Adults","quantile","0.75",113
"Copycat","2026-08-15",0,"2026-08-15","Adults","quantile","0.8",119
"Copycat","2026-08-15",0,"2026-08-15","Adults","quantile","0.85",124
"Copycat","2026-08-15",0,"2026-08-15","Adults","quantile","0.9",133
"Copycat","2026-08-15",0,"2026-08-15","Adults","quantile","0.95",146
"Copycat","2026-08-15",0,"2026-08-15","Adults","quantile","0.975",157
"Copycat","2026-08-15",0,"2026-08-15","Adults","quantile","0.99",168
"Copycat","2026-08-15",1,"2026-08-22","Adults","quantile","0.01",59
"Copycat","2026-08-15",1,"2026-08-22","Adults","quantile","0.025",65
"Copycat","2026-08-15",1,"2026-08-22","Adults","quantile","0.05",69
"Copycat","2026-08-15",1,"2026-08-22","Adults","quantile","0.1",74
"Copycat","2026-08-15",1,"2026-08-22","Adults","quantile","0.15",77
"Copycat","2026-08-15",1,"2026-08-22","Adults","quantile","0.2",80
"Copycat","2026-08-15",1,"2026-08-22","Adults","quantile","0.25",83
"Copycat","2026-08-15",1,"2026-08-22","Adults","quantile","0.3",86
"Copycat","2026-08-15",1,"2026-08-22","Adults","quantile","0.35",88
"Copycat","2026-08-15",1,"2026-08-22","Adults","quantile","0.4",90
"Copycat","2026-08-15",1,"2026-08-22","Adults","quantile","0.45",93
"Copycat","2026-08-15",1,"2026-08-22","Adults","quantile","0.5",95
"Copycat","2026-08-15",1,"2026-08-22","Adults","quantile","0.55",98
"Copycat","2026-08-15",1,"2026-08-22","Adults","quantile","0.6",101
"Copycat","2026-08-15",1,"2026-08-22","Adults","quantile","0.65",105
"Copycat","2026-08-15",1,"2026-08-22","Adults","quantile","0.7",108
"Copycat","2026-08-15",1,"2026-08-22","Adults","quantile","0.75",111
"Copycat","2026-08-15",1,"2026-08-22","Adults","quantile","0.8",116
"Copycat","2026-08-15",1,"2026-08-22","Adults","quantile","0.85",122
"Copycat","2026-08-15",1,"2026-08-22","Adults","quantile","0.9",131
"Copycat","2026-08-15",1,"2026-08-22","Adults","quantile","0.95",148
"Copycat","2026-08-15",1,"2026-08-22","Adults","quantile","0.975",162
"Copycat","2026-08-15",1,"2026-08-22","Adults","quantile","0.99",175
"Copycat","2026-08-15",2,"2026-08-29","Adults","quantile","0.01",57
"Copycat","2026-08-15",2,"2026-08-29","Adults","quantile","0.025",63
"Copycat","2026-08-15",2,"2026-08-29","Adults","quantile","0.05",68
"Copycat","2026-08-15",2,"2026-08-29","Adults","quantile","0.1",72
"Copycat","2026-08-15",2,"2026-08-29","Adults","quantile","0.15",76
"Copycat","2026-08-15",2,"2026-08-29","Adults","quantile","0.2",79
"Copycat","2026-08-15",2,"2026-08-29","Adults","quantile","0.25",81
"Copycat","2026-08-15",2,"2026-08-29","Adults","quantile","0.3",84
"Copycat","2026-08-15",2,"2026-08-29","Adults","quantile","0.35",86
"Copycat","2026-08-15",2,"2026-08-29","Adults","quantile","0.4",89
"Copycat","2026-08-15",2,"2026-08-29","Adults","quantile","0.45",92
"Copycat","2026-08-15",2,"2026-08-29","Adults","quantile","0.5",94
"Copycat","2026-08-15",2,"2026-08-29","Adults","quantile","0.55",97
"Copycat","2026-08-15",2,"2026-08-29","Adults","quantile","0.6",99
"Copycat","2026-08-15",2,"2026-08-29","Adults","quantile","0.65",102
"Copycat","2026-08-15",2,"2026-08-29","Adults","quantile","0.7",106
"Copycat","2026-08-15",2,"2026-08-29","Adults","quantile","0.75",110
"Copycat","2026-08-15",2,"2026-08-29","Adults","quantile","0.8",115
"Copycat","2026-08-15",2,"2026-08-29","Adults","quantile","0.85",121
"Copycat","2026-08-15",2,"2026-08-29","Adults","quantile","0.9",128
"Copycat","2026-08-15",2,"2026-08-29","Adults","quantile","0.95",143
"Copycat","2026-08-15",2,"2026-08-29","Adults","quantile","0.975",158
"Copycat","2026-08-15",2,"2026-08-29","Adults","quantile","0.99",171
"Copycat","2026-08-15",3,"2026-09-05","Adults","quantile","0.01",56
"Copycat","2026-08-15",3,"2026-09-05","Adults","quantile","0.025",61
"Copycat","2026-08-15",3,"2026-09-05","Adults","quantile","0.05",64
"Copycat","2026-08-15",3,"2026-09-05","Adults","quantile","0.1",69
"Copycat","2026-08-15",3,"2026-09-05","Adults","quantile","0.15",73
"Copycat","2026-08-15",3,"2026-09-05","Adults","quantile","0.2",77
"Copycat","2026-08-15",3,"2026-09-05","Adults","quantile","0.25",79
"Copycat","2026-08-15",3,"2026-09-05","Adults","quantile","0.3",82
"Copycat","2026-08-15",3,"2026-09-05","Adults","quantile","0.35",85
"Copycat","2026-08-15",3,"2026-09-05","Adults","quantile","0.4",88
"Copycat","2026-08-15",3,"2026-09-05","Adults","quantile","0.45",90
"Copycat","2026-08-15",3,"2026-09-05","Adults","quantile","0.5",92
"Copycat","2026-08-15",3,"2026-09-05","Adults","quantile","0.55",95
"Copycat","2026-08-15",3,"2026-09-05","Adults","quantile","0.6",98
"Copycat","2026-08-15",3,"2026-09-05","Adults","quantile","0.65",100
"Copycat","2026-08-15",3,"2026-09-05","Adults","quantile","0.7",104
"Copycat","2026-08-15",3,"2026-09-05","Adults","quantile","0.75",109
"Copycat","2026-08-15",3,"2026-09-05","Adults","quantile","0.8",113
"Copycat","2026-08-15",3,"2026-09-05","Adults","quantile","0.85",118
"Copycat","2026-08-15",3,"2026-09-05","Adults","quantile","0.9",126
"Copycat","2026-08-15",3,"2026-09-05","Adults","quantile","0.95",140
"Copycat","2026-08-15",3,"2026-09-05","Adults","quantile","0.975",150
"Copycat","2026-08-15",3,"2026-09-05","Adults","quantile","0.99",167
"Copycat","2026-08-15",-8,"2026-06-20","Overall","quantile","0.01",193
"Copycat","2026-08-15",-8,"2026-06-20","Overall","quantile","0.025",198
"Copycat","2026-08-15",-8,"2026-06-20","Overall","quantile","0.05",202
"Copycat","2026-08-15",-8,"2026-06-20","Overall","quantile","0.1",210
"Copycat","2026-08-15",-8,"2026-06-20","Overall","quantile","0.15",213
"Copycat","2026-08-15",-8,"2026-06-20","Overall","quantile","0.2",216
"Copycat","2026-08-15",-8,"2026-06-20","Overall","quantile","0.25",219
"Copycat","2026-08-15",-8,"2026-06-20","Overall","quantile","0.3",222
"Copycat","2026-08-15",-8,"2026-06-20","Overall","quantile","0.35",224
"Copycat","2026-08-15",-8,"2026-06-20","Overall","quantile","0.4",226
"Copycat","2026-08-15",-8,"2026-06-20","Overall","quantile","0.45",228
"Copycat","2026-08-15",-8,"2026-06-20","Overall","quantile","0.5",231
"Copycat","2026-08-15",-8,"2026-06-20","Overall","quantile","0.55",233
"Copycat","2026-08-15",-8,"2026-06-20","Overall","quantile","0.6",236
"Copycat","2026-08-15",-8,"2026-06-20","Overall","quantile","0.65",239
"Copycat","2026-08-15",-8,"2026-06-20","Overall","quantile","0.7",241
"Copycat","2026-08-15",-8,"2026-06-20","Overall","quantile","0.75",243
"Copycat","2026-08-15",-8,"2026-06-20","Overall","quantile","0.8",246
"Copycat","2026-08-15",-8,"2026-06-20","Overall","quantile","0.85",251
"Copycat","2026-08-15",-8,"2026-06-20","Overall","quantile","0.9",256
"Copycat","2026-08-15",-8,"2026-06-20","Overall","quantile","0.95",262
"Copycat","2026-08-15",-8,"2026-06-20","Overall","quantile","0.975",266
"Copycat","2026-08-15",-8,"2026-06-20","Overall","quantile","0.99",276
"Copycat","2026-08-15",-7,"2026-06-27","Overall","quantile","0.01",189
"Copycat","2026-08-15",-7,"2026-06-27","Overall","quantile","0.025",193
"Copycat","2026-08-15",-7,"2026-06-27","Overall","quantile","0.05",198
"Copycat","2026-08-15",-7,"2026-06-27","Overall","quantile","0.1",205
"Copycat","2026-08-15",-7,"2026-06-27","Overall","quantile","0.15",210
"Copycat","2026-08-15",-7,"2026-06-27","Overall","quantile","0.2",214
"Copycat","2026-08-15",-7,"2026-06-27","Overall","quantile","0.25",217
"Copycat","2026-08-15",-7,"2026-06-27","Overall","quantile","0.3",220
"Copycat","2026-08-15",-7,"2026-06-27","Overall","quantile","0.35",223
"Copycat","2026-08-15",-7,"2026-06-27","Overall","quantile","0.4",226
"Copycat","2026-08-15",-7,"2026-06-27","Overall","quantile","0.45",228
"Copycat","2026-08-15",-7,"2026-06-27","Overall","quantile","0.5",231
"Copycat","2026-08-15",-7,"2026-06-27","Overall","quantile","0.55",234
"Copycat","2026-08-15",-7,"2026-06-27","Overall","quantile","0.6",237
"Copycat","2026-08-15",-7,"2026-06-27","Overall","quantile","0.65",240
"Copycat","2026-08-15",-7,"2026-06-27","Overall","quantile","0.7",244
"Copycat","2026-08-15",-7,"2026-06-27","Overall","quantile","0.75",248
"Copycat","2026-08-15",-7,"2026-06-27","Overall","quantile","0.8",252
"Copycat","2026-08-15",-7,"2026-06-27","Overall","quantile","0.85",258
"Copycat","2026-08-15",-7,"2026-06-27","Overall","quantile","0.9",263
"Copycat","2026-08-15",-7,"2026-06-27","Overall","quantile","0.95",275
"Copycat","2026-08-15",-7,"2026-06-27","Overall","quantile","0.975",284
"Copycat","2026-08-15",-7,"2026-06-27","Overall","quantile","0.99",291
"Copycat","2026-08-15",-6,"2026-07-04","Overall","quantile","0.01",181
"Copycat","2026-08-15",-6,"2026-07-04","Overall","quantile","0.025",190
"Copycat","2026-08-15",-6,"2026-07-04","Overall","quantile","0.05",195
"Copycat","2026-08-15",-6,"2026-07-04","Overall","quantile","0.1",202
"Copycat","2026-08-15",-6,"2026-07-04","Overall","quantile","0.15",207
"Copycat","2026-08-15",-6,"2026-07-04","Overall","quantile","0.2",211
"Copycat","2026-08-15",-6,"2026-07-04","Overall","quantile","0.25",215
"Copycat","2026-08-15",-6,"2026-07-04","Overall","quantile","0.3",219
"Copycat","2026-08-15",-6,"2026-07-04","Overall","quantile","0.35",221
"Copycat","2026-08-15",-6,"2026-07-04","Overall","quantile","0.4",224
"Copycat","2026-08-15",-6,"2026-07-04","Overall","quantile","0.45",227
"Copycat","2026-08-15",-6,"2026-07-04","Overall","quantile","0.5",231
"Copycat","2026-08-15",-6,"2026-07-04","Overall","quantile","0.55",234
"Copycat","2026-08-15",-6,"2026-07-04","Overall","quantile","0.6",238
"Copycat","2026-08-15",-6,"2026-07-04","Overall","quantile","0.65",242
"Copycat","2026-08-15",-6,"2026-07-04","Overall","quantile","0.7",248
"Copycat","2026-08-15",-6,"2026-07-04","Overall","quantile","0.75",252
"Copycat","2026-08-15",-6,"2026-07-04","Overall","quantile","0.8",260
"Copycat","2026-08-15",-6,"2026-07-04","Overall","quantile","0.85",264
"Copycat","2026-08-15",-6,"2026-07-04","Overall","quantile","0.9",276
"Copycat","2026-08-15",-6,"2026-07-04","Overall","quantile","0.95",291
"Copycat","2026-08-15",-6,"2026-07-04","Overall","quantile","0.975",300
"Copycat","2026-08-15",-6,"2026-07-04","Overall","quantile","0.99",310
"Copycat","2026-08-15",-5,"2026-07-11","Overall","quantile","0.01",177
"Copycat","2026-08-15",-5,"2026-07-11","Overall","quantile","0.025",184
"Copycat","2026-08-15",-5,"2026-07-11","Overall","quantile","0.05",190
"Copycat","2026-08-15",-5,"2026-07-11","Overall","quantile","0.1",199
"Copycat","2026-08-15",-5,"2026-07-11","Overall","quantile","0.15",204
"Copycat","2026-08-15",-5,"2026-07-11","Overall","quantile","0.2",208
"Copycat","2026-08-15",-5,"2026-07-11","Overall","quantile","0.25",213
"Copycat","2026-08-15",-5,"2026-07-11","Overall","quantile","0.3",216
"Copycat","2026-08-15",-5,"2026-07-11","Overall","quantile","0.35",219
"Copycat","2026-08-15",-5,"2026-07-11","Overall","quantile","0.4",223
"Copycat","2026-08-15",-5,"2026-07-11","Overall","quantile","0.45",227
"Copycat","2026-08-15",-5,"2026-07-11","Overall","quantile","0.5",231
"Copycat","2026-08-15",-5,"2026-07-11","Overall","quantile","0.55",236
"Copycat","2026-08-15",-5,"2026-07-11","Overall","quantile","0.6",239
"Copycat","2026-08-15",-5,"2026-07-11","Overall","quantile","0.65",244
"Copycat","2026-08-15",-5,"2026-07-11","Overall","quantile","0.7",250
"Copycat","2026-08-15",-5,"2026-07-11","Overall","quantile","0.75",257
"Copycat","2026-08-15",-5,"2026-07-11","Overall","quantile","0.8",267
"Copycat","2026-08-15",-5,"2026-07-11","Overall","quantile","0.85",275
"Copycat","2026-08-15",-5,"2026-07-11","Overall","quantile","0.9",283
"Copycat","2026-08-15",-5,"2026-07-11","Overall","quantile","0.95",302
"Copycat","2026-08-15",-5,"2026-07-11","Overall","quantile","0.975",321
"Copycat","2026-08-15",-5,"2026-07-11","Overall","quantile","0.99",334
"Copycat","2026-08-15",-4,"2026-07-18","Overall","quantile","0.01",172
"Copycat","2026-08-15",-4,"2026-07-18","Overall","quantile","0.025",182
"Copycat","2026-08-15",-4,"2026-07-18","Overall","quantile","0.05",186
"Copycat","2026-08-15",-4,"2026-07-18","Overall","quantile","0.1",195
"Copycat","2026-08-15",-4,"2026-07-18","Overall","quantile","0.15",199
"Copycat","2026-08-15",-4,"2026-07-18","Overall","quantile","0.2",204
"Copycat","2026-08-15",-4,"2026-07-18","Overall","quantile","0.25",208
"Copycat","2026-08-15",-4,"2026-07-18","Overall","quantile","0.3",212
"Copycat","2026-08-15",-4,"2026-07-18","Overall","quantile","0.35",216
"Copycat","2026-08-15",-4,"2026-07-18","Overall","quantile","0.4",220
"Copycat","2026-08-15",-4,"2026-07-18","Overall","quantile","0.45",224
"Copycat","2026-08-15",-4,"2026-07-18","Overall","quantile","0.5",228
"Copycat","2026-08-15",-4,"2026-07-18","Overall","quantile","0.55",232
"Copycat","2026-08-15",-4,"2026-07-18","Overall","quantile","0.6",238
"Copycat","2026-08-15",-4,"2026-07-18","Overall","quantile","0.65",244
"Copycat","2026-08-15",-4,"2026-07-18","Overall","quantile","0.7",248
"Copycat","2026-08-15",-4,"2026-07-18","Overall","quantile","0.75",255
"Copycat","2026-08-15",-4,"2026-07-18","Overall","quantile","0.8",265
"Copycat","2026-08-15",-4,"2026-07-18","Overall","quantile","0.85",274
"Copycat","2026-08-15",-4,"2026-07-18","Overall","quantile","0.9",289
"Copycat","2026-08-15",-4,"2026-07-18","Overall","quantile","0.95",308
"Copycat","2026-08-15",-4,"2026-07-18","Overall","quantile","0.975",326
"Copycat","2026-08-15",-4,"2026-07-18","Overall","quantile","0.99",350
"Copycat","2026-08-15",-3,"2026-07-25","Overall","quantile","0.01",165
"Copycat","2026-08-15",-3,"2026-07-25","Overall","quantile","0.025",173
"Copycat","2026-08-15",-3,"2026-07-25","Overall","quantile","0.05",179
"Copycat","2026-08-15",-3,"2026-07-25","Overall","quantile","0.1",189
"Copycat","2026-08-15",-3,"2026-07-25","Overall","quantile","0.15",195
"Copycat","2026-08-15",-3,"2026-07-25","Overall","quantile","0.2",202
"Copycat","2026-08-15",-3,"2026-07-25","Overall","quantile","0.25",206
"Copycat","2026-08-15",-3,"2026-07-25","Overall","quantile","0.3",209
"Copycat","2026-08-15",-3,"2026-07-25","Overall","quantile","0.35",214
"Copycat","2026-08-15",-3,"2026-07-25","Overall","quantile","0.4",217
"Copycat","2026-08-15",-3,"2026-07-25","Overall","quantile","0.45",221
"Copycat","2026-08-15",-3,"2026-07-25","Overall","quantile","0.5",226
"Copycat","2026-08-15",-3,"2026-07-25","Overall","quantile","0.55",231
"Copycat","2026-08-15",-3,"2026-07-25","Overall","quantile","0.6",236
"Copycat","2026-08-15",-3,"2026-07-25","Overall","quantile","0.65",243
"Copycat","2026-08-15",-3,"2026-07-25","Overall","quantile","0.7",249
"Copycat","2026-08-15",-3,"2026-07-25","Overall","quantile","0.75",258
"Copycat","2026-08-15",-3,"2026-07-25","Overall","quantile","0.8",266
"Copycat","2026-08-15",-3,"2026-07-25","Overall","quantile","0.85",276
"Copycat","2026-08-15",-3,"2026-07-25","Overall","quantile","0.9",290
"Copycat","2026-08-15",-3,"2026-07-25","Overall","quantile","0.95",314
"Copycat","2026-08-15",-3,"2026-07-25","Overall","quantile","0.975",340
"Copycat","2026-08-15",-3,"2026-07-25","Overall","quantile","0.99",354
"Copycat","2026-08-15",-2,"2026-08-01","Overall","quantile","0.01",160
"Copycat","2026-08-15",-2,"2026-08-01","Overall","quantile","0.025",168
"Copycat","2026-08-15",-2,"2026-08-01","Overall","quantile","0.05",174
"Copycat","2026-08-15",-2,"2026-08-01","Overall","quantile","0.1",184
"Copycat","2026-08-15",-2,"2026-08-01","Overall","quantile","0.15",191
"Copycat","2026-08-15",-2,"2026-08-01","Overall","quantile","0.2",198
"Copycat","2026-08-15",-2,"2026-08-01","Overall","quantile","0.25",202
"Copycat","2026-08-15",-2,"2026-08-01","Overall","quantile","0.3",207
"Copycat","2026-08-15",-2,"2026-08-01","Overall","quantile","0.35",212
"Copycat","2026-08-15",-2,"2026-08-01","Overall","quantile","0.4",216
"Copycat","2026-08-15",-2,"2026-08-01","Overall","quantile","0.45",220
"Copycat","2026-08-15",-2,"2026-08-01","Overall","quantile","0.5",225
"Copycat","2026-08-15",-2,"2026-08-01","Overall","quantile","0.55",229
"Copycat","2026-08-15",-2,"2026-08-01","Overall","quantile","0.6",236
"Copycat","2026-08-15",-2,"2026-08-01","Overall","quantile","0.65",242
"Copycat","2026-08-15",-2,"2026-08-01","Overall","quantile","0.7",249
"Copycat","2026-08-15",-2,"2026-08-01","Overall","quantile","0.75",256
"Copycat","2026-08-15",-2,"2026-08-01","Overall","quantile","0.8",264
"Copycat","2026-08-15",-2,"2026-08-01","Overall","quantile","0.85",277
"Copycat","2026-08-15",-2,"2026-08-01","Overall","quantile","0.9",291
"Copycat","2026-08-15",-2,"2026-08-01","Overall","quantile","0.95",317
"Copycat","2026-08-15",-2,"2026-08-01","Overall","quantile","0.975",344
"Copycat","2026-08-15",-2,"2026-08-01","Overall","quantile","0.99",361
"Copycat","2026-08-15",-1,"2026-08-08","Overall","quantile","0.01",154
"Copycat","2026-08-15",-1,"2026-08-08","Overall","quantile","0.025",162
"Copycat","2026-08-15",-1,"2026-08-08","Overall","quantile","0.05",170
"Copycat","2026-08-15",-1,"2026-08-08","Overall","quantile","0.1",180
"Copycat","2026-08-15",-1,"2026-08-08","Overall","quantile","0.15",186
"Copycat","2026-08-15",-1,"2026-08-08","Overall","quantile","0.2",192
"Copycat","2026-08-15",-1,"2026-08-08","Overall","quantile","0.25",197
"Copycat","2026-08-15",-1,"2026-08-08","Overall","quantile","0.3",202
"Copycat","2026-08-15",-1,"2026-08-08","Overall","quantile","0.35",207
"Copycat","2026-08-15",-1,"2026-08-08","Overall","quantile","0.4",211
"Copycat","2026-08-15",-1,"2026-08-08","Overall","quantile","0.45",216
"Copycat","2026-08-15",-1,"2026-08-08","Overall","quantile","0.5",222
"Copycat","2026-08-15",-1,"2026-08-08","Overall","quantile","0.55",228
"Copycat","2026-08-15",-1,"2026-08-08","Overall","quantile","0.6",232
"Copycat","2026-08-15",-1,"2026-08-08","Overall","quantile","0.65",238
"Copycat","2026-08-15",-1,"2026-08-08","Overall","quantile","0.7",244
"Copycat","2026-08-15",-1,"2026-08-08","Overall","quantile","0.75",254
"Copycat","2026-08-15",-1,"2026-08-08","Overall","quantile","0.8",265
"Copycat","2026-08-15",-1,"2026-08-08","Overall","quantile","0.85",278
"Copycat","2026-08-15",-1,"2026-08-08","Overall","quantile","0.9",292
"Copycat","2026-08-15",-1,"2026-08-08","Overall","quantile","0.95",324
"Copycat","2026-08-15",-1,"2026-08-08","Overall","quantile","0.975",347
"Copycat","2026-08-15",-1,"2026-08-08","Overall","quantile","0.99",369
"Copycat","2026-08-15",0,"2026-08-15","Overall","quantile","0.01",144
"Copycat","2026-08-15",0,"2026-08-15","Overall","quantile","0.025",153
"Copycat","2026-08-15",0,"2026-08-15","Overall","quantile","0.05",163
"Copycat","2026-08-15",0,"2026-08-15","Overall","quantile","0.1",175
"Copycat","2026-08-15",0,"2026-08-15","Overall","quantile","0.15",182
"Copycat","2026-08-15",0,"2026-08-15","Overall","quantile","0.2",188
"Copycat","2026-08-15",0,"2026-08-15","Overall","quantile","0.25",193
"Copycat","2026-08-15",0,"2026-08-15","Overall","quantile","0.3",200
"Copycat","2026-08-15",0,"2026-08-15","Overall","quantile","0.35",205
"Copycat","2026-08-15",0,"2026-08-15","Overall","quantile","0.4",209
"Copycat","2026-08-15",0,"2026-08-15","Overall","quantile","0.45",214
"Copycat","2026-08-15",0,"2026-08-15","Overall","quantile","0.5",219
"Copycat","2026-08-15",0,"2026-08-15","Overall","quantile","0.55",224
"Copycat","2026-08-15",0,"2026-08-15","Overall","quantile","0.6",229
"Copycat","2026-08-15",0,"2026-08-15","Overall","quantile","0.65",236
"Copycat","2026-08-15",0,"2026-08-15","Overall","quantile","0.7",242
"Copycat","2026-08-15",0,"2026-08-15","Overall","quantile","0.75",249
"Copycat","2026-08-15",0,"2026-08-15","Overall","quantile","0.8",260
"Copycat","2026-08-15",0,"2026-08-15","Overall","quantile","0.85",273
"Copycat","2026-08-15",0,"2026-08-15","Overall","quantile","0.9",290
"Copycat","2026-08-15",0,"2026-08-15","Overall","quantile","0.95",322
"Copycat","2026-08-15",0,"2026-08-15","Overall","quantile","0.975",354
"Copycat","2026-08-15",0,"2026-08-15","Overall","quantile","0.99",375
"Copycat","2026-08-15",1,"2026-08-22","Overall","quantile","0.01",143
"Copycat","2026-08-15",1,"2026-08-22","Overall","quantile","0.025",149
"Copycat","2026-08-15",1,"2026-08-22","Overall","quantile","0.05",157
"Copycat","2026-08-15",1,"2026-08-22","Overall","quantile","0.1",170
"Copycat","2026-08-15",1,"2026-08-22","Overall","quantile","0.15",178
"Copycat","2026-08-15",1,"2026-08-22","Overall","quantile","0.2",185
"Copycat","2026-08-15",1,"2026-08-22","Overall","quantile","0.25",190
"Copycat","2026-08-15",1,"2026-08-22","Overall","quantile","0.3",195
"Copycat","2026-08-15",1,"2026-08-22","Overall","quantile","0.35",200
"Copycat","2026-08-15",1,"2026-08-22","Overall","quantile","0.4",206
"Copycat","2026-08-15",1,"2026-08-22","Overall","quantile","0.45",210
"Copycat","2026-08-15",1,"2026-08-22","Overall","quantile","0.5",216
"Copycat","2026-08-15",1,"2026-08-22","Overall","quantile","0.55",221
"Copycat","2026-08-15",1,"2026-08-22","Overall","quantile","0.6",227
"Copycat","2026-08-15",1,"2026-08-22","Overall","quantile","0.65",233
"Copycat","2026-08-15",1,"2026-08-22","Overall","quantile","0.7",239
"Copycat","2026-08-15",1,"2026-08-22","Overall","quantile","0.75",247
"Copycat","2026-08-15",1,"2026-08-22","Overall","quantile","0.8",255
"Copycat","2026-08-15",1,"2026-08-22","Overall","quantile","0.85",264
"Copycat","2026-08-15",1,"2026-08-22","Overall","quantile","0.9",282
"Copycat","2026-08-15",1,"2026-08-22","Overall","quantile","0.95",322
"Copycat","2026-08-15",1,"2026-08-22","Overall","quantile","0.975",348
"Copycat","2026-08-15",1,"2026-08-22","Overall","quantile","0.99",369
"Copycat","2026-08-15",2,"2026-08-29","Overall","quantile","0.01",134
"Copycat","2026-08-15",2,"2026-08-29","Overall","quantile","0.025",142
"Copycat","2026-08-15",2,"2026-08-29","Overall","quantile","0.05",152
"Copycat","2026-08-15",2,"2026-08-29","Overall","quantile","0.1",164
"Copycat","2026-08-15",2,"2026-08-29","Overall","quantile","0.15",171
"Copycat","2026-08-15",2,"2026-08-29","Overall","quantile","0.2",177
"Copycat","2026-08-15",2,"2026-08-29","Overall","quantile","0.25",183
"Copycat","2026-08-15",2,"2026-08-29","Overall","quantile","0.3",189
"Copycat","2026-08-15",2,"2026-08-29","Overall","quantile","0.35",195
"Copycat","2026-08-15",2,"2026-08-29","Overall","quantile","0.4",200
"Copycat","2026-08-15",2,"2026-08-29","Overall","quantile","0.45",206
"Copycat","2026-08-15",2,"2026-08-29","Overall","quantile","0.5",210
"Copycat","2026-08-15",2,"2026-08-29","Overall","quantile","0.55",216
"Copycat","2026-08-15",2,"2026-08-29","Overall","quantile","0.6",222
"Copycat","2026-08-15",2,"2026-08-29","Overall","quantile","0.65",227
"Copycat","2026-08-15",2,"2026-08-29","Overall","quantile","0.7",235
"Copycat","2026-08-15",2,"2026-08-29","Overall","quantile","0.75",242
"Copycat","2026-08-15",2,"2026-08-29","Overall","quantile","0.8",250
"Copycat","2026-08-15",2,"2026-08-29","Overall","quantile","0.85",262
"Copycat","2026-08-15",2,"2026-08-29","Overall","quantile","0.9",279
"Copycat","2026-08-15",2,"2026-08-29","Overall","quantile","0.95",319
"Copycat","2026-08-15",2,"2026-08-29","Overall","quantile","0.975",347
"Copycat","2026-08-15",2,"2026-08-29","Overall","quantile","0.99",370
"Copycat","2026-08-15",3,"2026-09-05","Overall","quantile","0.01",123
"Copycat","2026-08-15",3,"2026-09-05","Overall","quantile","0.025",136
"Copycat","2026-08-15",3,"2026-09-05","Overall","quantile","0.05",147
"Copycat","2026-08-15",3,"2026-09-05","Overall","quantile","0.1",159
"Copycat","2026-08-15",3,"2026-09-05","Overall","quantile","0.15",169
"Copycat","2026-08-15",3,"2026-09-05","Overall","quantile","0.2",177
"Copycat","2026-08-15",3,"2026-09-05","Overall","quantile","0.25",184
"Copycat","2026-08-15",3,"2026-09-05","Overall","quantile","0.3",187
"Copycat","2026-08-15",3,"2026-09-05","Overall","quantile","0.35",192
"Copycat","2026-08-15",3,"2026-09-05","Overall","quantile","0.4",197
"Copycat","2026-08-15",3,"2026-09-05","Overall","quantile","0.45",201
"Copycat","2026-08-15",3,"2026-09-05","Overall","quantile","0.5",206
"Copycat","2026-08-15",3,"2026-09-05","Overall","quantile","0.55",211
"Copycat","2026-08-15",3,"2026-09-05","Overall","quantile","0.6",217
"Copycat","2026-08-15",3,"2026-09-05","Overall","quantile","0.65",222
"Copycat","2026-08-15",3,"2026-09-05","Overall","quantile","0.7",228
"Copycat","2026-08-15",3,"2026-09-05","Overall","quantile","0.75",237
"Copycat","2026-08-15",3,"2026-09-05","Overall","quantile","0.8",246
"Copycat","2026-08-15",3,"2026-09-05","Overall","quantile","0.85",258
"Copycat","2026-08-15",3,"2026-09-05","Overall","quantile","0.9",277
"Copycat","2026-08-15",3,"2026-09-05","Overall","quantile","0.95",306
"Copycat","2026-08-15",3,"2026-09-05","Overall","quantile","0.975",334
"Copycat","2026-08-15",3,"2026-09-05","Overall","quantile","0.99",358
"Copycat","2026-08-15",-8,"2026-06-20","Pediatrics","quantile","0.01",100
"Copycat","2026-08-15",-8,"2026-06-20","Pediatrics","quantile","0.025",105
"Copycat","2026-08-15",-8,"2026-06-20","Pediatrics","quantile","0.05",108
"Copycat","2026-08-15",-8,"2026-06-20","Pediatrics","quantile","0.1",113
"Copycat","2026-08-15",-8,"2026-06-20","Pediatrics","quantile","0.15",115
"Copycat","2026-08-15",-8,"2026-06-20","Pediatrics","quantile","0.2",117
"Copycat","2026-08-15",-8,"2026-06-20","Pediatrics","quantile","0.25",119
"Copycat","2026-08-15",-8,"2026-06-20","Pediatrics","quantile","0.3",121
"Copycat","2026-08-15",-8,"2026-06-20","Pediatrics","quantile","0.35",123
"Copycat","2026-08-15",-8,"2026-06-20","Pediatrics","quantile","0.4",125
"Copycat","2026-08-15",-8,"2026-06-20","Pediatrics","quantile","0.45",127
"Copycat","2026-08-15",-8,"2026-06-20","Pediatrics","quantile","0.5",128
"Copycat","2026-08-15",-8,"2026-06-20","Pediatrics","quantile","0.55",129
"Copycat","2026-08-15",-8,"2026-06-20","Pediatrics","quantile","0.6",131
"Copycat","2026-08-15",-8,"2026-06-20","Pediatrics","quantile","0.65",133
"Copycat","2026-08-15",-8,"2026-06-20","Pediatrics","quantile","0.7",134
"Copycat","2026-08-15",-8,"2026-06-20","Pediatrics","quantile","0.75",136
"Copycat","2026-08-15",-8,"2026-06-20","Pediatrics","quantile","0.8",138
"Copycat","2026-08-15",-8,"2026-06-20","Pediatrics","quantile","0.85",141
"Copycat","2026-08-15",-8,"2026-06-20","Pediatrics","quantile","0.9",143
"Copycat","2026-08-15",-8,"2026-06-20","Pediatrics","quantile","0.95",149
"Copycat","2026-08-15",-8,"2026-06-20","Pediatrics","quantile","0.975",154
"Copycat","2026-08-15",-8,"2026-06-20","Pediatrics","quantile","0.99",159
"Copycat","2026-08-15",-7,"2026-06-27","Pediatrics","quantile","0.01",97
"Copycat","2026-08-15",-7,"2026-06-27","Pediatrics","quantile","0.025",103
"Copycat","2026-08-15",-7,"2026-06-27","Pediatrics","quantile","0.05",108
"Copycat","2026-08-15",-7,"2026-06-27","Pediatrics","quantile","0.1",112
"Copycat","2026-08-15",-7,"2026-06-27","Pediatrics","quantile","0.15",115
"Copycat","2026-08-15",-7,"2026-06-27","Pediatrics","quantile","0.2",117
"Copycat","2026-08-15",-7,"2026-06-27","Pediatrics","quantile","0.25",120
"Copycat","2026-08-15",-7,"2026-06-27","Pediatrics","quantile","0.3",122
"Copycat","2026-08-15",-7,"2026-06-27","Pediatrics","quantile","0.35",124
"Copycat","2026-08-15",-7,"2026-06-27","Pediatrics","quantile","0.4",126
"Copycat","2026-08-15",-7,"2026-06-27","Pediatrics","quantile","0.45",127
"Copycat","2026-08-15",-7,"2026-06-27","Pediatrics","quantile","0.5",129
"Copycat","2026-08-15",-7,"2026-06-27","Pediatrics","quantile","0.55",130
"Copycat","2026-08-15",-7,"2026-06-27","Pediatrics","quantile","0.6",132
"Copycat","2026-08-15",-7,"2026-06-27","Pediatrics","quantile","0.65",134
"Copycat","2026-08-15",-7,"2026-06-27","Pediatrics","quantile","0.7",136
"Copycat","2026-08-15",-7,"2026-06-27","Pediatrics","quantile","0.75",138
"Copycat","2026-08-15",-7,"2026-06-27","Pediatrics","quantile","0.8",140
"Copycat","2026-08-15",-7,"2026-06-27","Pediatrics","quantile","0.85",144
"Copycat","2026-08-15",-7,"2026-06-27","Pediatrics","quantile","0.9",148
"Copycat","2026-08-15",-7,"2026-06-27","Pediatrics","quantile","0.95",155
"Copycat","2026-08-15",-7,"2026-06-27","Pediatrics","quantile","0.975",161
"Copycat","2026-08-15",-7,"2026-06-27","Pediatrics","quantile","0.99",166
"Copycat","2026-08-15",-6,"2026-07-04","Pediatrics","quantile","0.01",98
"Copycat","2026-08-15",-6,"2026-07-04","Pediatrics","quantile","0.025",102
"Copycat","2026-08-15",-6,"2026-07-04","Pediatrics","quantile","0.05",107
"Copycat","2026-08-15",-6,"2026-07-04","Pediatrics","quantile","0.1",110
"Copycat","2026-08-15",-6,"2026-07-04","Pediatrics","quantile","0.15",113
"Copycat","2026-08-15",-6,"2026-07-04","Pediatrics","quantile","0.2",116
"Copycat","2026-08-15",-6,"2026-07-04","Pediatrics","quantile","0.25",118
"Copycat","2026-08-15",-6,"2026-07-04","Pediatrics","quantile","0.3",120
"Copycat","2026-08-15",-6,"2026-07-04","Pediatrics","quantile","0.35",123
"Copycat","2026-08-15",-6,"2026-07-04","Pediatrics","quantile","0.4",125
"Copycat","2026-08-15",-6,"2026-07-04","Pediatrics","quantile","0.45",127
"Copycat","2026-08-15",-6,"2026-07-04","Pediatrics","quantile","0.5",128
"Copycat","2026-08-15",-6,"2026-07-04","Pediatrics","quantile","0.55",130
"Copycat","2026-08-15",-6,"2026-07-04","Pediatrics","quantile","0.6",132
"Copycat","2026-08-15",-6,"2026-07-04","Pediatrics","quantile","0.65",135
"Copycat","2026-08-15",-6,"2026-07-04","Pediatrics","quantile","0.7",138
"Copycat","2026-08-15",-6,"2026-07-04","Pediatrics","quantile","0.75",141
"Copycat","2026-08-15",-6,"2026-07-04","Pediatrics","quantile","0.8",145
"Copycat","2026-08-15",-6,"2026-07-04","Pediatrics","quantile","0.85",148
"Copycat","2026-08-15",-6,"2026-07-04","Pediatrics","quantile","0.9",154
"Copycat","2026-08-15",-6,"2026-07-04","Pediatrics","quantile","0.95",161
"Copycat","2026-08-15",-6,"2026-07-04","Pediatrics","quantile","0.975",169
"Copycat","2026-08-15",-6,"2026-07-04","Pediatrics","quantile","0.99",177
"Copycat","2026-08-15",-5,"2026-07-11","Pediatrics","quantile","0.01",94
"Copycat","2026-08-15",-5,"2026-07-11","Pediatrics","quantile","0.025",99
"Copycat","2026-08-15",-5,"2026-07-11","Pediatrics","quantile","0.05",103
"Copycat","2026-08-15",-5,"2026-07-11","Pediatrics","quantile","0.1",108
"Copycat","2026-08-15",-5,"2026-07-11","Pediatrics","quantile","0.15",112
"Copycat","2026-08-15",-5,"2026-07-11","Pediatrics","quantile","0.2",114
"Copycat","2026-08-15",-5,"2026-07-11","Pediatrics","quantile","0.25",116
"Copycat","2026-08-15",-5,"2026-07-11","Pediatrics","quantile","0.3",119
"Copycat","2026-08-15",-5,"2026-07-11","Pediatrics","quantile","0.35",121
"Copycat","2026-08-15",-5,"2026-07-11","Pediatrics","quantile","0.4",124
"Copycat","2026-08-15",-5,"2026-07-11","Pediatrics","quantile","0.45",126
"Copycat","2026-08-15",-5,"2026-07-11","Pediatrics","quantile","0.5",128
"Copycat","2026-08-15",-5,"2026-07-11","Pediatrics","quantile","0.55",130
"Copycat","2026-08-15",-5,"2026-07-11","Pediatrics","quantile","0.6",133
"Copycat","2026-08-15",-5,"2026-07-11","Pediatrics","quantile","0.65",136
"Copycat","2026-08-15",-5,"2026-07-11","Pediatrics","quantile","0.7",139
"Copycat","2026-08-15",-5,"2026-07-11","Pediatrics","quantile","0.75",142
"Copycat","2026-08-15",-5,"2026-07-11","Pediatrics","quantile","0.8",146
"Copycat","2026-08-15",-5,"2026-07-11","Pediatrics","quantile","0.85",151
"Copycat","2026-08-15",-5,"2026-07-11","Pediatrics","quantile","0.9",156
"Copycat","2026-08-15",-5,"2026-07-11","Pediatrics","quantile","0.95",165
"Copycat","2026-08-15",-5,"2026-07-11","Pediatrics","quantile","0.975",173
"Copycat","2026-08-15",-5,"2026-07-11","Pediatrics","quantile","0.99",184
"Copycat","2026-08-15",-4,"2026-07-18","Pediatrics","quantile","0.01",91
"Copycat","2026-08-15",-4,"2026-07-18","Pediatrics","quantile","0.025",97
"Copycat","2026-08-15",-4,"2026-07-18","Pediatrics","quantile","0.05",101
"Copycat","2026-08-15",-4,"2026-07-18","Pediatrics","quantile","0.1",105
"Copycat","2026-08-15",-4,"2026-07-18","Pediatrics","quantile","0.15",110
"Copycat","2026-08-15",-4,"2026-07-18","Pediatrics","quantile","0.2",113
"Copycat","2026-08-15",-4,"2026-07-18","Pediatrics","quantile","0.25",116
"Copycat","2026-08-15",-4,"2026-07-18","Pediatrics","quantile","0.3",117
"Copycat","2026-08-15",-4,"2026-07-18","Pediatrics","quantile","0.35",120
"Copycat","2026-08-15",-4,"2026-07-18","Pediatrics","quantile","0.4",122
"Copycat","2026-08-15",-4,"2026-07-18","Pediatrics","quantile","0.45",125
"Copycat","2026-08-15",-4,"2026-07-18","Pediatrics","quantile","0.5",128
"Copycat","2026-08-15",-4,"2026-07-18","Pediatrics","quantile","0.55",130
"Copycat","2026-08-15",-4,"2026-07-18","Pediatrics","quantile","0.6",133
"Copycat","2026-08-15",-4,"2026-07-18","Pediatrics","quantile","0.65",135
"Copycat","2026-08-15",-4,"2026-07-18","Pediatrics","quantile","0.7",139
"Copycat","2026-08-15",-4,"2026-07-18","Pediatrics","quantile","0.75",143
"Copycat","2026-08-15",-4,"2026-07-18","Pediatrics","quantile","0.8",148
"Copycat","2026-08-15",-4,"2026-07-18","Pediatrics","quantile","0.85",153
"Copycat","2026-08-15",-4,"2026-07-18","Pediatrics","quantile","0.9",159
"Copycat","2026-08-15",-4,"2026-07-18","Pediatrics","quantile","0.95",170
"Copycat","2026-08-15",-4,"2026-07-18","Pediatrics","quantile","0.975",179
"Copycat","2026-08-15",-4,"2026-07-18","Pediatrics","quantile","0.99",185
"Copycat","2026-08-15",-3,"2026-07-25","Pediatrics","quantile","0.01",89
"Copycat","2026-08-15",-3,"2026-07-25","Pediatrics","quantile","0.025",92
"Copycat","2026-08-15",-3,"2026-07-25","Pediatrics","quantile","0.05",98
"Copycat","2026-08-15",-3,"2026-07-25","Pediatrics","quantile","0.1",103
"Copycat","2026-08-15",-3,"2026-07-25","Pediatrics","quantile","0.15",107
"Copycat","2026-08-15",-3,"2026-07-25","Pediatrics","quantile","0.2",110
"Copycat","2026-08-15",-3,"2026-07-25","Pediatrics","quantile","0.25",113
"Copycat","2026-08-15",-3,"2026-07-25","Pediatrics","quantile","0.3",116
"Copycat","2026-08-15",-3,"2026-07-25","Pediatrics","quantile","0.35",119
"Copycat","2026-08-15",-3,"2026-07-25","Pediatrics","quantile","0.4",121
"Copycat","2026-08-15",-3,"2026-07-25","Pediatrics","quantile","0.45",124
"Copycat","2026-08-15",-3,"2026-07-25","Pediatrics","quantile","0.5",126
"Copycat","2026-08-15",-3,"2026-07-25","Pediatrics","quantile","0.55",129
"Copycat","2026-08-15",-3,"2026-07-25","Pediatrics","quantile","0.6",133
"Copycat","2026-08-15",-3,"2026-07-25","Pediatrics","quantile","0.65",136
"Copycat","2026-08-15",-3,"2026-07-25","Pediatrics","quantile","0.7",140
"Copycat","2026-08-15",-3,"2026-07-25","Pediatrics","quantile","0.75",143
"Copycat","2026-08-15",-3,"2026-07-25","Pediatrics","quantile","0.8",148
"Copycat","2026-08-15",-3,"2026-07-25","Pediatrics","quantile","0.85",154
"Copycat","2026-08-15",-3,"2026-07-25","Pediatrics","quantile","0.9",162
"Copycat","2026-08-15",-3,"2026-07-25","Pediatrics","quantile","0.95",174
"Copycat","2026-08-15",-3,"2026-07-25","Pediatrics","quantile","0.975",183
"Copycat","2026-08-15",-3,"2026-07-25","Pediatrics","quantile","0.99",198
"Copycat","2026-08-15",-2,"2026-08-01","Pediatrics","quantile","0.01",86
"Copycat","2026-08-15",-2,"2026-08-01","Pediatrics","quantile","0.025",90
"Copycat","2026-08-15",-2,"2026-08-01","Pediatrics","quantile","0.05",94
"Copycat","2026-08-15",-2,"2026-08-01","Pediatrics","quantile","0.1",100
"Copycat","2026-08-15",-2,"2026-08-01","Pediatrics","quantile","0.15",104
"Copycat","2026-08-15",-2,"2026-08-01","Pediatrics","quantile","0.2",107
"Copycat","2026-08-15",-2,"2026-08-01","Pediatrics","quantile","0.25",111
"Copycat","2026-08-15",-2,"2026-08-01","Pediatrics","quantile","0.3",113
"Copycat","2026-08-15",-2,"2026-08-01","Pediatrics","quantile","0.35",116
"Copycat","2026-08-15",-2,"2026-08-01","Pediatrics","quantile","0.4",119
"Copycat","2026-08-15",-2,"2026-08-01","Pediatrics","quantile","0.45",122
"Copycat","2026-08-15",-2,"2026-08-01","Pediatrics","quantile","0.5",124
"Copycat","2026-08-15",-2,"2026-08-01","Pediatrics","quantile","0.55",127
"Copycat","2026-08-15",-2,"2026-08-01","Pediatrics","quantile","0.6",131
"Copycat","2026-08-15",-2,"2026-08-01","Pediatrics","quantile","0.65",134
"Copycat","2026-08-15",-2,"2026-08-01","Pediatrics","quantile","0.7",137
"Copycat","2026-08-15",-2,"2026-08-01","Pediatrics","quantile","0.75",143
"Copycat","2026-08-15",-2,"2026-08-01","Pediatrics","quantile","0.8",147
"Copycat","2026-08-15",-2,"2026-08-01","Pediatrics","quantile","0.85",152
"Copycat","2026-08-15",-2,"2026-08-01","Pediatrics","quantile","0.9",161
"Copycat","2026-08-15",-2,"2026-08-01","Pediatrics","quantile","0.95",179
"Copycat","2026-08-15",-2,"2026-08-01","Pediatrics","quantile","0.975",195
"Copycat","2026-08-15",-2,"2026-08-01","Pediatrics","quantile","0.99",206
"Copycat","2026-08-15",-1,"2026-08-08","Pediatrics","quantile","0.01",83
"Copycat","2026-08-15",-1,"2026-08-08","Pediatrics","quantile","0.025",90
"Copycat","2026-08-15",-1,"2026-08-08","Pediatrics","quantile","0.05",93
"Copycat","2026-08-15",-1,"2026-08-08","Pediatrics","quantile","0.1",99
"Copycat","2026-08-15",-1,"2026-08-08","Pediatrics","quantile","0.15",103
"Copycat","2026-08-15",-1,"2026-08-08","Pediatrics","quantile","0.2",107
"Copycat","2026-08-15",-1,"2026-08-08","Pediatrics","quantile","0.25",110
"Copycat","2026-08-15",-1,"2026-08-08","Pediatrics","quantile","0.3",113
"Copycat","2026-08-15",-1,"2026-08-08","Pediatrics","quantile","0.35",116
"Copycat","2026-08-15",-1,"2026-08-08","Pediatrics","quantile","0.4",118
"Copycat","2026-08-15",-1,"2026-08-08","Pediatrics","quantile","0.45",120
"Copycat","2026-08-15",-1,"2026-08-08","Pediatrics","quantile","0.5",123
"Copycat","2026-08-15",-1,"2026-08-08","Pediatrics","quantile","0.55",126
"Copycat","2026-08-15",-1,"2026-08-08","Pediatrics","quantile","0.6",130
"Copycat","2026-08-15",-1,"2026-08-08","Pediatrics","quantile","0.65",134
"Copycat","2026-08-15",-1,"2026-08-08","Pediatrics","quantile","0.7",137
"Copycat","2026-08-15",-1,"2026-08-08","Pediatrics","quantile","0.75",143
"Copycat","2026-08-15",-1,"2026-08-08","Pediatrics","quantile","0.8",148
"Copycat","2026-08-15",-1,"2026-08-08","Pediatrics","quantile","0.85",154
"Copycat","2026-08-15",-1,"2026-08-08","Pediatrics","quantile","0.9",164
"Copycat","2026-08-15",-1,"2026-08-08","Pediatrics","quantile","0.95",178
"Copycat","2026-08-15",-1,"2026-08-08","Pediatrics","quantile","0.975",188
"Copycat","2026-08-15",-1,"2026-08-08","Pediatrics","quantile","0.99",211
"Copycat","2026-08-15",0,"2026-08-15","Pediatrics","quantile","0.01",80
"Copycat","2026-08-15",0,"2026-08-15","Pediatrics","quantile","0.025",85
"Copycat","2026-08-15",0,"2026-08-15","Pediatrics","quantile","0.05",90
"Copycat","2026-08-15",0,"2026-08-15","Pediatrics","quantile","0.1",97
"Copycat","2026-08-15",0,"2026-08-15","Pediatrics","quantile","0.15",100
"Copycat","2026-08-15",0,"2026-08-15","Pediatrics","quantile","0.2",105
"Copycat","2026-08-15",0,"2026-08-15","Pediatrics","quantile","0.25",107
"Copycat","2026-08-15",0,"2026-08-15","Pediatrics","quantile","0.3",111
"Copycat","2026-08-15",0,"2026-08-15","Pediatrics","quantile","0.35",113
"Copycat","2026-08-15",0,"2026-08-15","Pediatrics","quantile","0.4",117
"Copycat","2026-08-15",0,"2026-08-15","Pediatrics","quantile","0.45",119
"Copycat","2026-08-15",0,"2026-08-15","Pediatrics","quantile","0.5",123
"Copycat","2026-08-15",0,"2026-08-15","Pediatrics","quantile","0.55",125
"Copycat","2026-08-15",0,"2026-08-15","Pediatrics","quantile","0.6",128
"Copycat","2026-08-15",0,"2026-08-15","Pediatrics","quantile","0.65",131
"Copycat","2026-08-15",0,"2026-08-15","Pediatrics","quantile","0.7",136
"Copycat","2026-08-15",0,"2026-08-15","Pediatrics","quantile","0.75",141
"Copycat","2026-08-15",0,"2026-08-15","Pediatrics","quantile","0.8",145
"Copycat","2026-08-15",0,"2026-08-15","Pediatrics","quantile","0.85",152
"Copycat","2026-08-15",0,"2026-08-15","Pediatrics","quantile","0.9",163
"Copycat","2026-08-15",0,"2026-08-15","Pediatrics","quantile","0.95",176
"Copycat","2026-08-15",0,"2026-08-15","Pediatrics","quantile","0.975",197
"Copycat","2026-08-15",0,"2026-08-15","Pediatrics","quantile","0.99",205
"Copycat","2026-08-15",1,"2026-08-22","Pediatrics","quantile","0.01",77
"Copycat","2026-08-15",1,"2026-08-22","Pediatrics","quantile","0.025",81
"Copycat","2026-08-15",1,"2026-08-22","Pediatrics","quantile","0.05",87
"Copycat","2026-08-15",1,"2026-08-22","Pediatrics","quantile","0.1",93
"Copycat","2026-08-15",1,"2026-08-22","Pediatrics","quantile","0.15",97
"Copycat","2026-08-15",1,"2026-08-22","Pediatrics","quantile","0.2",101
"Copycat","2026-08-15",1,"2026-08-22","Pediatrics","quantile","0.25",104
"Copycat","2026-08-15",1,"2026-08-22","Pediatrics","quantile","0.3",107
"Copycat","2026-08-15",1,"2026-08-22","Pediatrics","quantile","0.35",111
"Copycat","2026-08-15",1,"2026-08-22","Pediatrics","quantile","0.4",113
"Copycat","2026-08-15",1,"2026-08-22","Pediatrics","quantile","0.45",117
"Copycat","2026-08-15",1,"2026-08-22","Pediatrics","quantile","0.5",120
"Copycat","2026-08-15",1,"2026-08-22","Pediatrics","quantile","0.55",123
"Copycat","2026-08-15",1,"2026-08-22","Pediatrics","quantile","0.6",127
"Copycat","2026-08-15",1,"2026-08-22","Pediatrics","quantile","0.65",131
"Copycat","2026-08-15",1,"2026-08-22","Pediatrics","quantile","0.7",134
"Copycat","2026-08-15",1,"2026-08-22","Pediatrics","quantile","0.75",139
"Copycat","2026-08-15",1,"2026-08-22","Pediatrics","quantile","0.8",144
"Copycat","2026-08-15",1,"2026-08-22","Pediatrics","quantile","0.85",152
"Copycat","2026-08-15",1,"2026-08-22","Pediatrics","quantile","0.9",161
"Copycat","2026-08-15",1,"2026-08-22","Pediatrics","quantile","0.95",180
"Copycat","2026-08-15",1,"2026-08-22","Pediatrics","quantile","0.975",195
"Copycat","2026-08-15",1,"2026-08-22","Pediatrics","quantile","0.99",214
"Copycat","2026-08-15",2,"2026-08-29","Pediatrics","quantile","0.01",72
"Copycat","2026-08-15",2,"2026-08-29","Pediatrics","quantile","0.025",78
"Copycat","2026-08-15",2,"2026-08-29","Pediatrics","quantile","0.05",84
"Copycat","2026-08-15",2,"2026-08-29","Pediatrics","quantile","0.1",91
"Copycat","2026-08-15",2,"2026-08-29","Pediatrics","quantile","0.15",95
"Copycat","2026-08-15",2,"2026-08-29","Pediatrics","quantile","0.2",99
"Copycat","2026-08-15",2,"2026-08-29","Pediatrics","quantile","0.25",103
"Copycat","2026-08-15",2,"2026-08-29","Pediatrics","quantile","0.3",106
"Copycat","2026-08-15",2,"2026-08-29","Pediatrics","quantile","0.35",109
"Copycat","2026-08-15",2,"2026-08-29","Pediatrics","quantile","0.4",111
"Copycat","2026-08-15",2,"2026-08-29","Pediatrics","quantile","0.45",115
"Copycat","2026-08-15",2,"2026-08-29","Pediatrics","quantile","0.5",118
"Copycat","2026-08-15",2,"2026-08-29","Pediatrics","quantile","0.55",120
"Copycat","2026-08-15",2,"2026-08-29","Pediatrics","quantile","0.6",124
"Copycat","2026-08-15",2,"2026-08-29","Pediatrics","quantile","0.65",127
"Copycat","2026-08-15",2,"2026-08-29","Pediatrics","quantile","0.7",129
"Copycat","2026-08-15",2,"2026-08-29","Pediatrics","quantile","0.75",133
"Copycat","2026-08-15",2,"2026-08-29","Pediatrics","quantile","0.8",138
"Copycat","2026-08-15",2,"2026-08-29","Pediatrics","quantile","0.85",147
"Copycat","2026-08-15",2,"2026-08-29","Pediatrics","quantile","0.9",157
"Copycat","2026-08-15",2,"2026-08-29","Pediatrics","quantile","0.95",172
"Copycat","2026-08-15",2,"2026-08-29","Pediatrics","quantile","0.975",189
"Copycat","2026-08-15",2,"2026-08-29","Pediatrics","quantile","0.99",205
"Copycat","2026-08-15",3,"2026-09-05","Pediatrics","quantile","0.01",71
"Copycat","2026-08-15",3,"2026-09-05","Pediatrics","quantile","0.025",77
"Copycat","2026-08-15",3,"2026-09-05","Pediatrics","quantile","0.05",81
"Copycat","2026-08-15",3,"2026-09-05","Pediatrics","quantile","0.1",87
"Copycat","2026-08-15",3,"2026-09-05","Pediatrics","quantile","0.15",92
"Copycat","2026-08-15",3,"2026-09-05","Pediatrics","quantile","0.2",96
"Copycat","2026-08-15",3,"2026-09-05","Pediatrics","quantile","0.25",100
"Copycat","2026-08-15",3,"2026-09-05","Pediatrics","quantile","0.3",104
"Copycat","2026-08-15",3,"2026-09-05","Pediatrics","quantile","0.35",107
"Copycat","2026-08-15",3,"2026-09-05","Pediatrics","quantile","0.4",109
"Copycat","2026-08-15",3,"2026-09-05","Pediatrics","quantile","0.45",112
"Copycat","2026-08-15",3,"2026-09-05","Pediatrics","quantile","0.5",115
"Copycat","2026-08-15",3,"2026-09-05","Pediatrics","quantile","0.55",118
"Copycat","2026-08-15",3,"2026-09-05","Pediatrics","quantile","0.6",121
"Copycat","2026-08-15",3,"2026-09-05","Pediatrics","quantile","0.65",124
"Copycat","2026-08-15",3,"2026-09-05","Pediatrics","quantile","0.7",127
"Copycat","2026-08-15",3,"2026-09-05","Pediatrics","quantile","0.75",132
"Copycat","2026-08-15",3,"2026-09-05","Pediatrics","quantile","0.8",139
"Copycat","2026-08-15",3,"2026-09-05","Pediatrics","quantile","0.85",146
"Copycat","2026-08-15",3,"2026-09-05","Pediatrics","quantile","0.9",155
"Copycat","2026-08-15",3,"2026-09-05","Pediatrics","quantile","0.95",171
"Copycat","2026-08-15",3,"2026-09-05","Pediatrics","quantile","0.975",187
"Copycat","2026-08-15",3,"2026-09-05","Pediatrics","quantile","0.99",205
"newGBQR","2026-08-15",-8,"2026-06-20","Adults","quantile","0.01",0
"newGBQR","2026-08-15",-8,"2026-06-20","Adults","quantile","0.025",11
"newGBQR","2026-08-15",-8,"2026-06-20","Adults","quantile","0.05",31
"newGBQR","2026-08-15",-8,"2026-06-20","Adults","quantile","0.1",55
"newGBQR","2026-08-15",-8,"2026-06-20","Adults","quantile","0.15",64
"newGBQR","2026-08-15",-8,"2026-06-20","Adults","quantile","0.2",69
"newGBQR","2026-08-15",-8,"2026-06-20","Adults","quantile","0.25",74
"newGBQR","2026-08-15",-8,"2026-06-20","Adults","quantile","0.3",76
"newGBQR","2026-08-15",-8,"2026-06-20","Adults","quantile","0.35",78
"newGBQR","2026-08-15",-8,"2026-06-20","Adults","quantile","0.4",79
"newGBQR","2026-08-15",-8,"2026-06-20","Adults","quantile","0.45",83
"newGBQR","2026-08-15",-8,"2026-06-20","Adults","quantile","0.5",87
"newGBQR","2026-08-15",-8,"2026-06-20","Adults","quantile","0.55",89
"newGBQR","2026-08-15",-8,"2026-06-20","Adults","quantile","0.6",98
"newGBQR","2026-08-15",-8,"2026-06-20","Adults","quantile","0.65",99
"newGBQR","2026-08-15",-8,"2026-06-20","Adults","quantile","0.7",102
"newGBQR","2026-08-15",-8,"2026-06-20","Adults","quantile","0.75",105
"newGBQR","2026-08-15",-8,"2026-06-20","Adults","quantile","0.8",113
"newGBQR","2026-08-15",-8,"2026-06-20","Adults","quantile","0.85",118
"newGBQR","2026-08-15",-8,"2026-06-20","Adults","quantile","0.9",124
"newGBQR","2026-08-15",-8,"2026-06-20","Adults","quantile","0.95",132
"newGBQR","2026-08-15",-8,"2026-06-20","Adults","quantile","0.975",143
"newGBQR","2026-08-15",-8,"2026-06-20","Adults","quantile","0.99",168
"newGBQR","2026-08-15",-7,"2026-06-27","Adults","quantile","0.01",0
"newGBQR","2026-08-15",-7,"2026-06-27","Adults","quantile","0.025",10
"newGBQR","2026-08-15",-7,"2026-06-27","Adults","quantile","0.05",30
"newGBQR","2026-08-15",-7,"2026-06-27","Adults","quantile","0.1",53
"newGBQR","2026-08-15",-7,"2026-06-27","Adults","quantile","0.15",62
"newGBQR","2026-08-15",-7,"2026-06-27","Adults","quantile","0.2",67
"newGBQR","2026-08-15",-7,"2026-06-27","Adults","quantile","0.25",71
"newGBQR","2026-08-15",-7,"2026-06-27","Adults","quantile","0.3",75
"newGBQR","2026-08-15",-7,"2026-06-27","Adults","quantile","0.35",77
"newGBQR","2026-08-15",-7,"2026-06-27","Adults","quantile","0.4",80
"newGBQR","2026-08-15",-7,"2026-06-27","Adults","quantile","0.45",83
"newGBQR","2026-08-15",-7,"2026-06-27","Adults","quantile","0.5",87
"newGBQR","2026-08-15",-7,"2026-06-27","Adults","quantile","0.55",90
"newGBQR","2026-08-15",-7,"2026-06-27","Adults","quantile","0.6",97
"newGBQR","2026-08-15",-7,"2026-06-27","Adults","quantile","0.65",99
"newGBQR","2026-08-15",-7,"2026-06-27","Adults","quantile","0.7",103
"newGBQR","2026-08-15",-7,"2026-06-27","Adults","quantile","0.75",105
"newGBQR","2026-08-15",-7,"2026-06-27","Adults","quantile","0.8",113
"newGBQR","2026-08-15",-7,"2026-06-27","Adults","quantile","0.85",120
"newGBQR","2026-08-15",-7,"2026-06-27","Adults","quantile","0.9",124
"newGBQR","2026-08-15",-7,"2026-06-27","Adults","quantile","0.95",131
"newGBQR","2026-08-15",-7,"2026-06-27","Adults","quantile","0.975",144
"newGBQR","2026-08-15",-7,"2026-06-27","Adults","quantile","0.99",169
"newGBQR","2026-08-15",-6,"2026-07-04","Adults","quantile","0.01",0
"newGBQR","2026-08-15",-6,"2026-07-04","Adults","quantile","0.025",10
"newGBQR","2026-08-15",-6,"2026-07-04","Adults","quantile","0.05",29
"newGBQR","2026-08-15",-6,"2026-07-04","Adults","quantile","0.1",50
"newGBQR","2026-08-15",-6,"2026-07-04","Adults","quantile","0.15",59
"newGBQR","2026-08-15",-6,"2026-07-04","Adults","quantile","0.2",64
"newGBQR","2026-08-15",-6,"2026-07-04","Adults","quantile","0.25",68
"newGBQR","2026-08-15",-6,"2026-07-04","Adults","quantile","0.3",70
"newGBQR","2026-08-15",-6,"2026-07-04","Adults","quantile","0.35",71
"newGBQR","2026-08-15",-6,"2026-07-04","Adults","quantile","0.4",76
"newGBQR","2026-08-15",-6,"2026-07-04","Adults","quantile","0.45",79
"newGBQR","2026-08-15",-6,"2026-07-04","Adults","quantile","0.5",83
"newGBQR","2026-08-15",-6,"2026-07-04","Adults","quantile","0.55",89
"newGBQR","2026-08-15",-6,"2026-07-04","Adults","quantile","0.6",95
"newGBQR","2026-08-15",-6,"2026-07-04","Adults","quantile","0.65",98
"newGBQR","2026-08-15",-6,"2026-07-04","Adults","quantile","0.7",102
"newGBQR","2026-08-15",-6,"2026-07-04","Adults","quantile","0.75",104
"newGBQR","2026-08-15",-6,"2026-07-04","Adults","quantile","0.8",111
"newGBQR","2026-08-15",-6,"2026-07-04","Adults","quantile","0.85",118
"newGBQR","2026-08-15",-6,"2026-07-04","Adults","quantile","0.9",122
"newGBQR","2026-08-15",-6,"2026-07-04","Adults","quantile","0.95",132
"newGBQR","2026-08-15",-6,"2026-07-04","Adults","quantile","0.975",146
"newGBQR","2026-08-15",-6,"2026-07-04","Adults","quantile","0.99",168
"newGBQR","2026-08-15",-5,"2026-07-11","Adults","quantile","0.01",0
"newGBQR","2026-08-15",-5,"2026-07-11","Adults","quantile","0.025",8
"newGBQR","2026-08-15",-5,"2026-07-11","Adults","quantile","0.05",26
"newGBQR","2026-08-15",-5,"2026-07-11","Adults","quantile","0.1",48
"newGBQR","2026-08-15",-5,"2026-07-11","Adults","quantile","0.15",57
"newGBQR","2026-08-15",-5,"2026-07-11","Adults","quantile","0.2",61
"newGBQR","2026-08-15",-5,"2026-07-11","Adults","quantile","0.25",61
"newGBQR","2026-08-15",-5,"2026-07-11","Adults","quantile","0.3",65
"newGBQR","2026-08-15",-5,"2026-07-11","Adults","quantile","0.35",67
"newGBQR","2026-08-15",-5,"2026-07-11","Adults","quantile","0.4",71
"newGBQR","2026-08-15",-5,"2026-07-11","Adults","quantile","0.45",72
"newGBQR","2026-08-15",-5,"2026-07-11","Adults","quantile","0.5",77
"newGBQR","2026-08-15",-5,"2026-07-11","Adults","quantile","0.55",82
"newGBQR","2026-08-15",-5,"2026-07-11","Adults","quantile","0.6",88
"newGBQR","2026-08-15",-5,"2026-07-11","Adults","quantile","0.65",92
"newGBQR","2026-08-15",-5,"2026-07-11","Adults","quantile","0.7",97
"newGBQR","2026-08-15",-5,"2026-07-11","Adults","quantile","0.75",100
"newGBQR","2026-08-15",-5,"2026-07-11","Adults","quantile","0.8",109
"newGBQR","2026-08-15",-5,"2026-07-11","Adults","quantile","0.85",115
"newGBQR","2026-08-15",-5,"2026-07-11","Adults","quantile","0.9",121
"newGBQR","2026-08-15",-5,"2026-07-11","Adults","quantile","0.95",134
"newGBQR","2026-08-15",-5,"2026-07-11","Adults","quantile","0.975",147
"newGBQR","2026-08-15",-5,"2026-07-11","Adults","quantile","0.99",169
"newGBQR","2026-08-15",-4,"2026-07-18","Adults","quantile","0.01",0
"newGBQR","2026-08-15",-4,"2026-07-18","Adults","quantile","0.025",6
"newGBQR","2026-08-15",-4,"2026-07-18","Adults","quantile","0.05",24
"newGBQR","2026-08-15",-4,"2026-07-18","Adults","quantile","0.1",46
"newGBQR","2026-08-15",-4,"2026-07-18","Adults","quantile","0.15",54
"newGBQR","2026-08-15",-4,"2026-07-18","Adults","quantile","0.2",57
"newGBQR","2026-08-15",-4,"2026-07-18","Adults","quantile","0.25",59
"newGBQR","2026-08-15",-4,"2026-07-18","Adults","quantile","0.3",61
"newGBQR","2026-08-15",-4,"2026-07-18","Adults","quantile","0.35",64
"newGBQR","2026-08-15",-4,"2026-07-18","Adults","quantile","0.4",69
"newGBQR","2026-08-15",-4,"2026-07-18","Adults","quantile","0.45",70
"newGBQR","2026-08-15",-4,"2026-07-18","Adults","quantile","0.5",75
"newGBQR","2026-08-15",-4,"2026-07-18","Adults","quantile","0.55",80
"newGBQR","2026-08-15",-4,"2026-07-18","Adults","quantile","0.6",84
"newGBQR","2026-08-15",-4,"2026-07-18","Adults","quantile","0.65",90
"newGBQR","2026-08-15",-4,"2026-07-18","Adults","quantile","0.7",91
"newGBQR","2026-08-15",-4,"2026-07-18","Adults","quantile","0.75",97
"newGBQR","2026-08-15",-4,"2026-07-18","Adults","quantile","0.8",106
"newGBQR","2026-08-15",-4,"2026-07-18","Adults","quantile","0.85",113
"newGBQR","2026-08-15",-4,"2026-07-18","Adults","quantile","0.9",121
"newGBQR","2026-08-15",-4,"2026-07-18","Adults","quantile","0.95",134
"newGBQR","2026-08-15",-4,"2026-07-18","Adults","quantile","0.975",147
"newGBQR","2026-08-15",-4,"2026-07-18","Adults","quantile","0.99",166
"newGBQR","2026-08-15",-3,"2026-07-25","Adults","quantile","0.01",0
"newGBQR","2026-08-15",-3,"2026-07-25","Adults","quantile","0.025",6
"newGBQR","2026-08-15",-3,"2026-07-25","Adults","quantile","0.05",20
"newGBQR","2026-08-15",-3,"2026-07-25","Adults","quantile","0.1",43
"newGBQR","2026-08-15",-3,"2026-07-25","Adults","quantile","0.15",52
"newGBQR","2026-08-15",-3,"2026-07-25","Adults","quantile","0.2",54
"newGBQR","2026-08-15",-3,"2026-07-25","Adults","quantile","0.25",57
"newGBQR","2026-08-15",-3,"2026-07-25","Adults","quantile","0.3",58
"newGBQR","2026-08-15",-3,"2026-07-25","Adults","quantile","0.35",62
"newGBQR","2026-08-15",-3,"2026-07-25","Adults","quantile","0.4",67
"newGBQR","2026-08-15",-3,"2026-07-25","Adults","quantile","0.45",67
"newGBQR","2026-08-15",-3,"2026-07-25","Adults","quantile","0.5",70
"newGBQR","2026-08-15",-3,"2026-07-25","Adults","quantile","0.55",76
"newGBQR","2026-08-15",-3,"2026-07-25","Adults","quantile","0.6",80
"newGBQR","2026-08-15",-3,"2026-07-25","Adults","quantile","0.65",85
"newGBQR","2026-08-15",-3,"2026-07-25","Adults","quantile","0.7",89
"newGBQR","2026-08-15",-3,"2026-07-25","Adults","quantile","0.75",94
"newGBQR","2026-08-15",-3,"2026-07-25","Adults","quantile","0.8",101
"newGBQR","2026-08-15",-3,"2026-07-25","Adults","quantile","0.85",110
"newGBQR","2026-08-15",-3,"2026-07-25","Adults","quantile","0.9",120
"newGBQR","2026-08-15",-3,"2026-07-25","Adults","quantile","0.95",135
"newGBQR","2026-08-15",-3,"2026-07-25","Adults","quantile","0.975",146
"newGBQR","2026-08-15",-3,"2026-07-25","Adults","quantile","0.99",166
"newGBQR","2026-08-15",-2,"2026-08-01","Adults","quantile","0.01",0
"newGBQR","2026-08-15",-2,"2026-08-01","Adults","quantile","0.025",5
"newGBQR","2026-08-15",-2,"2026-08-01","Adults","quantile","0.05",20
"newGBQR","2026-08-15",-2,"2026-08-01","Adults","quantile","0.1",41
"newGBQR","2026-08-15",-2,"2026-08-01","Adults","quantile","0.15",51
"newGBQR","2026-08-15",-2,"2026-08-01","Adults","quantile","0.2",51
"newGBQR","2026-08-15",-2,"2026-08-01","Adults","quantile","0.25",54
"newGBQR","2026-08-15",-2,"2026-08-01","Adults","quantile","0.3",57
"newGBQR","2026-08-15",-2,"2026-08-01","Adults","quantile","0.35",61
"newGBQR","2026-08-15",-2,"2026-08-01","Adults","quantile","0.4",65
"newGBQR","2026-08-15",-2,"2026-08-01","Adults","quantile","0.45",66
"newGBQR","2026-08-15",-2,"2026-08-01","Adults","quantile","0.5",68
"newGBQR","2026-08-15",-2,"2026-08-01","Adults","quantile","0.55",73
"newGBQR","2026-08-15",-2,"2026-08-01","Adults","quantile","0.6",76
"newGBQR","2026-08-15",-2,"2026-08-01","Adults","quantile","0.65",80
"newGBQR","2026-08-15",-2,"2026-08-01","Adults","quantile","0.7",87
"newGBQR","2026-08-15",-2,"2026-08-01","Adults","quantile","0.75",91
"newGBQR","2026-08-15",-2,"2026-08-01","Adults","quantile","0.8",99
"newGBQR","2026-08-15",-2,"2026-08-01","Adults","quantile","0.85",107
"newGBQR","2026-08-15",-2,"2026-08-01","Adults","quantile","0.9",117
"newGBQR","2026-08-15",-2,"2026-08-01","Adults","quantile","0.95",134
"newGBQR","2026-08-15",-2,"2026-08-01","Adults","quantile","0.975",145
"newGBQR","2026-08-15",-2,"2026-08-01","Adults","quantile","0.99",166
"newGBQR","2026-08-15",-1,"2026-08-08","Adults","quantile","0.01",0
"newGBQR","2026-08-15",-1,"2026-08-08","Adults","quantile","0.025",5
"newGBQR","2026-08-15",-1,"2026-08-08","Adults","quantile","0.05",20
"newGBQR","2026-08-15",-1,"2026-08-08","Adults","quantile","0.1",40
"newGBQR","2026-08-15",-1,"2026-08-08","Adults","quantile","0.15",48
"newGBQR","2026-08-15",-1,"2026-08-08","Adults","quantile","0.2",51
"newGBQR","2026-08-15",-1,"2026-08-08","Adults","quantile","0.25",53
"newGBQR","2026-08-15",-1,"2026-08-08","Adults","quantile","0.3",56
"newGBQR","2026-08-15",-1,"2026-08-08","Adults","quantile","0.35",60
"newGBQR","2026-08-15",-1,"2026-08-08","Adults","quantile","0.4",62
"newGBQR","2026-08-15",-1,"2026-08-08","Adults","quantile","0.45",64
"newGBQR","2026-08-15",-1,"2026-08-08","Adults","quantile","0.5",65
"newGBQR","2026-08-15",-1,"2026-08-08","Adults","quantile","0.55",68
"newGBQR","2026-08-15",-1,"2026-08-08","Adults","quantile","0.6",72
"newGBQR","2026-08-15",-1,"2026-08-08","Adults","quantile","0.65",76
"newGBQR","2026-08-15",-1,"2026-08-08","Adults","quantile","0.7",80
"newGBQR","2026-08-15",-1,"2026-08-08","Adults","quantile","0.75",87
"newGBQR","2026-08-15",-1,"2026-08-08","Adults","quantile","0.8",97
"newGBQR","2026-08-15",-1,"2026-08-08","Adults","quantile","0.85",105
"newGBQR","2026-08-15",-1,"2026-08-08","Adults","quantile","0.9",116
"newGBQR","2026-08-15",-1,"2026-08-08","Adults","quantile","0.95",135
"newGBQR","2026-08-15",-1,"2026-08-08","Adults","quantile","0.975",145
"newGBQR","2026-08-15",-1,"2026-08-08","Adults","quantile","0.99",167
"newGBQR","2026-08-15",0,"2026-08-15","Adults","quantile","0.01",0
"newGBQR","2026-08-15",0,"2026-08-15","Adults","quantile","0.025",5
"newGBQR","2026-08-15",0,"2026-08-15","Adults","quantile","0.05",20
"newGBQR","2026-08-15",0,"2026-08-15","Adults","quantile","0.1",38
"newGBQR","2026-08-15",0,"2026-08-15","Adults","quantile","0.15",47
"newGBQR","2026-08-15",0,"2026-08-15","Adults","quantile","0.2",50
"newGBQR","2026-08-15",0,"2026-08-15","Adults","quantile","0.25",55
"newGBQR","2026-08-15",0,"2026-08-15","Adults","quantile","0.3",55
"newGBQR","2026-08-15",0,"2026-08-15","Adults","quantile","0.35",58
"newGBQR","2026-08-15",0,"2026-08-15","Adults","quantile","0.4",61
"newGBQR","2026-08-15",0,"2026-08-15","Adults","quantile","0.45",63
"newGBQR","2026-08-15",0,"2026-08-15","Adults","quantile","0.5",64
"newGBQR","2026-08-15",0,"2026-08-15","Adults","quantile","0.55",66
"newGBQR","2026-08-15",0,"2026-08-15","Adults","quantile","0.6",72
"newGBQR","2026-08-15",0,"2026-08-15","Adults","quantile","0.65",72
"newGBQR","2026-08-15",0,"2026-08-15","Adults","quantile","0.7",78
"newGBQR","2026-08-15",0,"2026-08-15","Adults","quantile","0.75",85
"newGBQR","2026-08-15",0,"2026-08-15","Adults","quantile","0.8",93
"newGBQR","2026-08-15",0,"2026-08-15","Adults","quantile","0.85",105
"newGBQR","2026-08-15",0,"2026-08-15","Adults","quantile","0.9",116
"newGBQR","2026-08-15",0,"2026-08-15","Adults","quantile","0.95",135
"newGBQR","2026-08-15",0,"2026-08-15","Adults","quantile","0.975",146
"newGBQR","2026-08-15",0,"2026-08-15","Adults","quantile","0.99",167
"newGBQR","2026-08-15",1,"2026-08-22","Adults","quantile","0.01",0
"newGBQR","2026-08-15",1,"2026-08-22","Adults","quantile","0.025",6
"newGBQR","2026-08-15",1,"2026-08-22","Adults","quantile","0.05",21
"newGBQR","2026-08-15",1,"2026-08-22","Adults","quantile","0.1",39
"newGBQR","2026-08-15",1,"2026-08-22","Adults","quantile","0.15",49
"newGBQR","2026-08-15",1,"2026-08-22","Adults","quantile","0.2",52
"newGBQR","2026-08-15",1,"2026-08-22","Adults","quantile","0.25",55
"newGBQR","2026-08-15",1,"2026-08-22","Adults","quantile","0.3",56
"newGBQR","2026-08-15",1,"2026-08-22","Adults","quantile","0.35",59
"newGBQR","2026-08-15",1,"2026-08-22","Adults","quantile","0.4",59
"newGBQR","2026-08-15",1,"2026-08-22","Adults","quantile","0.45",61
"newGBQR","2026-08-15",1,"2026-08-22","Adults","quantile","0.5",62
"newGBQR","2026-08-15",1,"2026-08-22","Adults","quantile","0.55",66
"newGBQR","2026-08-15",1,"2026-08-22","Adults","quantile","0.6",70
"newGBQR","2026-08-15",1,"2026-08-22","Adults","quantile","0.65",72
"newGBQR","2026-08-15",1,"2026-08-22","Adults","quantile","0.7",78
"newGBQR","2026-08-15",1,"2026-08-22","Adults","quantile","0.75",87
"newGBQR","2026-08-15",1,"2026-08-22","Adults","quantile","0.8",98
"newGBQR","2026-08-15",1,"2026-08-22","Adults","quantile","0.85",111
"newGBQR","2026-08-15",1,"2026-08-22","Adults","quantile","0.9",122
"newGBQR","2026-08-15",1,"2026-08-22","Adults","quantile","0.95",135
"newGBQR","2026-08-15",1,"2026-08-22","Adults","quantile","0.975",146
"newGBQR","2026-08-15",1,"2026-08-22","Adults","quantile","0.99",169
"newGBQR","2026-08-15",2,"2026-08-29","Adults","quantile","0.01",0
"newGBQR","2026-08-15",2,"2026-08-29","Adults","quantile","0.025",4
"newGBQR","2026-08-15",2,"2026-08-29","Adults","quantile","0.05",23
"newGBQR","2026-08-15",2,"2026-08-29","Adults","quantile","0.1",41
"newGBQR","2026-08-15",2,"2026-08-29","Adults","quantile","0.15",53
"newGBQR","2026-08-15",2,"2026-08-29","Adults","quantile","0.2",57
"newGBQR","2026-08-15",2,"2026-08-29","Adults","quantile","0.25",59
"newGBQR","2026-08-15",2,"2026-08-29","Adults","quantile","0.3",59
"newGBQR","2026-08-15",2,"2026-08-29","Adults","quantile","0.35",61
"newGBQR","2026-08-15",2,"2026-08-29","Adults","quantile","0.4",62
"newGBQR","2026-08-15",2,"2026-08-29","Adults","quantile","0.45",63
"newGBQR","2026-08-15",2,"2026-08-29","Adults","quantile","0.5",64
"newGBQR","2026-08-15",2,"2026-08-29","Adults","quantile","0.55",66
"newGBQR","2026-08-15",2,"2026-08-29","Adults","quantile","0.6",71
"newGBQR","2026-08-15",2,"2026-08-29","Adults","quantile","0.65",72
"newGBQR","2026-08-15",2,"2026-08-29","Adults","quantile","0.7",78
"newGBQR","2026-08-15",2,"2026-08-29","Adults","quantile","0.75",88
"newGBQR","2026-08-15",2,"2026-08-29","Adults","quantile","0.8",98
"newGBQR","2026-08-15",2,"2026-08-29","Adults","quantile","0.85",111
"newGBQR","2026-08-15",2,"2026-08-29","Adults","quantile","0.9",122
"newGBQR","2026-08-15",2,"2026-08-29","Adults","quantile","0.95",137
"newGBQR","2026-08-15",2,"2026-08-29","Adults","quantile","0.975",146
"newGBQR","2026-08-15",2,"2026-08-29","Adults","quantile","0.99",169
"newGBQR","2026-08-15",3,"2026-09-05","Adults","quantile","0.01",0
"newGBQR","2026-08-15",3,"2026-09-05","Adults","quantile","0.025",3
"newGBQR","2026-08-15",3,"2026-09-05","Adults","quantile","0.05",26
"newGBQR","2026-08-15",3,"2026-09-05","Adults","quantile","0.1",45
"newGBQR","2026-08-15",3,"2026-09-05","Adults","quantile","0.15",56
"newGBQR","2026-08-15",3,"2026-09-05","Adults","quantile","0.2",61
"newGBQR","2026-08-15",3,"2026-09-05","Adults","quantile","0.25",64
"newGBQR","2026-08-15",3,"2026-09-05","Adults","quantile","0.3",65
"newGBQR","2026-08-15",3,"2026-09-05","Adults","quantile","0.35",65
"newGBQR","2026-08-15",3,"2026-09-05","Adults","quantile","0.4",65
"newGBQR","2026-08-15",3,"2026-09-05","Adults","quantile","0.45",66
"newGBQR","2026-08-15",3,"2026-09-05","Adults","quantile","0.5",68
"newGBQR","2026-08-15",3,"2026-09-05","Adults","quantile","0.55",73
"newGBQR","2026-08-15",3,"2026-09-05","Adults","quantile","0.6",74
"newGBQR","2026-08-15",3,"2026-09-05","Adults","quantile","0.65",77
"newGBQR","2026-08-15",3,"2026-09-05","Adults","quantile","0.7",80
"newGBQR","2026-08-15",3,"2026-09-05","Adults","quantile","0.75",91
"newGBQR","2026-08-15",3,"2026-09-05","Adults","quantile","0.8",102
"newGBQR","2026-08-15",3,"2026-09-05","Adults","quantile","0.85",114
"newGBQR","2026-08-15",3,"2026-09-05","Adults","quantile","0.9",124
"newGBQR","2026-08-15",3,"2026-09-05","Adults","quantile","0.95",137
"newGBQR","2026-08-15",3,"2026-09-05","Adults","quantile","0.975",146
"newGBQR","2026-08-15",3,"2026-09-05","Adults","quantile","0.99",170
"newGBQR","2026-08-15",-8,"2026-06-20","Overall","quantile","0.01",29
"newGBQR","2026-08-15",-8,"2026-06-20","Overall","quantile","0.025",65
"newGBQR","2026-08-15",-8,"2026-06-20","Overall","quantile","0.05",98
"newGBQR","2026-08-15",-8,"2026-06-20","Overall","quantile","0.1",140
"newGBQR","2026-08-15",-8,"2026-06-20","Overall","quantile","0.15",158
"newGBQR","2026-08-15",-8,"2026-06-20","Overall","quantile","0.2",167
"newGBQR","2026-08-15",-8,"2026-06-20","Overall","quantile","0.25",176
"newGBQR","2026-08-15",-8,"2026-06-20","Overall","quantile","0.3",183
"newGBQR","2026-08-15",-8,"2026-06-20","Overall","quantile","0.35",189
"newGBQR","2026-08-15",-8,"2026-06-20","Overall","quantile","0.4",191
"newGBQR","2026-08-15",-8,"2026-06-20","Overall","quantile","0.45",198
"newGBQR","2026-08-15",-8,"2026-06-20","Overall","quantile","0.5",204
"newGBQR","2026-08-15",-8,"2026-06-20","Overall","quantile","0.55",214
"newGBQR","2026-08-15",-8,"2026-06-20","Overall","quantile","0.6",221
"newGBQR","2026-08-15",-8,"2026-06-20","Overall","quantile","0.65",226
"newGBQR","2026-08-15",-8,"2026-06-20","Overall","quantile","0.7",230
"newGBQR","2026-08-15",-8,"2026-06-20","Overall","quantile","0.75",233
"newGBQR","2026-08-15",-8,"2026-06-20","Overall","quantile","0.8",248
"newGBQR","2026-08-15",-8,"2026-06-20","Overall","quantile","0.85",261
"newGBQR","2026-08-15",-8,"2026-06-20","Overall","quantile","0.9",268
"newGBQR","2026-08-15",-8,"2026-06-20","Overall","quantile","0.95",285
"newGBQR","2026-08-15",-8,"2026-06-20","Overall","quantile","0.975",303
"newGBQR","2026-08-15",-8,"2026-06-20","Overall","quantile","0.99",351
"newGBQR","2026-08-15",-7,"2026-06-27","Overall","quantile","0.01",29
"newGBQR","2026-08-15",-7,"2026-06-27","Overall","quantile","0.025",65
"newGBQR","2026-08-15",-7,"2026-06-27","Overall","quantile","0.05",98
"newGBQR","2026-08-15",-7,"2026-06-27","Overall","quantile","0.1",138
"newGBQR","2026-08-15",-7,"2026-06-27","Overall","quantile","0.15",154
"newGBQR","2026-08-15",-7,"2026-06-27","Overall","quantile","0.2",165
"newGBQR","2026-08-15",-7,"2026-06-27","Overall","quantile","0.25",172
"newGBQR","2026-08-15",-7,"2026-06-27","Overall","quantile","0.3",182
"newGBQR","2026-08-15",-7,"2026-06-27","Overall","quantile","0.35",187
"newGBQR","2026-08-15",-7,"2026-06-27","Overall","quantile","0.4",192
"newGBQR","2026-08-15",-7,"2026-06-27","Overall","quantile","0.45",199
"newGBQR","2026-08-15",-7,"2026-06-27","Overall","quantile","0.5",205
"newGBQR","2026-08-15",-7,"2026-06-27","Overall","quantile","0.55",213
"newGBQR","2026-08-15",-7,"2026-06-27","Overall","quantile","0.6",221
"newGBQR","2026-08-15",-7,"2026-06-27","Overall","quantile","0.65",225
"newGBQR","2026-08-15",-7,"2026-06-27","Overall","quantile","0.7",233
"newGBQR","2026-08-15",-7,"2026-06-27","Overall","quantile","0.75",234
"newGBQR","2026-08-15",-7,"2026-06-27","Overall","quantile","0.8",248
"newGBQR","2026-08-15",-7,"2026-06-27","Overall","quantile","0.85",261
"newGBQR","2026-08-15",-7,"2026-06-27","Overall","quantile","0.9",269
"newGBQR","2026-08-15",-7,"2026-06-27","Overall","quantile","0.95",283
"newGBQR","2026-08-15",-7,"2026-06-27","Overall","quantile","0.975",304
"newGBQR","2026-08-15",-7,"2026-06-27","Overall","quantile","0.99",351
"newGBQR","2026-08-15",-6,"2026-07-04","Overall","quantile","0.01",29
"newGBQR","2026-08-15",-6,"2026-07-04","Overall","quantile","0.025",65
"newGBQR","2026-08-15",-6,"2026-07-04","Overall","quantile","0.05",98
"newGBQR","2026-08-15",-6,"2026-07-04","Overall","quantile","0.1",131
"newGBQR","2026-08-15",-6,"2026-07-04","Overall","quantile","0.15",149
"newGBQR","2026-08-15",-6,"2026-07-04","Overall","quantile","0.2",159
"newGBQR","2026-08-15",-6,"2026-07-04","Overall","quantile","0.25",166
"newGBQR","2026-08-15",-6,"2026-07-04","Overall","quantile","0.3",175
"newGBQR","2026-08-15",-6,"2026-07-04","Overall","quantile","0.35",178
"newGBQR","2026-08-15",-6,"2026-07-04","Overall","quantile","0.4",186
"newGBQR","2026-08-15",-6,"2026-07-04","Overall","quantile","0.45",195
"newGBQR","2026-08-15",-6,"2026-07-04","Overall","quantile","0.5",203
"newGBQR","2026-08-15",-6,"2026-07-04","Overall","quantile","0.55",210
"newGBQR","2026-08-15",-6,"2026-07-04","Overall","quantile","0.6",217
"newGBQR","2026-08-15",-6,"2026-07-04","Overall","quantile","0.65",222
"newGBQR","2026-08-15",-6,"2026-07-04","Overall","quantile","0.7",232
"newGBQR","2026-08-15",-6,"2026-07-04","Overall","quantile","0.75",233
"newGBQR","2026-08-15",-6,"2026-07-04","Overall","quantile","0.8",245
"newGBQR","2026-08-15",-6,"2026-07-04","Overall","quantile","0.85",256
"newGBQR","2026-08-15",-6,"2026-07-04","Overall","quantile","0.9",263
"newGBQR","2026-08-15",-6,"2026-07-04","Overall","quantile","0.95",284
"newGBQR","2026-08-15",-6,"2026-07-04","Overall","quantile","0.975",309
"newGBQR","2026-08-15",-6,"2026-07-04","Overall","quantile","0.99",351
"newGBQR","2026-08-15",-5,"2026-07-11","Overall","quantile","0.01",29
"newGBQR","2026-08-15",-5,"2026-07-11","Overall","quantile","0.025",62
"newGBQR","2026-08-15",-5,"2026-07-11","Overall","quantile","0.05",92
"newGBQR","2026-08-15",-5,"2026-07-11","Overall","quantile","0.1",127
"newGBQR","2026-08-15",-5,"2026-07-11","Overall","quantile","0.15",146
"newGBQR","2026-08-15",-5,"2026-07-11","Overall","quantile","0.2",154
"newGBQR","2026-08-15",-5,"2026-07-11","Overall","quantile","0.25",158
"newGBQR","2026-08-15",-5,"2026-07-11","Overall","quantile","0.3",168
"newGBQR","2026-08-15",-5,"2026-07-11","Overall","quantile","0.35",172
"newGBQR","2026-08-15",-5,"2026-07-11","Overall","quantile","0.4",182
"newGBQR","2026-08-15",-5,"2026-07-11","Overall","quantile","0.45",186
"newGBQR","2026-08-15",-5,"2026-07-11","Overall","quantile","0.5",193
"newGBQR","2026-08-15",-5,"2026-07-11","Overall","quantile","0.55",205
"newGBQR","2026-08-15",-5,"2026-07-11","Overall","quantile","0.6",207
"newGBQR","2026-08-15",-5,"2026-07-11","Overall","quantile","0.65",215
"newGBQR","2026-08-15",-5,"2026-07-11","Overall","quantile","0.7",222
"newGBQR","2026-08-15",-5,"2026-07-11","Overall","quantile","0.75",225
"newGBQR","2026-08-15",-5,"2026-07-11","Overall","quantile","0.8",240
"newGBQR","2026-08-15",-5,"2026-07-11","Overall","quantile","0.85",252
"newGBQR","2026-08-15",-5,"2026-07-11","Overall","quantile","0.9",265
"newGBQR","2026-08-15",-5,"2026-07-11","Overall","quantile","0.95",286
"newGBQR","2026-08-15",-5,"2026-07-11","Overall","quantile","0.975",311
"newGBQR","2026-08-15",-5,"2026-07-11","Overall","quantile","0.99",351
"newGBQR","2026-08-15",-4,"2026-07-18","Overall","quantile","0.01",29
"newGBQR","2026-08-15",-4,"2026-07-18","Overall","quantile","0.025",60
"newGBQR","2026-08-15",-4,"2026-07-18","Overall","quantile","0.05",90
"newGBQR","2026-08-15",-4,"2026-07-18","Overall","quantile","0.1",124
"newGBQR","2026-08-15",-4,"2026-07-18","Overall","quantile","0.15",141
"newGBQR","2026-08-15",-4,"2026-07-18","Overall","quantile","0.2",150
"newGBQR","2026-08-15",-4,"2026-07-18","Overall","quantile","0.25",151
"newGBQR","2026-08-15",-4,"2026-07-18","Overall","quantile","0.3",161
"newGBQR","2026-08-15",-4,"2026-07-18","Overall","quantile","0.35",167
"newGBQR","2026-08-15",-4,"2026-07-18","Overall","quantile","0.4",176
"newGBQR","2026-08-15",-4,"2026-07-18","Overall","quantile","0.45",182
"newGBQR","2026-08-15",-4,"2026-07-18","Overall","quantile","0.5",189
"newGBQR","2026-08-15",-4,"2026-07-18","Overall","quantile","0.55",198
"newGBQR","2026-08-15",-4,"2026-07-18","Overall","quantile","0.6",202
"newGBQR","2026-08-15",-4,"2026-07-18","Overall","quantile","0.65",208
"newGBQR","2026-08-15",-4,"2026-07-18","Overall","quantile","0.7",213
"newGBQR","2026-08-15",-4,"2026-07-18","Overall","quantile","0.75",217
"newGBQR","2026-08-15",-4,"2026-07-18","Overall","quantile","0.8",238
"newGBQR","2026-08-15",-4,"2026-07-18","Overall","quantile","0.85",250
"newGBQR","2026-08-15",-4,"2026-07-18","Overall","quantile","0.9",263
"newGBQR","2026-08-15",-4,"2026-07-18","Overall","quantile","0.95",286
"newGBQR","2026-08-15",-4,"2026-07-18","Overall","quantile","0.975",311
"newGBQR","2026-08-15",-4,"2026-07-18","Overall","quantile","0.99",348
"newGBQR","2026-08-15",-3,"2026-07-25","Overall","quantile","0.01",29
"newGBQR","2026-08-15",-3,"2026-07-25","Overall","quantile","0.025",60
"newGBQR","2026-08-15",-3,"2026-07-25","Overall","quantile","0.05",86
"newGBQR","2026-08-15",-3,"2026-07-25","Overall","quantile","0.1",119
"newGBQR","2026-08-15",-3,"2026-07-25","Overall","quantile","0.15",138
"newGBQR","2026-08-15",-3,"2026-07-25","Overall","quantile","0.2",148
"newGBQR","2026-08-15",-3,"2026-07-25","Overall","quantile","0.25",150
"newGBQR","2026-08-15",-3,"2026-07-25","Overall","quantile","0.3",157
"newGBQR","2026-08-15",-3,"2026-07-25","Overall","quantile","0.35",161
"newGBQR","2026-08-15",-3,"2026-07-25","Overall","quantile","0.4",170
"newGBQR","2026-08-15",-3,"2026-07-25","Overall","quantile","0.45",177
"newGBQR","2026-08-15",-3,"2026-07-25","Overall","quantile","0.5",187
"newGBQR","2026-08-15",-3,"2026-07-25","Overall","quantile","0.55",192
"newGBQR","2026-08-15",-3,"2026-07-25","Overall","quantile","0.6",196
"newGBQR","2026-08-15",-3,"2026-07-25","Overall","quantile","0.65",204
"newGBQR","2026-08-15",-3,"2026-07-25","Overall","quantile","0.7",209
"newGBQR","2026-08-15",-3,"2026-07-25","Overall","quantile","0.75",211
"newGBQR","2026-08-15",-3,"2026-07-25","Overall","quantile","0.8",234
"newGBQR","2026-08-15",-3,"2026-07-25","Overall","quantile","0.85",244
"newGBQR","2026-08-15",-3,"2026-07-25","Overall","quantile","0.9",260
"newGBQR","2026-08-15",-3,"2026-07-25","Overall","quantile","0.95",287
"newGBQR","2026-08-15",-3,"2026-07-25","Overall","quantile","0.975",311
"newGBQR","2026-08-15",-3,"2026-07-25","Overall","quantile","0.99",348
"newGBQR","2026-08-15",-2,"2026-08-01","Overall","quantile","0.01",28
"newGBQR","2026-08-15",-2,"2026-08-01","Overall","quantile","0.025",59
"newGBQR","2026-08-15",-2,"2026-08-01","Overall","quantile","0.05",85
"newGBQR","2026-08-15",-2,"2026-08-01","Overall","quantile","0.1",116
"newGBQR","2026-08-15",-2,"2026-08-01","Overall","quantile","0.15",136
"newGBQR","2026-08-15",-2,"2026-08-01","Overall","quantile","0.2",149
"newGBQR","2026-08-15",-2,"2026-08-01","Overall","quantile","0.25",150
"newGBQR","2026-08-15",-2,"2026-08-01","Overall","quantile","0.3",158
"newGBQR","2026-08-15",-2,"2026-08-01","Overall","quantile","0.35",163
"newGBQR","2026-08-15",-2,"2026-08-01","Overall","quantile","0.4",170
"newGBQR","2026-08-15",-2,"2026-08-01","Overall","quantile","0.45",173
"newGBQR","2026-08-15",-2,"2026-08-01","Overall","quantile","0.5",182
"newGBQR","2026-08-15",-2,"2026-08-01","Overall","quantile","0.55",186
"newGBQR","2026-08-15",-2,"2026-08-01","Overall","quantile","0.6",190
"newGBQR","2026-08-15",-2,"2026-08-01","Overall","quantile","0.65",196
"newGBQR","2026-08-15",-2,"2026-08-01","Overall","quantile","0.7",200
"newGBQR","2026-08-15",-2,"2026-08-01","Overall","quantile","0.75",208
"newGBQR","2026-08-15",-2,"2026-08-01","Overall","quantile","0.8",227
"newGBQR","2026-08-15",-2,"2026-08-01","Overall","quantile","0.85",244
"newGBQR","2026-08-15",-2,"2026-08-01","Overall","quantile","0.9",256
"newGBQR","2026-08-15",-2,"2026-08-01","Overall","quantile","0.95",287
"newGBQR","2026-08-15",-2,"2026-08-01","Overall","quantile","0.975",309
"newGBQR","2026-08-15",-2,"2026-08-01","Overall","quantile","0.99",349
"newGBQR","2026-08-15",-1,"2026-08-08","Overall","quantile","0.01",28
"newGBQR","2026-08-15",-1,"2026-08-08","Overall","quantile","0.025",59
"newGBQR","2026-08-15",-1,"2026-08-08","Overall","quantile","0.05",92
"newGBQR","2026-08-15",-1,"2026-08-08","Overall","quantile","0.1",122
"newGBQR","2026-08-15",-1,"2026-08-08","Overall","quantile","0.15",142
"newGBQR","2026-08-15",-1,"2026-08-08","Overall","quantile","0.2",153
"newGBQR","2026-08-15",-1,"2026-08-08","Overall","quantile","0.25",154
"newGBQR","2026-08-15",-1,"2026-08-08","Overall","quantile","0.3",162
"newGBQR","2026-08-15",-1,"2026-08-08","Overall","quantile","0.35",163
"newGBQR","2026-08-15",-1,"2026-08-08","Overall","quantile","0.4",166
"newGBQR","2026-08-15",-1,"2026-08-08","Overall","quantile","0.45",171
"newGBQR","2026-08-15",-1,"2026-08-08","Overall","quantile","0.5",177
"newGBQR","2026-08-15",-1,"2026-08-08","Overall","quantile","0.55",181
"newGBQR","2026-08-15",-1,"2026-08-08","Overall","quantile","0.6",182
"newGBQR","2026-08-15",-1,"2026-08-08","Overall","quantile","0.65",190
"newGBQR","2026-08-15",-1,"2026-08-08","Overall","quantile","0.7",194
"newGBQR","2026-08-15",-1,"2026-08-08","Overall","quantile","0.75",209
"newGBQR","2026-08-15",-1,"2026-08-08","Overall","quantile","0.8",228
"newGBQR","2026-08-15",-1,"2026-08-08","Overall","quantile","0.85",247
"newGBQR","2026-08-15",-1,"2026-08-08","Overall","quantile","0.9",264
"newGBQR","2026-08-15",-1,"2026-08-08","Overall","quantile","0.95",289
"newGBQR","2026-08-15",-1,"2026-08-08","Overall","quantile","0.975",310
"newGBQR","2026-08-15",-1,"2026-08-08","Overall","quantile","0.99",353
"newGBQR","2026-08-15",0,"2026-08-15","Overall","quantile","0.01",28
"newGBQR","2026-08-15",0,"2026-08-15","Overall","quantile","0.025",58
"newGBQR","2026-08-15",0,"2026-08-15","Overall","quantile","0.05",92
"newGBQR","2026-08-15",0,"2026-08-15","Overall","quantile","0.1",123
"newGBQR","2026-08-15",0,"2026-08-15","Overall","quantile","0.15",146
"newGBQR","2026-08-15",0,"2026-08-15","Overall","quantile","0.2",159
"newGBQR","2026-08-15",0,"2026-08-15","Overall","quantile","0.25",159
"newGBQR","2026-08-15",0,"2026-08-15","Overall","quantile","0.3",166
"newGBQR","2026-08-15",0,"2026-08-15","Overall","quantile","0.35",167
"newGBQR","2026-08-15",0,"2026-08-15","Overall","quantile","0.4",171
"newGBQR","2026-08-15",0,"2026-08-15","Overall","quantile","0.45",175
"newGBQR","2026-08-15",0,"2026-08-15","Overall","quantile","0.5",178
"newGBQR","2026-08-15",0,"2026-08-15","Overall","quantile","0.55",179
"newGBQR","2026-08-15",0,"2026-08-15","Overall","quantile","0.6",182
"newGBQR","2026-08-15",0,"2026-08-15","Overall","quantile","0.65",188
"newGBQR","2026-08-15",0,"2026-08-15","Overall","quantile","0.7",194
"newGBQR","2026-08-15",0,"2026-08-15","Overall","quantile","0.75",211
"newGBQR","2026-08-15",0,"2026-08-15","Overall","quantile","0.8",226
"newGBQR","2026-08-15",0,"2026-08-15","Overall","quantile","0.85",247
"newGBQR","2026-08-15",0,"2026-08-15","Overall","quantile","0.9",266
"newGBQR","2026-08-15",0,"2026-08-15","Overall","quantile","0.95",289
"newGBQR","2026-08-15",0,"2026-08-15","Overall","quantile","0.975",310
"newGBQR","2026-08-15",0,"2026-08-15","Overall","quantile","0.99",352
"newGBQR","2026-08-15",1,"2026-08-22","Overall","quantile","0.01",28
"newGBQR","2026-08-15",1,"2026-08-22","Overall","quantile","0.025",57
"newGBQR","2026-08-15",1,"2026-08-22","Overall","quantile","0.05",98
"newGBQR","2026-08-15",1,"2026-08-22","Overall","quantile","0.1",129
"newGBQR","2026-08-15",1,"2026-08-22","Overall","quantile","0.15",150
"newGBQR","2026-08-15",1,"2026-08-22","Overall","quantile","0.2",163
"newGBQR","2026-08-15",1,"2026-08-22","Overall","quantile","0.25",172
"newGBQR","2026-08-15",1,"2026-08-22","Overall","quantile","0.3",175
"newGBQR","2026-08-15",1,"2026-08-22","Overall","quantile","0.35",178
"newGBQR","2026-08-15",1,"2026-08-22","Overall","quantile","0.4",178
"newGBQR","2026-08-15",1,"2026-08-22","Overall","quantile","0.45",182
"newGBQR","2026-08-15",1,"2026-08-22","Overall","quantile","0.5",183
"newGBQR","2026-08-15",1,"2026-08-22","Overall","quantile","0.55",183
"newGBQR","2026-08-15",1,"2026-08-22","Overall","quantile","0.6",187
"newGBQR","2026-08-15",1,"2026-08-22","Overall","quantile","0.65",190
"newGBQR","2026-08-15",1,"2026-08-22","Overall","quantile","0.7",202
"newGBQR","2026-08-15",1,"2026-08-22","Overall","quantile","0.75",214
"newGBQR","2026-08-15",1,"2026-08-22","Overall","quantile","0.8",239
"newGBQR","2026-08-15",1,"2026-08-22","Overall","quantile","0.85",253
"newGBQR","2026-08-15",1,"2026-08-22","Overall","quantile","0.9",270
"newGBQR","2026-08-15",1,"2026-08-22","Overall","quantile","0.95",296
"newGBQR","2026-08-15",1,"2026-08-22","Overall","quantile","0.975",313
"newGBQR","2026-08-15",1,"2026-08-22","Overall","quantile","0.99",361
"newGBQR","2026-08-15",2,"2026-08-29","Overall","quantile","0.01",28
"newGBQR","2026-08-15",2,"2026-08-29","Overall","quantile","0.025",56
"newGBQR","2026-08-15",2,"2026-08-29","Overall","quantile","0.05",98
"newGBQR","2026-08-15",2,"2026-08-29","Overall","quantile","0.1",129
"newGBQR","2026-08-15",2,"2026-08-29","Overall","quantile","0.15",151
"newGBQR","2026-08-15",2,"2026-08-29","Overall","quantile","0.2",169
"newGBQR","2026-08-15",2,"2026-08-29","Overall","quantile","0.25",176
"newGBQR","2026-08-15",2,"2026-08-29","Overall","quantile","0.3",181
"newGBQR","2026-08-15",2,"2026-08-29","Overall","quantile","0.35",181
"newGBQR","2026-08-15",2,"2026-08-29","Overall","quantile","0.4",184
"newGBQR","2026-08-15",2,"2026-08-29","Overall","quantile","0.45",186
"newGBQR","2026-08-15",2,"2026-08-29","Overall","quantile","0.5",186
"newGBQR","2026-08-15",2,"2026-08-29","Overall","quantile","0.55",190
"newGBQR","2026-08-15",2,"2026-08-29","Overall","quantile","0.6",191
"newGBQR","2026-08-15",2,"2026-08-29","Overall","quantile","0.65",204
"newGBQR","2026-08-15",2,"2026-08-29","Overall","quantile","0.7",217
"newGBQR","2026-08-15",2,"2026-08-29","Overall","quantile","0.75",229
"newGBQR","2026-08-15",2,"2026-08-29","Overall","quantile","0.8",252
"newGBQR","2026-08-15",2,"2026-08-29","Overall","quantile","0.85",260
"newGBQR","2026-08-15",2,"2026-08-29","Overall","quantile","0.9",276
"newGBQR","2026-08-15",2,"2026-08-29","Overall","quantile","0.95",299
"newGBQR","2026-08-15",2,"2026-08-29","Overall","quantile","0.975",317
"newGBQR","2026-08-15",2,"2026-08-29","Overall","quantile","0.99",373
"newGBQR","2026-08-15",3,"2026-09-05","Overall","quantile","0.01",28
"newGBQR","2026-08-15",3,"2026-09-05","Overall","quantile","0.025",55
"newGBQR","2026-08-15",3,"2026-09-05","Overall","quantile","0.05",98
"newGBQR","2026-08-15",3,"2026-09-05","Overall","quantile","0.1",131
"newGBQR","2026-08-15",3,"2026-09-05","Overall","quantile","0.15",152
"newGBQR","2026-08-15",3,"2026-09-05","Overall","quantile","0.2",169
"newGBQR","2026-08-15",3,"2026-09-05","Overall","quantile","0.25",175
"newGBQR","2026-08-15",3,"2026-09-05","Overall","quantile","0.3",180
"newGBQR","2026-08-15",3,"2026-09-05","Overall","quantile","0.35",185
"newGBQR","2026-08-15",3,"2026-09-05","Overall","quantile","0.4",186
"newGBQR","2026-08-15",3,"2026-09-05","Overall","quantile","0.45",186
"newGBQR","2026-08-15",3,"2026-09-05","Overall","quantile","0.5",187
"newGBQR","2026-08-15",3,"2026-09-05","Overall","quantile","0.55",191
"newGBQR","2026-08-15",3,"2026-09-05","Overall","quantile","0.6",192
"newGBQR","2026-08-15",3,"2026-09-05","Overall","quantile","0.65",204
"newGBQR","2026-08-15",3,"2026-09-05","Overall","quantile","0.7",217
"newGBQR","2026-08-15",3,"2026-09-05","Overall","quantile","0.75",232
"newGBQR","2026-08-15",3,"2026-09-05","Overall","quantile","0.8",252
"newGBQR","2026-08-15",3,"2026-09-05","Overall","quantile","0.85",262
"newGBQR","2026-08-15",3,"2026-09-05","Overall","quantile","0.9",276
"newGBQR","2026-08-15",3,"2026-09-05","Overall","quantile","0.95",299
"newGBQR","2026-08-15",3,"2026-09-05","Overall","quantile","0.975",318
"newGBQR","2026-08-15",3,"2026-09-05","Overall","quantile","0.99",373
"newGBQR","2026-08-15",-8,"2026-06-20","Pediatrics","quantile","0.01",28
"newGBQR","2026-08-15",-8,"2026-06-20","Pediatrics","quantile","0.025",48
"newGBQR","2026-08-15",-8,"2026-06-20","Pediatrics","quantile","0.05",62
"newGBQR","2026-08-15",-8,"2026-06-20","Pediatrics","quantile","0.1",84
"newGBQR","2026-08-15",-8,"2026-06-20","Pediatrics","quantile","0.15",91
"newGBQR","2026-08-15",-8,"2026-06-20","Pediatrics","quantile","0.2",96
"newGBQR","2026-08-15",-8,"2026-06-20","Pediatrics","quantile","0.25",101
"newGBQR","2026-08-15",-8,"2026-06-20","Pediatrics","quantile","0.3",105
"newGBQR","2026-08-15",-8,"2026-06-20","Pediatrics","quantile","0.35",109
"newGBQR","2026-08-15",-8,"2026-06-20","Pediatrics","quantile","0.4",114
"newGBQR","2026-08-15",-8,"2026-06-20","Pediatrics","quantile","0.45",122
"newGBQR","2026-08-15",-8,"2026-06-20","Pediatrics","quantile","0.5",126
"newGBQR","2026-08-15",-8,"2026-06-20","Pediatrics","quantile","0.55",130
"newGBQR","2026-08-15",-8,"2026-06-20","Pediatrics","quantile","0.6",134
"newGBQR","2026-08-15",-8,"2026-06-20","Pediatrics","quantile","0.65",134
"newGBQR","2026-08-15",-8,"2026-06-20","Pediatrics","quantile","0.7",135
"newGBQR","2026-08-15",-8,"2026-06-20","Pediatrics","quantile","0.75",139
"newGBQR","2026-08-15",-8,"2026-06-20","Pediatrics","quantile","0.8",142
"newGBQR","2026-08-15",-8,"2026-06-20","Pediatrics","quantile","0.85",147
"newGBQR","2026-08-15",-8,"2026-06-20","Pediatrics","quantile","0.9",150
"newGBQR","2026-08-15",-8,"2026-06-20","Pediatrics","quantile","0.95",158
"newGBQR","2026-08-15",-8,"2026-06-20","Pediatrics","quantile","0.975",169
"newGBQR","2026-08-15",-8,"2026-06-20","Pediatrics","quantile","0.99",192
"newGBQR","2026-08-15",-7,"2026-06-27","Pediatrics","quantile","0.01",28
"newGBQR","2026-08-15",-7,"2026-06-27","Pediatrics","quantile","0.025",45
"newGBQR","2026-08-15",-7,"2026-06-27","Pediatrics","quantile","0.05",61
"newGBQR","2026-08-15",-7,"2026-06-27","Pediatrics","quantile","0.1",82
"newGBQR","2026-08-15",-7,"2026-06-27","Pediatrics","quantile","0.15",90
"newGBQR","2026-08-15",-7,"2026-06-27","Pediatrics","quantile","0.2",95
"newGBQR","2026-08-15",-7,"2026-06-27","Pediatrics","quantile","0.25",101
"newGBQR","2026-08-15",-7,"2026-06-27","Pediatrics","quantile","0.3",104
"newGBQR","2026-08-15",-7,"2026-06-27","Pediatrics","quantile","0.35",108
"newGBQR","2026-08-15",-7,"2026-06-27","Pediatrics","quantile","0.4",113
"newGBQR","2026-08-15",-7,"2026-06-27","Pediatrics","quantile","0.45",123
"newGBQR","2026-08-15",-7,"2026-06-27","Pediatrics","quantile","0.5",126
"newGBQR","2026-08-15",-7,"2026-06-27","Pediatrics","quantile","0.55",131
"newGBQR","2026-08-15",-7,"2026-06-27","Pediatrics","quantile","0.6",133
"newGBQR","2026-08-15",-7,"2026-06-27","Pediatrics","quantile","0.65",135
"newGBQR","2026-08-15",-7,"2026-06-27","Pediatrics","quantile","0.7",136
"newGBQR","2026-08-15",-7,"2026-06-27","Pediatrics","quantile","0.75",139
"newGBQR","2026-08-15",-7,"2026-06-27","Pediatrics","quantile","0.8",142
"newGBQR","2026-08-15",-7,"2026-06-27","Pediatrics","quantile","0.85",147
"newGBQR","2026-08-15",-7,"2026-06-27","Pediatrics","quantile","0.9",150
"newGBQR","2026-08-15",-7,"2026-06-27","Pediatrics","quantile","0.95",158
"newGBQR","2026-08-15",-7,"2026-06-27","Pediatrics","quantile","0.975",167
"newGBQR","2026-08-15",-7,"2026-06-27","Pediatrics","quantile","0.99",192
"newGBQR","2026-08-15",-6,"2026-07-04","Pediatrics","quantile","0.01",28
"newGBQR","2026-08-15",-6,"2026-07-04","Pediatrics","quantile","0.025",46
"newGBQR","2026-08-15",-6,"2026-07-04","Pediatrics","quantile","0.05",61
"newGBQR","2026-08-15",-6,"2026-07-04","Pediatrics","quantile","0.1",79
"newGBQR","2026-08-15",-6,"2026-07-04","Pediatrics","quantile","0.15",88
"newGBQR","2026-08-15",-6,"2026-07-04","Pediatrics","quantile","0.2",93
"newGBQR","2026-08-15",-6,"2026-07-04","Pediatrics","quantile","0.25",97
"newGBQR","2026-08-15",-6,"2026-07-04","Pediatrics","quantile","0.3",101
"newGBQR","2026-08-15",-6,"2026-07-04","Pediatrics","quantile","0.35",105
"newGBQR","2026-08-15",-6,"2026-07-04","Pediatrics","quantile","0.4",111
"newGBQR","2026-08-15",-6,"2026-07-04","Pediatrics","quantile","0.45",121
"newGBQR","2026-08-15",-6,"2026-07-04","Pediatrics","quantile","0.5",125
"newGBQR","2026-08-15",-6,"2026-07-04","Pediatrics","quantile","0.55",128
"newGBQR","2026-08-15",-6,"2026-07-04","Pediatrics","quantile","0.6",133
"newGBQR","2026-08-15",-6,"2026-07-04","Pediatrics","quantile","0.65",134
"newGBQR","2026-08-15",-6,"2026-07-04","Pediatrics","quantile","0.7",135
"newGBQR","2026-08-15",-6,"2026-07-04","Pediatrics","quantile","0.75",137
"newGBQR","2026-08-15",-6,"2026-07-04","Pediatrics","quantile","0.8",142
"newGBQR","2026-08-15",-6,"2026-07-04","Pediatrics","quantile","0.85",147
"newGBQR","2026-08-15",-6,"2026-07-04","Pediatrics","quantile","0.9",149
"newGBQR","2026-08-15",-6,"2026-07-04","Pediatrics","quantile","0.95",161
"newGBQR","2026-08-15",-6,"2026-07-04","Pediatrics","quantile","0.975",170
"newGBQR","2026-08-15",-6,"2026-07-04","Pediatrics","quantile","0.99",192
"newGBQR","2026-08-15",-5,"2026-07-11","Pediatrics","quantile","0.01",28
"newGBQR","2026-08-15",-5,"2026-07-11","Pediatrics","quantile","0.025",45
"newGBQR","2026-08-15",-5,"2026-07-11","Pediatrics","quantile","0.05",59
"newGBQR","2026-08-15",-5,"2026-07-11","Pediatrics","quantile","0.1",76
"newGBQR","2026-08-15",-5,"2026-07-11","Pediatrics","quantile","0.15",86
"newGBQR","2026-08-15",-5,"2026-07-11","Pediatrics","quantile","0.2",90
"newGBQR","2026-08-15",-5,"2026-07-11","Pediatrics","quantile","0.25",93
"newGBQR","2026-08-15",-5,"2026-07-11","Pediatrics","quantile","0.3",97
"newGBQR","2026-08-15",-5,"2026-07-11","Pediatrics","quantile","0.35",103
"newGBQR","2026-08-15",-5,"2026-07-11","Pediatrics","quantile","0.4",107
"newGBQR","2026-08-15",-5,"2026-07-11","Pediatrics","quantile","0.45",115
"newGBQR","2026-08-15",-5,"2026-07-11","Pediatrics","quantile","0.5",121
"newGBQR","2026-08-15",-5,"2026-07-11","Pediatrics","quantile","0.55",121
"newGBQR","2026-08-15",-5,"2026-07-11","Pediatrics","quantile","0.6",127
"newGBQR","2026-08-15",-5,"2026-07-11","Pediatrics","quantile","0.65",130
"newGBQR","2026-08-15",-5,"2026-07-11","Pediatrics","quantile","0.7",132
"newGBQR","2026-08-15",-5,"2026-07-11","Pediatrics","quantile","0.75",134
"newGBQR","2026-08-15",-5,"2026-07-11","Pediatrics","quantile","0.8",139
"newGBQR","2026-08-15",-5,"2026-07-11","Pediatrics","quantile","0.85",145
"newGBQR","2026-08-15",-5,"2026-07-11","Pediatrics","quantile","0.9",148
"newGBQR","2026-08-15",-5,"2026-07-11","Pediatrics","quantile","0.95",161
"newGBQR","2026-08-15",-5,"2026-07-11","Pediatrics","quantile","0.975",171
"newGBQR","2026-08-15",-5,"2026-07-11","Pediatrics","quantile","0.99",192
"newGBQR","2026-08-15",-4,"2026-07-18","Pediatrics","quantile","0.01",28
"newGBQR","2026-08-15",-4,"2026-07-18","Pediatrics","quantile","0.025",43
"newGBQR","2026-08-15",-4,"2026-07-18","Pediatrics","quantile","0.05",57
"newGBQR","2026-08-15",-4,"2026-07-18","Pediatrics","quantile","0.1",76
"newGBQR","2026-08-15",-4,"2026-07-18","Pediatrics","quantile","0.15",84
"newGBQR","2026-08-15",-4,"2026-07-18","Pediatrics","quantile","0.2",91
"newGBQR","2026-08-15",-4,"2026-07-18","Pediatrics","quantile","0.25",91
"newGBQR","2026-08-15",-4,"2026-07-18","Pediatrics","quantile","0.3",97
"newGBQR","2026-08-15",-4,"2026-07-18","Pediatrics","quantile","0.35",100
"newGBQR","2026-08-15",-4,"2026-07-18","Pediatrics","quantile","0.4",105
"newGBQR","2026-08-15",-4,"2026-07-18","Pediatrics","quantile","0.45",116
"newGBQR","2026-08-15",-4,"2026-07-18","Pediatrics","quantile","0.5",122
"newGBQR","2026-08-15",-4,"2026-07-18","Pediatrics","quantile","0.55",122
"newGBQR","2026-08-15",-4,"2026-07-18","Pediatrics","quantile","0.6",126
"newGBQR","2026-08-15",-4,"2026-07-18","Pediatrics","quantile","0.65",129
"newGBQR","2026-08-15",-4,"2026-07-18","Pediatrics","quantile","0.7",129
"newGBQR","2026-08-15",-4,"2026-07-18","Pediatrics","quantile","0.75",132
"newGBQR","2026-08-15",-4,"2026-07-18","Pediatrics","quantile","0.8",138
"newGBQR","2026-08-15",-4,"2026-07-18","Pediatrics","quantile","0.85",145
"newGBQR","2026-08-15",-4,"2026-07-18","Pediatrics","quantile","0.9",148
"newGBQR","2026-08-15",-4,"2026-07-18","Pediatrics","quantile","0.95",161
"newGBQR","2026-08-15",-4,"2026-07-18","Pediatrics","quantile","0.975",171
"newGBQR","2026-08-15",-4,"2026-07-18","Pediatrics","quantile","0.99",192
"newGBQR","2026-08-15",-3,"2026-07-25","Pediatrics","quantile","0.01",28
"newGBQR","2026-08-15",-3,"2026-07-25","Pediatrics","quantile","0.025",43
"newGBQR","2026-08-15",-3,"2026-07-25","Pediatrics","quantile","0.05",58
"newGBQR","2026-08-15",-3,"2026-07-25","Pediatrics","quantile","0.1",78
"newGBQR","2026-08-15",-3,"2026-07-25","Pediatrics","quantile","0.15",87
"newGBQR","2026-08-15",-3,"2026-07-25","Pediatrics","quantile","0.2",94
"newGBQR","2026-08-15",-3,"2026-07-25","Pediatrics","quantile","0.25",95
"newGBQR","2026-08-15",-3,"2026-07-25","Pediatrics","quantile","0.3",97
"newGBQR","2026-08-15",-3,"2026-07-25","Pediatrics","quantile","0.35",102
"newGBQR","2026-08-15",-3,"2026-07-25","Pediatrics","quantile","0.4",104
"newGBQR","2026-08-15",-3,"2026-07-25","Pediatrics","quantile","0.45",113
"newGBQR","2026-08-15",-3,"2026-07-25","Pediatrics","quantile","0.5",119
"newGBQR","2026-08-15",-3,"2026-07-25","Pediatrics","quantile","0.55",121
"newGBQR","2026-08-15",-3,"2026-07-25","Pediatrics","quantile","0.6",123
"newGBQR","2026-08-15",-3,"2026-07-25","Pediatrics","quantile","0.65",127
"newGBQR","2026-08-15",-3,"2026-07-25","Pediatrics","quantile","0.7",128
"newGBQR","2026-08-15",-3,"2026-07-25","Pediatrics","quantile","0.75",132
"newGBQR","2026-08-15",-3,"2026-07-25","Pediatrics","quantile","0.8",137
"newGBQR","2026-08-15",-3,"2026-07-25","Pediatrics","quantile","0.85",146
"newGBQR","2026-08-15",-3,"2026-07-25","Pediatrics","quantile","0.9",152
"newGBQR","2026-08-15",-3,"2026-07-25","Pediatrics","quantile","0.95",163
"newGBQR","2026-08-15",-3,"2026-07-25","Pediatrics","quantile","0.975",172
"newGBQR","2026-08-15",-3,"2026-07-25","Pediatrics","quantile","0.99",193
"newGBQR","2026-08-15",-2,"2026-08-01","Pediatrics","quantile","0.01",27
"newGBQR","2026-08-15",-2,"2026-08-01","Pediatrics","quantile","0.025",43
"newGBQR","2026-08-15",-2,"2026-08-01","Pediatrics","quantile","0.05",61
"newGBQR","2026-08-15",-2,"2026-08-01","Pediatrics","quantile","0.1",80
"newGBQR","2026-08-15",-2,"2026-08-01","Pediatrics","quantile","0.15",89
"newGBQR","2026-08-15",-2,"2026-08-01","Pediatrics","quantile","0.2",94
"newGBQR","2026-08-15",-2,"2026-08-01","Pediatrics","quantile","0.25",98
"newGBQR","2026-08-15",-2,"2026-08-01","Pediatrics","quantile","0.3",101
"newGBQR","2026-08-15",-2,"2026-08-01","Pediatrics","quantile","0.35",104
"newGBQR","2026-08-15",-2,"2026-08-01","Pediatrics","quantile","0.4",107
"newGBQR","2026-08-15",-2,"2026-08-01","Pediatrics","quantile","0.45",111
"newGBQR","2026-08-15",-2,"2026-08-01","Pediatrics","quantile","0.5",116
"newGBQR","2026-08-15",-2,"2026-08-01","Pediatrics","quantile","0.55",122
"newGBQR","2026-08-15",-2,"2026-08-01","Pediatrics","quantile","0.6",124
"newGBQR","2026-08-15",-2,"2026-08-01","Pediatrics","quantile","0.65",126
"newGBQR","2026-08-15",-2,"2026-08-01","Pediatrics","quantile","0.7",130
"newGBQR","2026-08-15",-2,"2026-08-01","Pediatrics","quantile","0.75",136
"newGBQR","2026-08-15",-2,"2026-08-01","Pediatrics","quantile","0.8",139
"newGBQR","2026-08-15",-2,"2026-08-01","Pediatrics","quantile","0.85",148
"newGBQR","2026-08-15",-2,"2026-08-01","Pediatrics","quantile","0.9",152
"newGBQR","2026-08-15",-2,"2026-08-01","Pediatrics","quantile","0.95",163
"newGBQR","2026-08-15",-2,"2026-08-01","Pediatrics","quantile","0.975",171
"newGBQR","2026-08-15",-2,"2026-08-01","Pediatrics","quantile","0.99",193
"newGBQR","2026-08-15",-1,"2026-08-08","Pediatrics","quantile","0.01",27
"newGBQR","2026-08-15",-1,"2026-08-08","Pediatrics","quantile","0.025",43
"newGBQR","2026-08-15",-1,"2026-08-08","Pediatrics","quantile","0.05",61
"newGBQR","2026-08-15",-1,"2026-08-08","Pediatrics","quantile","0.1",81
"newGBQR","2026-08-15",-1,"2026-08-08","Pediatrics","quantile","0.15",89
"newGBQR","2026-08-15",-1,"2026-08-08","Pediatrics","quantile","0.2",96
"newGBQR","2026-08-15",-1,"2026-08-08","Pediatrics","quantile","0.25",106
"newGBQR","2026-08-15",-1,"2026-08-08","Pediatrics","quantile","0.3",109
"newGBQR","2026-08-15",-1,"2026-08-08","Pediatrics","quantile","0.35",111
"newGBQR","2026-08-15",-1,"2026-08-08","Pediatrics","quantile","0.4",111
"newGBQR","2026-08-15",-1,"2026-08-08","Pediatrics","quantile","0.45",113
"newGBQR","2026-08-15",-1,"2026-08-08","Pediatrics","quantile","0.5",116
"newGBQR","2026-08-15",-1,"2026-08-08","Pediatrics","quantile","0.55",121
"newGBQR","2026-08-15",-1,"2026-08-08","Pediatrics","quantile","0.6",124
"newGBQR","2026-08-15",-1,"2026-08-08","Pediatrics","quantile","0.65",129
"newGBQR","2026-08-15",-1,"2026-08-08","Pediatrics","quantile","0.7",131
"newGBQR","2026-08-15",-1,"2026-08-08","Pediatrics","quantile","0.75",137
"newGBQR","2026-08-15",-1,"2026-08-08","Pediatrics","quantile","0.8",143
"newGBQR","2026-08-15",-1,"2026-08-08","Pediatrics","quantile","0.85",149
"newGBQR","2026-08-15",-1,"2026-08-08","Pediatrics","quantile","0.9",154
"newGBQR","2026-08-15",-1,"2026-08-08","Pediatrics","quantile","0.95",165
"newGBQR","2026-08-15",-1,"2026-08-08","Pediatrics","quantile","0.975",173
"newGBQR","2026-08-15",-1,"2026-08-08","Pediatrics","quantile","0.99",199
"newGBQR","2026-08-15",0,"2026-08-15","Pediatrics","quantile","0.01",27
"newGBQR","2026-08-15",0,"2026-08-15","Pediatrics","quantile","0.025",42
"newGBQR","2026-08-15",0,"2026-08-15","Pediatrics","quantile","0.05",60
"newGBQR","2026-08-15",0,"2026-08-15","Pediatrics","quantile","0.1",80
"newGBQR","2026-08-15",0,"2026-08-15","Pediatrics","quantile","0.15",89
"newGBQR","2026-08-15",0,"2026-08-15","Pediatrics","quantile","0.2",99
"newGBQR","2026-08-15",0,"2026-08-15","Pediatrics","quantile","0.25",104
"newGBQR","2026-08-15",0,"2026-08-15","Pediatrics","quantile","0.3",106
"newGBQR","2026-08-15",0,"2026-08-15","Pediatrics","quantile","0.35",111
"newGBQR","2026-08-15",0,"2026-08-15","Pediatrics","quantile","0.4",112
"newGBQR","2026-08-15",0,"2026-08-15","Pediatrics","quantile","0.45",113
"newGBQR","2026-08-15",0,"2026-08-15","Pediatrics","quantile","0.5",120
"newGBQR","2026-08-15",0,"2026-08-15","Pediatrics","quantile","0.55",123
"newGBQR","2026-08-15",0,"2026-08-15","Pediatrics","quantile","0.6",125
"newGBQR","2026-08-15",0,"2026-08-15","Pediatrics","quantile","0.65",131
"newGBQR","2026-08-15",0,"2026-08-15","Pediatrics","quantile","0.7",140
"newGBQR","2026-08-15",0,"2026-08-15","Pediatrics","quantile","0.75",141
"newGBQR","2026-08-15",0,"2026-08-15","Pediatrics","quantile","0.8",149
"newGBQR","2026-08-15",0,"2026-08-15","Pediatrics","quantile","0.85",152
"newGBQR","2026-08-15",0,"2026-08-15","Pediatrics","quantile","0.9",156
"newGBQR","2026-08-15",0,"2026-08-15","Pediatrics","quantile","0.95",165
"newGBQR","2026-08-15",0,"2026-08-15","Pediatrics","quantile","0.975",175
"newGBQR","2026-08-15",0,"2026-08-15","Pediatrics","quantile","0.99",201
"newGBQR","2026-08-15",1,"2026-08-22","Pediatrics","quantile","0.01",27
"newGBQR","2026-08-15",1,"2026-08-22","Pediatrics","quantile","0.025",41
"newGBQR","2026-08-15",1,"2026-08-22","Pediatrics","quantile","0.05",60
"newGBQR","2026-08-15",1,"2026-08-22","Pediatrics","quantile","0.1",82
"newGBQR","2026-08-15",1,"2026-08-22","Pediatrics","quantile","0.15",91
"newGBQR","2026-08-15",1,"2026-08-22","Pediatrics","quantile","0.2",99
"newGBQR","2026-08-15",1,"2026-08-22","Pediatrics","quantile","0.25",103
"newGBQR","2026-08-15",1,"2026-08-22","Pediatrics","quantile","0.3",105
"newGBQR","2026-08-15",1,"2026-08-22","Pediatrics","quantile","0.35",112
"newGBQR","2026-08-15",1,"2026-08-22","Pediatrics","quantile","0.4",112
"newGBQR","2026-08-15",1,"2026-08-22","Pediatrics","quantile","0.45",113
"newGBQR","2026-08-15",1,"2026-08-22","Pediatrics","quantile","0.5",120
"newGBQR","2026-08-15",1,"2026-08-22","Pediatrics","quantile","0.55",121
"newGBQR","2026-08-15",1,"2026-08-22","Pediatrics","quantile","0.6",125
"newGBQR","2026-08-15",1,"2026-08-22","Pediatrics","quantile","0.65",133
"newGBQR","2026-08-15",1,"2026-08-22","Pediatrics","quantile","0.7",140
"newGBQR","2026-08-15",1,"2026-08-22","Pediatrics","quantile","0.75",142
"newGBQR","2026-08-15",1,"2026-08-22","Pediatrics","quantile","0.8",150
"newGBQR","2026-08-15",1,"2026-08-22","Pediatrics","quantile","0.85",157
"newGBQR","2026-08-15",1,"2026-08-22","Pediatrics","quantile","0.9",157
"newGBQR","2026-08-15",1,"2026-08-22","Pediatrics","quantile","0.95",165
"newGBQR","2026-08-15",1,"2026-08-22","Pediatrics","quantile","0.975",176
"newGBQR","2026-08-15",1,"2026-08-22","Pediatrics","quantile","0.99",202
"newGBQR","2026-08-15",2,"2026-08-29","Pediatrics","quantile","0.01",26
"newGBQR","2026-08-15",2,"2026-08-29","Pediatrics","quantile","0.025",40
"newGBQR","2026-08-15",2,"2026-08-29","Pediatrics","quantile","0.05",60
"newGBQR","2026-08-15",2,"2026-08-29","Pediatrics","quantile","0.1",81
"newGBQR","2026-08-15",2,"2026-08-29","Pediatrics","quantile","0.15",90
"newGBQR","2026-08-15",2,"2026-08-29","Pediatrics","quantile","0.2",98
"newGBQR","2026-08-15",2,"2026-08-29","Pediatrics","quantile","0.25",102
"newGBQR","2026-08-15",2,"2026-08-29","Pediatrics","quantile","0.3",104
"newGBQR","2026-08-15",2,"2026-08-29","Pediatrics","quantile","0.35",111
"newGBQR","2026-08-15",2,"2026-08-29","Pediatrics","quantile","0.4",112
"newGBQR","2026-08-15",2,"2026-08-29","Pediatrics","quantile","0.45",113
"newGBQR","2026-08-15",2,"2026-08-29","Pediatrics","quantile","0.5",117
"newGBQR","2026-08-15",2,"2026-08-29","Pediatrics","quantile","0.55",120
"newGBQR","2026-08-15",2,"2026-08-29","Pediatrics","quantile","0.6",125
"newGBQR","2026-08-15",2,"2026-08-29","Pediatrics","quantile","0.65",134
"newGBQR","2026-08-15",2,"2026-08-29","Pediatrics","quantile","0.7",139
"newGBQR","2026-08-15",2,"2026-08-29","Pediatrics","quantile","0.75",147
"newGBQR","2026-08-15",2,"2026-08-29","Pediatrics","quantile","0.8",154
"newGBQR","2026-08-15",2,"2026-08-29","Pediatrics","quantile","0.85",157
"newGBQR","2026-08-15",2,"2026-08-29","Pediatrics","quantile","0.9",158
"newGBQR","2026-08-15",2,"2026-08-29","Pediatrics","quantile","0.95",166
"newGBQR","2026-08-15",2,"2026-08-29","Pediatrics","quantile","0.975",176
"newGBQR","2026-08-15",2,"2026-08-29","Pediatrics","quantile","0.99",202
"newGBQR","2026-08-15",3,"2026-09-05","Pediatrics","quantile","0.01",26
"newGBQR","2026-08-15",3,"2026-09-05","Pediatrics","quantile","0.025",40
"newGBQR","2026-08-15",3,"2026-09-05","Pediatrics","quantile","0.05",59
"newGBQR","2026-08-15",3,"2026-09-05","Pediatrics","quantile","0.1",80
"newGBQR","2026-08-15",3,"2026-09-05","Pediatrics","quantile","0.15",90
"newGBQR","2026-08-15",3,"2026-09-05","Pediatrics","quantile","0.2",100
"newGBQR","2026-08-15",3,"2026-09-05","Pediatrics","quantile","0.25",103
"newGBQR","2026-08-15",3,"2026-09-05","Pediatrics","quantile","0.3",105
"newGBQR","2026-08-15",3,"2026-09-05","Pediatrics","quantile","0.35",111
"newGBQR","2026-08-15",3,"2026-09-05","Pediatrics","quantile","0.4",112
"newGBQR","2026-08-15",3,"2026-09-05","Pediatrics","quantile","0.45",112
"newGBQR","2026-08-15",3,"2026-09-05","Pediatrics","quantile","0.5",117
"newGBQR","2026-08-15",3,"2026-09-05","Pediatrics","quantile","0.55",120
"newGBQR","2026-08-15",3,"2026-09-05","Pediatrics","quantile","0.6",126
"newGBQR","2026-08-15",3,"2026-09-05","Pediatrics","quantile","0.65",135
"newGBQR","2026-08-15",3,"2026-09-05","Pediatrics","quantile","0.7",140
"newGBQR","2026-08-15",3,"2026-09-05","Pediatrics","quantile","0.75",150
"newGBQR","2026-08-15",3,"2026-09-05","Pediatrics","quantile","0.8",157
"newGBQR","2026-08-15",3,"2026-09-05","Pediatrics","quantile","0.85",161
"newGBQR","2026-08-15",3,"2026-09-05","Pediatrics","quantile","0.9",162
"newGBQR","2026-08-15",3,"2026-09-05","Pediatrics","quantile","0.95",166
"newGBQR","2026-08-15",3,"2026-09-05","Pediatrics","quantile","0.975",178
"newGBQR","2026-08-15",3,"2026-09-05","Pediatrics","quantile","0.99",204
